Date,US_EQUITY,INTL_EQUITY,US_BONDS,REAL_ESTATE,COMMODITIES
2019-01-02,99.77977024054209,100.50589698508894,99.90556555360985,100.01730605593235,99.69547783471914
2019-01-03,100.78325064514,100.9830516950754,99.85238548801962,101.8144800032018,100.16678934231311
2019-01-04,100.1541593552896,100.81887729418577,99.87436329912443,101.8484340774882,99.43059311037798
2019-01-07,98.2986383794142,100.38006119460763,99.53234169226238,101.46842378082144,100.50403004035007
2019-01-08,99.97824703826811,102.76174617382141,99.75347636419008,101.45396377554574,102.14926683797192
2019-01-09,99.24936893557329,102.29853972135312,99.89562184476799,101.01483709085744,105.25089576336875
2019-01-10,100.25825658136182,104.36743485589469,100.53320510496341,101.21544046893007,106.97335692617791
2019-01-11,100.98396202600011,104.88163028305846,100.65481450272588,102.5433753779052,107.4967794400047
2019-01-14,100.86025218132765,105.40642178178392,101.1359539279796,101.43245224325928,107.46609126853211
2019-01-15,102.61523521622632,107.39933083680633,102.10481548013746,102.53216706436581,107.49583456779594
2019-01-16,101.66871304277356,105.97024334973766,101.9472702251739,101.99713129334481,108.41600987818727
2019-01-17,101.55779735392203,104.58395436736332,101.51100706406673,101.9019292258986,107.99459448939504
2019-01-18,100.81195603304165,104.46183389476013,101.4035286271967,102.1517551702277,108.39090637546389
2019-01-21,101.01074584177596,104.7794128840978,101.24560870156023,103.58472053143653,107.32790778203277
2019-01-22,99.68098883773105,103.57446863360667,101.72571042074271,102.69635964489372,109.30960587696426
2019-01-23,98.86659991464263,102.95802821747387,102.27003909006471,101.97911021107544,109.23338027722731
2019-01-24,99.20693241630556,103.15236936614515,102.27708207777428,102.5538457595512,109.89263010053408
2019-01-25,100.69608499174771,104.2481159974089,102.54265899727326,102.59451439929921,110.80148808295903
2019-01-28,101.30768529487426,104.497458662442,102.43067411640116,102.17802609377786,110.07382204418361
2019-01-29,99.70037951045367,103.72902711254339,101.80060401262834,102.5100580829637,111.2081519896368
2019-01-30,100.47464648941897,103.13686717479493,101.35394776911227,102.375323451235,112.6201289682493
2019-01-31,101.19009928059224,103.6685083346401,101.37040870523101,103.22269907172641,112.78885411510002
2019-02-01,100.55639544906431,103.75392787516458,101.2928030481272,102.03558320588645,111.74292116562894
2019-02-04,101.96149621379857,105.19582947127262,101.3768097945692,101.7814951379588,112.33114134102738
2019-02-05,100.9463114394799,105.4960858723439,101.1452213717346,102.0803738457865,113.00594119385288
2019-02-06,99.43064755259986,104.22961694844759,101.64145062064055,102.78198595310629,115.3046219928893
2019-02-07,100.1046029216538,105.68059078091763,102.33657741538822,103.70804895490618,114.89384865903551
2019-02-08,98.58696602182661,104.4215555355063,101.83240847072032,102.73586527628666,113.94364250644134
2019-02-11,97.08966940367179,103.35554662799342,101.57530832468382,102.23766145093708,113.81614649965609
2019-02-12,99.08050515371934,105.0443454226637,101.59757472809805,102.75164777083006,113.24374944632198
2019-02-13,99.5946399629876,105.98873285105508,101.53820097628359,102.71921781273863,114.26577644524158
2019-02-14,99.88032576149983,105.85534534737204,101.20375984215839,101.87755393531658,116.42491348397219
2019-02-15,100.73801211981417,106.71231152328733,101.39219199827905,103.99491055121675,116.62461720877666
2019-02-18,100.87128677769984,106.29471986974825,101.56507379822177,104.90422438153486,119.36303511339173
2019-02-19,101.64563520583197,107.68917094626651,101.22415902297908,105.03475600779035,119.44877368328099
2019-02-20,103.40912205501832,109.78653730759673,101.27431258557668,105.37773363082366,118.72062215453647
2019-02-21,103.67936621088505,109.80837120598032,101.32748101581817,106.23782788119391,119.68173668210878
2019-02-22,104.31648941878863,109.84505950113864,101.06358624814196,106.83981907263968,118.0633606239233
2019-02-25,106.22315757641428,111.23293246228305,101.42588745345465,108.59646925490023,117.78829040229206
2019-02-26,105.78027842065603,110.26607930757547,101.9615633720295,109.00742137599701,115.97498559674584
2019-02-27,107.90754612009256,111.42112299185047,102.72697726762449,110.00439481014392,115.76998301450448
2019-02-28,105.99396011400543,110.16356197739769,102.12014046779538,107.45706806845669,116.35389161977815
2019-03-01,105.38193507701197,112.0291030055305,102.36845757855168,106.57363849419801,115.4259437867043
2019-03-04,104.91346885693046,112.18068791454867,101.88232832736337,106.8450128158213,115.72459572539269
2019-03-05,104.72991715227758,112.81633946421799,101.84162420694345,105.42110778961312,117.33164070048349
2019-03-06,103.51636335622818,112.66114705457476,101.5804872102902,104.84551501982308,118.39554607720298
2019-03-07,103.32913646430315,111.7473045943194,102.34162481938955,104.83612602758738,119.22667814887124
2019-03-08,105.02424678862654,113.83545407870541,101.91899187578008,105.74133107781253,119.19983562730604
2019-03-11,105.81170646820426,114.74838959612082,101.83582843840017,106.01203890504154,118.61143086542003
2019-03-12,104.03050469164769,115.05567364346486,101.00138010470008,103.74913549377271,118.02228671948565
2019-03-13,107.3776667897694,117.83490486374217,100.94660039585163,106.84990989128897,121.18762072295459
2019-03-14,108.86947816934298,119.36659208053956,100.99990748268198,107.63975883660315,120.41979489047205
2019-03-15,109.27893749830054,119.37088504870152,100.57864845432204,108.1672771921873,119.28972316509015
2019-03-18,108.18848057992976,118.17568981892126,100.6369535080761,109.0613940140897,119.65479700403903
2019-03-19,108.49234989614042,116.21685065680103,100.41239425298998,110.21782166812774,121.29749142770685
2019-03-20,107.58958053463343,117.04426010559268,100.2393672947703,107.47322967745716,120.50278534558525
2019-03-21,107.09197333662847,116.65396900259294,100.73102664422524,107.13243449421238,121.913189717168
2019-03-22,106.76375804853726,115.54630647745299,100.63591979556803,108.40003700954138,121.47865048887769
2019-03-25,109.81354541061437,117.49448843076958,100.97647029477228,110.25212359916605,120.7344219480152
2019-03-26,109.70682302346229,117.69951136616253,101.0028751632119,110.04141874524827,120.39749083641966
2019-03-27,108.09167107955643,116.45310805955987,100.64852763188519,109.2645169726038,118.48162502594109
2019-03-28,106.4681424170474,114.98330273459717,100.09105158314068,108.51629629303794,116.5890861945154
2019-03-29,106.75174630546482,115.77697979395643,100.012585085283,108.35451545559928,115.56989913535374
2019-04-01,105.78798982985238,115.31011337614348,100.46302162969418,108.15356234918943,117.56060290801793
2019-04-02,106.90258547941242,115.67164331888999,100.36510937562188,110.11122574829952,117.24935014022392
2019-04-03,106.86355610037769,115.85322019670672,101.0557057356668,108.94880652163876,117.21072393454435
2019-04-04,107.01561441285581,116.70266905632008,100.5818913832272,108.21048156619713,117.8431420295008
2019-04-05,109.04488051862951,118.77033289201788,101.13191618830338,107.90331344033721,117.15160406028025
2019-04-08,109.1833005269553,117.63369087670424,100.92562776253556,109.56079133742209,116.03146201170718
2019-04-09,111.21907235775497,118.14551820261605,100.66122249066703,111.5755040858635,116.90915037291411
2019-04-10,111.97020240185674,118.81727278575063,100.88095889551502,112.408326008158,118.20974325021622
2019-04-11,111.63864503665191,118.34157848717464,100.81786066820084,112.14780554034817,118.39864415593296
2019-04-12,111.87579311953333,118.33107805100992,100.09039565795996,112.5699073845246,115.54959015217845
2019-04-15,110.90263197189871,117.63982198590215,100.28219243031886,110.75208262348369,117.96741917486582
2019-04-16,110.17187520349292,117.46295880094313,100.65320814646203,110.55698052837461,120.38754644499198
2019-04-17,107.34633637896991,115.77719514601183,100.48989810518745,108.76591373679902,118.39206489618181
2019-04-18,106.78795004964796,115.6847669707945,101.07815903733275,109.12487570100022,120.0154466257621
2019-04-19,106.23503103481002,115.13221832479701,100.83886415377594,108.04405438949054,117.82824472705906
2019-04-22,105.89003243138366,116.58226338491362,101.30806162650379,107.44134077161986,118.69682155649122
2019-04-23,105.67730206707104,116.82620931638903,101.20890305962004,108.86847699879387,118.43172078380223
2019-04-24,106.0069797336656,116.77093743195105,101.1687419003739,108.24953777112538,117.86069438208733
2019-04-25,107.15838970641427,117.28037906946128,100.59051464388527,109.66151044195085,120.01749346188335
2019-04-26,106.03881309144501,115.33356494030637,100.3876766176782,110.15366061017173,118.0175655113048
2019-04-29,108.72961010610365,117.49017269320703,100.0517378647815,110.56806169110287,115.67470481940695
2019-04-30,108.22207532647849,116.63004383956317,99.53320627388375,109.90099791623737,117.82697540427236
2019-05-01,106.91072604458857,116.36510605291454,99.27757869093183,108.50504183163186,116.68494960716306
2019-05-02,106.53384799333976,116.85338583982352,98.94057356139501,107.93171579849472,117.54387261237922
2019-05-03,107.46377911437482,118.23231346633003,99.23698044253378,109.84559206280109,118.492030796835
2019-05-06,107.81524767158193,118.12426044439077,99.96272325850703,111.00589973732846,120.18285062982032
2019-05-07,108.53993501201246,119.5579099886082,100.32626804836846,111.48208417693849,120.30068463143293
2019-05-08,108.55544097268415,120.37932174993804,100.392450313512,111.84584513252922,119.61447411797144
2019-05-09,108.68099707536373,121.45983069176403,99.71163306625357,111.18877364586805,118.45370974200382
2019-05-10,107.40867497755553,121.31076630184268,100.0732724901859,109.11442796517292,119.57991544587358
2019-05-13,108.1486930056825,123.45042771233162,100.50619885228733,109.5997877765218,122.33690656006443
2019-05-14,108.59206460118757,123.94843890456625,100.86397428761167,110.74034074963997,123.90462142957578
2019-05-15,109.63552596865138,125.28203723730431,100.69289443812839,109.30147244515564,126.70051291257003
2019-05-16,109.52897390705074,124.77493285560735,101.39779982812121,109.20491940837995,126.50377721362689
2019-05-17,109.48630070322596,126.35951095943499,101.95313496858245,109.15308695562462,129.7025047150481
2019-05-20,108.03146349816379,125.84845097176935,102.4448373536718,107.42476015731816,130.54755409841366
2019-05-21,111.48717334195555,130.17172587399727,102.21363956769456,108.1136117833849,132.43935415881506
2019-05-22,111.68534172624913,130.0341986082968,102.47095786281226,107.04994314769345,135.10654163863842
2019-05-23,111.40942848509943,131.56369264304374,102.54151665652248,105.74707015781237,137.04803453358733
2019-05-24,111.31931803181246,132.45278027775709,102.53498080840376,104.89092287287689,137.43651826543558
2019-05-27,110.3622093814785,132.06380970032004,102.3924443417907,104.30251834801079,133.478296339106
2019-05-28,110.40045471694006,132.84340242491567,102.81774746300505,104.78256354617457,135.11462192059673
2019-05-29,110.30344307715853,133.5460825323022,102.53071598953454,104.92630841151404,134.8725517885302
2019-05-30,110.35675755971768,133.53970669849588,102.06635368319779,105.32173499117717,135.927719309311
2019-05-31,109.52138909855047,133.45275775227498,101.33668006192977,104.87355092794246,138.050339644915
2019-06-03,109.32149518902474,133.7056809665358,101.22655535413752,104.82531002877596,137.77052284624864
2019-06-04,110.20838561987848,135.3322169753195,100.87480063873899,104.99236827318437,139.20387433023382
2019-06-05,109.88870066740601,135.3287564406244,101.10146105554934,104.830088489796,138.77979322411122
2019-06-06,112.06992728531182,137.5605343359602,101.39748790502719,106.00240821794897,139.5882120876993
2019-06-07,112.99328298328038,137.7480157084427,101.53547470685768,106.84402394816243,140.5405455563883
2019-06-10,115.51094671594132,138.9608321649855,101.70792976361282,108.60051911623245,140.99368606262445
2019-06-11,116.69190836715715,142.56168878878327,102.22681310426695,110.05104941339758,140.92559789793995
2019-06-12,118.31924426146159,144.0902040170347,102.16704242418442,110.11445384163426,144.55277445953976
2019-06-13,118.94764815025967,143.55219780684172,102.04015270153084,111.51462263235533,141.3124170462517
2019-06-14,120.40939709240048,144.55159163938302,102.2197206790473,112.58447870713957,143.5746641235681
2019-06-17,119.2853401883724,142.5270407786382,102.30314920553643,111.68525106671818,143.90174574097912
2019-06-18,118.29630574870124,141.45116686785227,101.76596397485338,110.75480442838158,142.34830302137408
2019-06-19,120.5247103349987,144.16253908223968,101.258697660495,111.82055881461723,143.0478268121048
2019-06-20,119.67473600097527,145.81555649181524,101.38741554118378,111.78949744065419,144.43607111758416
2019-06-21,118.76860513687471,145.18414015649114,101.56894497134645,110.70308391730141,143.05968159229968
2019-06-24,122.46415921855862,148.39998156607948,102.47368546084978,112.71558014195506,145.83076223137007
2019-06-25,121.63055258313922,146.5009555142201,102.08028305208789,112.156947420294,144.24790178752366
2019-06-26,122.33558161705105,145.67022341503704,102.09762625361343,114.06342045753985,142.58012279097693
2019-06-27,123.27155336018056,145.75875694041676,101.54351500402667,113.73450858292213,140.36534325342208
2019-06-28,123.94037003786853,145.11419000126776,100.92709297610595,114.42370887392208,140.82244786916263
2019-07-01,124.54583540635507,147.60279652593877,101.5429537022938,114.7570447621328,141.19235791613045
2019-07-02,124.550119910728,147.23067636277221,101.29331189238006,113.83908973188888,140.08008005858926
2019-07-03,122.79441289719321,145.80782874438302,100.91625084319078,112.3254231189071,140.6429159643405
2019-07-04,122.0086657645413,145.71492242360935,100.69223885739731,111.11883510461604,139.76474283655867
2019-07-05,121.24535762036275,143.88308768940283,101.35403263122447,109.76549325504241,139.971364642968
2019-07-08,119.61654293116435,140.49780263739405,100.96939032677031,108.41865926462827,138.06927161323011
2019-07-09,120.49932625391801,142.00080608642185,100.54059515474935,109.70809615284706,138.7516697661567
2019-07-10,122.36339679156853,145.0322337239698,100.76112691760343,110.02607156938089,139.15876879184418
2019-07-11,121.21586491617956,143.94929948134026,100.66855343043268,110.29281094870396,139.03970010668684
2019-07-12,122.6271555516808,146.36431690755438,100.68538010098067,111.18673509355783,138.2416144719674
2019-07-15,122.53271493409173,148.71287383445605,100.62057103631167,110.23487993624626,137.58005145438102
2019-07-16,120.35142569940736,145.3172173565407,101.04513434005493,108.38939374486662,133.8716091371815
2019-07-17,120.9384279479939,144.3724235889522,101.3217980883,109.44578368948366,134.48771186329043
2019-07-18,122.93130521449389,144.67161595253623,101.56572517446645,111.2469073185115,131.8804449706147
2019-07-19,125.9050107017242,147.94804699512682,101.98896721826343,112.29350109918883,132.76077975471986
2019-07-22,125.35742360504787,147.53444561431053,102.03519811517934,112.94479068895491,135.54601614674118
2019-07-23,126.16579089004416,149.6199124312044,102.06545529946492,110.99208310189701,136.96718829267218
2019-07-24,124.88874695213967,149.79458183154892,101.72035748099273,110.8990649756785,132.9789372078701
2019-07-25,125.3680809708255,151.95219531917036,102.18851646621081,112.15403224014197,134.74272737037813
2019-07-26,127.25131646567036,154.65303335635247,102.34968305098555,113.1392493048355,135.67398837381288
2019-07-29,127.51399951394605,156.40400200336887,103.11880057412475,111.8764164422329,137.29957777785836
2019-07-30,125.58230309437907,153.75820034281756,103.50700394654024,111.42897373900568,133.40839549988218
2019-07-31,125.63570236754987,154.07537667333096,103.34346908309485,111.22871375764109,133.6282605943474
2019-08-01,126.22791378190416,153.11780326212832,103.15283844352517,110.41216857169714,135.46263333001212
2019-08-02,126.42114525274832,153.66968500226142,103.20758767963846,111.500360613997,134.77265245745215
2019-08-05,126.10228313217513,151.8886734711906,102.70922316351987,110.76102826441638,133.61288494097147
2019-08-06,125.18280622186305,151.0590639489948,102.6744608915671,112.49179243414798,134.09624069549955
2019-08-07,126.78078223794896,151.4171798995381,102.0016938691436,113.20984369927167,133.5858480782011
2019-08-08,125.8477270955186,150.57005551882398,101.53007119049752,112.06682098028344,133.49673071381986
2019-08-09,127.8052616762857,154.91735917382312,101.9461664310734,112.18072238625587,136.09827796571957
2019-08-12,127.42015729848497,156.16989829493258,101.72242562853715,112.30652390202822,133.45374727918255
2019-08-13,127.75848735592766,156.93059797927728,101.18263696133418,113.48363339264567,136.08465266503717
2019-08-14,127.02273577351014,155.46135440269236,101.35842639940745,113.31806550633854,135.5880911402074
2019-08-15,127.82498821074499,155.65888997870618,101.45441873044709,113.66936129939884,133.6664899113298
2019-08-16,129.60623587349355,158.0919732584001,101.08561400519933,114.41642052885118,135.2965702253905
2019-08-19,126.69131078289506,157.2797716571291,100.94664580914852,112.69976696551618,133.81820555321931
2019-08-20,126.29967693522113,157.151969866826,101.25607244728138,112.9354620691227,134.95092498895872
2019-08-21,128.45106740499375,156.64575777131208,100.74848645656706,113.78061568950602,135.64134817661892
2019-08-22,128.30457860645524,156.718126151293,100.76711712832748,115.05525367912487,137.22846439071745
2019-08-23,127.47930845821935,157.3258584565759,100.04676830724523,114.38348834329466,138.9376840613736
2019-08-26,129.00139640916285,159.45371703758204,99.57654690068418,115.59837280109993,140.9518340096991
2019-08-27,129.99928747112267,160.34163170676868,99.29731819243705,116.55913301432088,140.09303502154748
2019-08-28,128.52196488386795,160.19826310712983,99.84950137427893,115.16244972264718,140.53770943142675
2019-08-29,129.10778895465128,160.6923633816462,99.48596742540256,114.49685570720105,138.65645628585372
2019-08-30,130.36676924489433,162.04798257241447,99.4642044270507,115.60281299999411,134.9149018815409
2019-09-02,129.67336897138202,163.3914399706085,99.44617160020445,115.4555683673934,132.85928567847466
2019-09-03,130.1488061883385,162.1885561026894,99.74868869466458,116.57693286765272,132.5247415257792
2019-09-04,132.7123278273599,162.45727096836623,99.90957483317634,119.16694652035264,131.97532224531363
2019-09-05,133.19957502141168,164.14656047701052,100.01587555676166,118.33066196668808,129.36592591090948
2019-09-06,132.0130236571911,162.556126422231,100.03645996550061,118.17653279175757,129.3276506023997
2019-09-09,132.04708003068393,161.87636014583796,99.65473939936102,118.04407669693089,131.16116743178338
2019-09-10,132.5544879953742,163.62846364675048,99.24090617531982,117.28696542624755,130.58170247271403
2019-09-11,132.46953084280392,161.5902104680682,99.39341977301484,118.61107660771579,126.05608523936067
2019-09-12,132.127140260635,160.61899628972247,99.92510971729737,120.28785759594113,125.58481314801513
2019-09-13,132.62403796246087,161.66723052853285,100.06488625417305,120.76609285682254,123.64210083326694
2019-09-16,131.46435274518075,160.5008157791324,99.25643146612087,121.00267816207611,122.97465765234014
2019-09-17,130.78493637143887,159.32234027514224,99.53388944296626,120.52673197833074,121.27801195633035
2019-09-18,131.52168152243138,159.4821292650701,98.98866640933782,120.43080448186512,122.70240340696192
2019-09-19,130.1291610196527,157.73260186451938,98.72867470220615,118.26895584078343,122.79077895309891
2019-09-20,132.34562449210316,158.4265144333623,98.63648472846168,119.77377416517957,124.29244953824093
2019-09-23,132.24366407706927,158.6640580611398,98.529422580635,118.8769954542931,123.08082227113746
2019-09-24,132.75258129870713,159.22737466224618,98.39915892845913,119.32101719780248,124.21798473933248
2019-09-25,134.37626095490154,160.02541216398382,98.78903097651963,119.63653408765771,123.02689140905262
2019-09-26,134.9180548539349,160.92329360708283,98.4684822948995,118.45725890749348,119.62612884319317
2019-09-27,132.58880528734176,160.99022655022785,98.5337699360412,115.72729257671514,116.1501288279564
2019-09-30,132.17946291707142,160.07256740587513,98.6401180361365,115.07759735698745,114.6238525789461
2019-10-01,132.6484763324046,162.5974200486991,98.15293673702662,113.07730023279983,113.67732766327624
2019-10-02,131.32297884265412,161.6426005112488,97.68985369773073,111.64524379148652,113.38390438685289
2019-10-03,132.10673568292722,161.95247556419935,98.1699625321192,111.96694333677566,116.094875342892
2019-10-04,132.8090292177746,162.84267737068058,98.3827973090798,112.15339296424239,114.85778324635491
2019-10-07,131.22451564274184,161.24333566742249,98.33438813216189,111.30027247040827,114.52769378395935
2019-10-08,132.99953813737864,163.58613875549815,98.0557561127006,111.54221984254251,113.98676345852327
2019-10-09,133.62812445545646,162.8681273324313,97.96955148021141,110.52804196823544,113.325931776959
2019-10-10,131.55048145575552,161.32151382832433,97.9513364783714,108.98528644149323,110.88053186649663
2019-10-11,130.67154467822547,162.22295307045823,98.02399547697495,109.1290179633219,110.7823217344444
2019-10-14,133.29519426795966,167.00771703110104,98.21998186071352,110.08991402409643,112.03988871935229
2019-10-15,131.44681606182363,167.77871630510043,97.55974422226028,108.67127213510463,113.85437881995813
2019-10-16,133.5160729707367,171.240104559649,97.04772166871291,108.40124256129621,112.7437834971812
2019-10-17,133.3720511443642,170.27244308759714,97.62546625583936,107.96149376988905,112.92914334699677
2019-10-18,133.310118513534,170.7232415017498,97.4547810663729,106.92927341627838,112.76843743782969
2019-10-21,131.63657758555075,168.60683684434704,97.47470716271054,108.37115455851038,111.98564832893763
2019-10-22,130.07065846473037,167.8639280297839,96.91317319919625,107.28002700033753,111.88762197100507
2019-10-23,130.7114879381015,168.75302453200572,96.63873088657256,108.63957209570498,108.68306207705632
2019-10-24,131.3349986966906,171.0455783662915,97.02651410725646,108.36813728311645,107.8346634628821
2019-10-25,129.20012579481747,171.0422864800389,96.82133542063556,107.24810371878293,107.7744265751291
2019-10-28,132.65459259583082,175.625729112799,97.66301942361032,107.94464874224848,108.53315893883972
2019-10-29,131.2866582017476,171.72348869447305,97.22897154581828,107.71666279885864,109.0436087249283
2019-10-30,132.77669334202983,174.3701081698761,96.31368526679744,106.75330361667359,110.12918381335648
2019-10-31,134.1965848138958,176.2733924367285,96.52241567862858,107.19161069300934,111.31330078357892
2019-11-01,134.64963292317015,179.49036829990658,96.22741292430604,105.6341916233863,110.32578188291772
2019-11-04,134.22104761335848,180.50441197006074,96.5429986481355,104.92290202039018,110.0441595786408
2019-11-05,134.81627429105967,176.7632101068842,95.84673788715716,105.99624999077615,110.49732730136077
2019-11-06,135.86179573147317,177.1650286013339,95.67364984339778,106.60989142875306,107.17845557651057
2019-11-07,136.75993732898687,178.2570227419632,95.5283244595072,106.34361047761016,107.91488181818742
2019-11-08,136.3939796223266,178.69875069563642,95.62715970484204,106.7198127214759,109.69260985286698
2019-11-11,135.48348729170965,176.55061719968728,95.52137702891412,106.48362893915161,108.46369504770739
2019-11-12,135.2602108264171,176.25141961713814,96.13843480075982,107.37672186595937,108.81627516357197
2019-11-13,134.527654045191,176.44968027603556,96.27383995549256,107.05466289121748,109.75234998098549
2019-11-14,134.833529417653,180.23749959558856,96.24153899827164,107.43568005080955,108.93940278680535
2019-11-15,137.94871879991683,182.70037991982824,95.93517574287594,109.53573592902922,110.38572864959914
2019-11-18,140.00691421194716,184.97318416051417,96.35481889849144,110.36746122319776,108.73312131754709
2019-11-19,137.57645211378312,181.15361701331204,96.27444004927399,108.95520669377392,105.44508673285115
2019-11-20,137.50650298915008,181.9247022996492,96.43645987755252,109.55027195531792,107.11898049185626
2019-11-21,138.3261146287701,184.289320753574,96.30580560368783,108.94970332214908,104.396714167152
2019-11-22,137.71634680521225,185.22388011251172,95.7143350093548,108.60067799430917,102.9584972142251
2019-11-25,138.7806542688827,187.77644260319207,95.755086925438,109.50854363555327,102.96849768953027
2019-11-26,138.69994526044943,188.96812252087648,95.10942962483144,109.17262734931231,102.46652390334657
2019-11-27,140.56834988708275,194.67640181949596,95.25792576380063,108.17368580743072,101.62850417007996
2019-11-28,140.7216190228783,194.92650104287196,95.29794682732206,108.3322930972622,102.82381464025472
2019-11-29,142.8986555936913,199.62867073362727,95.61248032615835,108.87362636976854,104.36863431988522
2019-12-02,142.92746806037508,199.08282080624792,95.86546643294426,107.87112608603384,102.96046135678938
2019-12-03,142.01629061383613,198.10416590467057,96.02977396960486,107.15445289184562,100.63084864893179
2019-12-04,143.69931415168617,201.88941872446762,95.5686898174428,107.7353130651399,101.39417335338415
2019-12-05,145.64566047478172,202.32344807691825,95.56931031763244,108.8621709908997,101.96576971728284
2019-12-06,145.53600223711152,201.7603908507099,95.86639662249686,109.32635605820427,103.00216127052335
2019-12-09,142.32222596496302,200.40260164665375,95.2294967810876,107.23874167096487,102.01680167753099
2019-12-10,144.03187086169032,204.24926916211365,95.6876143587539,108.5611725918024,101.29460467890254
2019-12-11,141.8726794834805,202.34276985943916,95.70102210148418,107.26905858783233,100.92505176719403
2019-12-12,142.4870920663172,200.08867095984985,96.01967833047776,107.68817890315547,99.08479501981951
2019-12-13,140.97574881886834,197.72251093017684,95.84052535427519,107.05851553714665,100.38727863288388
2019-12-16,140.16508255663314,195.97432956862605,95.86920676680293,105.3917280832585,100.30980962052946
2019-12-17,140.5697041196329,195.27232473406997,94.94178687391404,106.27916536001334,99.08900830605208
2019-12-18,141.31888574475016,197.10356579755774,95.42291928790722,105.7528757831314,100.13831715628166
2019-12-19,141.55522492996306,195.5022679352398,95.14546137858133,107.88368151015153,101.55960959631665
2019-12-20,141.71112112676866,195.81507052675497,94.86748079048346,107.03987988161272,101.02794973740465
2019-12-23,142.98386670033685,197.2606897950752,95.14736972273997,108.41865377325874,101.36499731422579
2019-12-24,145.12059230083852,199.7172561417347,94.93804431190183,107.76315670351589,98.39804703401659
2019-12-25,146.5310539321584,199.03143498204574,94.96367812568796,108.38784150755956,97.6420695423155
2019-12-26,147.64513626953448,198.94584369653086,95.50539293351599,108.99597738780977,98.5768714976446
2019-12-27,147.90737405250792,197.47073923318305,94.92489421646304,110.18444951458225,97.04379450860962
2019-12-30,148.87870953593062,197.39509099252962,95.63015845260487,112.40021966776936,99.20779892493941
2019-12-31,149.08451402727766,196.62162809837739,95.48590361946594,113.08883983105822,96.87252427360448
2020-01-01,149.08693487015967,197.05368875045352,96.05246324475617,112.51767491100199,96.66947915464688
2020-01-02,151.7547838261231,201.42634344297687,96.49708852489776,112.74933919178282,97.5770683610856
2020-01-03,152.53142271601016,203.39820311926488,96.15125624235229,111.22639971862975,96.97288375191913
2020-01-06,150.88468668127783,205.4130134689641,96.19425138650925,108.76437802841421,96.61673477512373
2020-01-07,148.2299639382274,202.81302332672516,96.68116623781431,108.30321803302016,95.26245315023264
2020-01-08,144.9094060557748,200.19012531013135,96.96334384613223,107.33657985170983,94.08765308930933
2020-01-09,141.95922458847463,194.06882441501472,96.29783797667145,106.76854109374287,91.6057648918294
2020-01-10,139.7152442101627,190.69831924450378,96.49948022482906,105.63407633718596,92.08063778887654
2020-01-13,138.64139040670324,191.55687196759635,96.57649572096085,105.05929372561526,91.48752038725793
2020-01-14,138.46556442601013,193.65066229459623,96.04889419990897,104.56555582524531,93.41196709635568
2020-01-15,139.9047127996083,194.54881486528538,96.93407640807867,105.26812775854204,95.958684055653
2020-01-16,141.72418373373378,196.18960277797157,97.03066816565034,106.98668706900722,97.57875888054555
2020-01-17,138.4537724735006,194.4279296174283,97.09343345728401,105.24547799528332,96.93560233893194
2020-01-20,137.5495809945217,193.59688759601076,97.2590772030435,104.04928888677264,98.34050250504492
2020-01-21,138.00383165027225,195.58442509193387,97.36682316968043,105.3525583845603,98.00480827942165
2020-01-22,136.7621037817801,196.64692077266915,97.61386849305738,103.34385920054572,98.56458114443097
2020-01-23,133.67557633712372,189.88298043507947,98.01918978148132,104.6578251230236,99.66827916980456
2020-01-24,132.10284559057857,188.63186402316384,98.20773815524906,104.33997564867008,97.7464145805209
2020-01-27,132.81439521590238,185.02767484477076,99.02254903391541,106.78529044761002,100.73298888386837
2020-01-28,135.7195426268119,185.58530274335715,98.96525621010704,108.48280732842122,99.5923362961652
2020-01-29,136.12050430983183,190.6164651451183,99.2516798342889,107.70090782438406,100.78098645310796
2020-01-30,138.38122415680664,191.57310134841708,99.67918341857288,107.75085115548866,101.67865147524063
2020-01-31,138.8268594697856,193.4358794253873,100.01415517125471,107.23332994676721,100.4187064238472
2020-02-03,140.35510846800213,196.81654427694212,100.74231108695886,106.7656477743431,101.68740228657971
2020-02-04,140.76472126025558,200.06774850963797,100.44704620895857,106.80051260024311,102.03598192007817
2020-02-05,139.74750408917004,198.79734317348124,100.57081020434086,106.60776993272249,98.37483555510607
2020-02-06,140.86504537590537,199.62796303946217,100.80051640966595,107.03918138059556,97.69987800999002
2020-02-07,140.91374536485944,202.65410275421436,100.35818610280683,106.09356218564645,98.7095224312735
2020-02-10,140.8482086904742,202.080398905428,99.84158833689045,106.20755341214978,99.89803686071537
2020-02-11,142.57201639073236,201.39176038784785,100.1440637255651,106.89817840598224,101.46290909703485
2020-02-12,144.25889126052942,204.22400562991737,99.74144479436778,105.65311557463126,100.25575326174312
2020-02-13,149.43348286811795,210.82357896029498,100.14467590224004,109.08736566001265,98.98573507509519
2020-02-14,149.25442651530372,213.32937206226666,100.38482375085844,108.09191435660847,99.15034177538824
2020-02-17,150.77460774077522,212.7182044080205,99.85905990564004,107.65060439009588,97.7552482583234
2020-02-18,149.83507293605646,211.52487921984968,99.40823913718665,106.10330688456315,99.87078740372996
2020-02-19,148.67470488121853,211.78837106651224,99.1868535537204,105.0254920076644,99.70457622439581
2020-02-20,149.59832997937085,213.11937190563856,98.95083619733404,106.0972700996172,99.14254555005795
2020-02-21,150.79293101226995,210.01430613793968,99.02981712460715,106.212121986228,99.02527060231718
2020-02-24,150.11596744258816,211.47520387855013,98.74252916862665,105.76364535098091,99.33059368947954
2020-02-25,150.45167609919926,211.41269505517855,98.78074713357488,106.72313345521773,100.00176589398522
2020-02-26,154.26432495822692,213.8406150544582,99.01339087059048,107.5969793744366,98.9732234526023
2020-02-27,153.42536037176995,208.61794417200903,98.2001418859849,106.79481929759864,98.29121582220029
2020-02-28,153.17892908358078,206.65592913967114,98.44982769763196,106.3379526414904,95.67254903556363
2020-03-02,153.88591726929434,209.76469612145277,98.3293274254226,106.21610898147699,95.74400809751292
2020-03-03,153.69830116434866,210.24388161270616,99.2345463420628,106.93745882480977,95.58964581955523
2020-03-04,152.29170685575028,208.82912476315317,99.30980132346879,105.9701677779737,94.09804445115932
2020-03-05,152.38946451644662,204.6332554811212,98.37668562951833,105.74341298286805,95.680956481951
2020-03-06,151.7559735697487,202.50681948815208,97.70089242022506,104.84715073817665,94.7055304798275
2020-03-09,152.09572802627983,203.77834914934337,97.72671504544077,104.77212041782597,93.05263975077162
2020-03-10,153.8788736576517,206.67867269474775,97.17378258489087,104.25789183386563,91.82820015504991
2020-03-11,152.26006663436686,208.20512545762156,96.67533775814078,101.74968535496474,91.78596067141567
2020-03-12,153.13589180109958,212.09831206684183,97.29759230460763,101.34637002670385,90.53059001764213
2020-03-13,153.43583481459115,213.25650508367517,97.30847394069878,101.84313223861881,88.84373958490657
2020-03-16,152.13022196083932,211.4242785786732,97.11522720935358,101.18643761212101,87.17279215681847
2020-03-17,153.48479282715454,214.93455680046435,97.05013443747679,101.92558268548544,85.59879451185476
2020-03-18,152.38564305557324,214.43553169697745,97.03098962627482,101.57674270622104,84.56367720498315
2020-03-19,154.2358325750493,216.35284792623267,97.45129366107452,103.27658232433325,86.74662543444384
2020-03-20,153.95667776749485,213.1325613422836,97.37448871756351,102.14471614613998,85.43312772783413
2020-03-23,154.5850455499091,214.52400056309165,97.51022655724317,102.93956937190596,84.88504061898539
2020-03-24,153.6014716928423,213.69130047994932,97.45433269144729,102.88306997531515,86.94330869935102
2020-03-25,155.9923689333027,217.15644471461943,97.21180561443485,103.87835692373804,88.31375413550386
2020-03-26,155.0068051025461,214.4775441338854,96.81372433191623,103.01710715902941,89.2337099549462
2020-03-27,156.22893804675914,217.12221919166151,96.94663708445181,103.13747696140025,88.48885545481087
2020-03-30,152.66217642937627,214.6115697286029,96.58471407202357,101.97350378664811,90.18567851719345
2020-03-31,153.16483796296717,215.927118226799,96.83732931398758,102.88999851586568,91.55226214847792
2020-04-01,153.12998313997323,213.50334475437012,96.80404283410194,102.38253533710473,92.09602654460701
2020-04-02,154.14994553540262,215.71407546294682,97.16225559992736,101.92032030179983,92.65543090077645
2020-04-03,155.32365189001695,216.34285383331212,97.39653538447644,103.44320489023808,93.29021877450239
2020-04-06,157.55821051020655,217.50721443111775,97.19043956579705,103.17502176772176,94.93001581590191
2020-04-07,158.45811829277324,218.08505086969686,97.27965993640588,103.19714119579812,95.9030775941429
2020-04-08,155.94091215826148,212.13727634321677,97.29479162837947,103.12877638867543,94.256064316752
2020-04-09,157.85683372456015,215.5419152497708,96.69315809839435,104.08929944279745,95.34153355306898
2020-04-10,156.11132731142456,214.05464830846586,96.55739158939134,103.2736310972578,95.24857021957966
2020-04-13,154.8448949915192,213.10644444015603,96.57479824840493,102.1602953937861,96.45154830336932
2020-04-14,155.0453016071367,214.33673282504407,97.05791928771349,101.64883770596632,97.3878508297489
2020-04-15,157.51587189985239,217.08961049970554,97.46911372187968,103.11471595706985,96.33676076634158
2020-04-16,158.3911030712063,220.58814139877433,97.57399010675447,102.93951789918458,99.30672445925406
2020-04-17,159.04737202202213,224.21611384690374,97.0376072010801,101.49634773062068,99.78912493606794
2020-04-20,158.86114796680738,227.56406500167762,96.86051055143861,101.26655204927148,100.80259876911872
2020-04-21,158.78047078349638,228.09108521142485,96.66302357464438,102.02255641437851,100.09947097133232
2020-04-22,160.7553541906215,232.46886812253646,96.43671322496229,100.72993733859981,100.4560212607714
2020-04-23,162.71200912478685,233.09057267135805,96.88403619559337,101.93655473652274,100.50228011037629
2020-04-24,163.54710960303765,232.3226098111773,97.39682535636462,102.91713632170445,98.9174308452717
2020-04-27,163.09266757875469,233.26841113271263,97.68054563075171,102.11935658362057,98.79956904950804
2020-04-28,165.70575995108373,236.610385372497,96.9831559073611,103.2762356550907,98.96182862132622
2020-04-29,166.02918960929492,238.64290024735956,96.1050881511483,102.86427297789973,98.4401602581385
2020-04-30,163.818444874434,236.3925021605318,96.48849162556267,103.51628595602584,98.61027929686375
2020-05-01,164.33033417863382,238.97423052595045,97.34964098891493,102.9838514097887,97.93840857965647
2020-05-04,164.77255196806138,241.14397754684953,97.9840907820238,103.37919563847895,99.25812347235855
2020-05-05,162.04903677385764,237.87838933397273,98.11270191271396,100.67260080799399,99.09220195646074
2020-05-06,161.08969720382532,238.3610095459108,97.49823621705923,99.69628040455515,97.40508063341923
2020-05-07,165.0971103166008,242.25639786149293,97.4412147317763,99.58715135172868,97.37958755899353
2020-05-08,167.2224818075186,242.1814075360376,97.03811643831799,101.41793715810809,96.79844963226581
2020-05-11,166.9951313696524,243.55701756932947,97.3985024016086,101.0143430594556,95.12211365435614
2020-05-12,165.7038362563777,243.14238084958606,97.593596872951,100.7283893616608,96.23789217969517
2020-05-13,165.53546259359027,243.92978703231591,97.85552403867787,101.61783612209061,94.85391518824653
2020-05-14,164.2458544234177,241.37561355652144,97.47833479552665,102.13718683004774,93.7349358275527
2020-05-15,162.29377677100175,240.47410824820244,97.03590280539255,99.66224055112404,94.51420266623036
2020-05-18,161.12020673960944,242.33381822774706,97.0642490657289,98.97793283333192,96.31210890855316
2020-05-19,158.76252212156612,239.25973833943814,96.83140288475968,99.54181043043162,98.49892124114436
2020-05-20,158.3596124029581,238.64780083987034,96.2794781197048,97.65249935448418,98.3510605052864
2020-05-21,158.2439398673844,236.7103837715542,96.68503432340265,98.69265020552761,97.82640150140406
2020-05-22,159.84705575487172,240.47006090921568,97.44425521091354,98.57703533015889,97.13928990457462
2020-05-25,160.0626740749817,236.99975866910498,97.12794254838778,100.16425709918629,96.63730803134307
2020-05-26,159.1655864644599,232.35576816959855,96.80439862505786,100.38933330110412,97.38124901941198
2020-05-27,159.80679144243152,234.4657015417583,97.16348048059719,100.96082275138545,97.57928707929865
2020-05-28,162.62968461610131,239.53175712351737,97.52224863380088,101.84993086974991,99.42960470612306
2020-05-29,164.49021620900095,243.7960348263878,97.19530806620081,102.66818581873926,99.62465407677203
2020-06-01,166.57830147836253,248.14567851795704,97.68018677107662,102.55061869572341,100.1008467933548
2020-06-02,165.25008400488724,248.02602729848,98.00185536726123,101.99218027297847,97.71027538051942
2020-06-03,166.18719751651096,247.59988896481607,98.15301037272987,101.62589272134979,96.32183887501172
2020-06-04,165.60241773823225,245.7249271041455,98.14385658692724,101.52678573755713,95.3073197063733
2020-06-05,164.14095382652553,240.7052325633756,98.46831737896771,102.33029681995947,95.06150999709543
2020-06-08,164.36307557722506,238.5410445762161,98.08680110429505,104.18527996207906,95.21542348176854
2020-06-09,166.02362995937122,237.12573039915728,98.5416073345877,106.33334261044409,95.80807131372461
2020-06-10,169.05044209951015,238.12322442369657,98.24102415521244,107.20722066947135,96.0647140134005
2020-06-11,168.04395247340642,238.34169299198086,98.06767208327285,106.03329030610868,95.4713604240682
2020-06-12,172.08855542788493,244.20029737821207,97.85479547076625,108.12535801388886,96.28191149182301
2020-06-15,170.83220482578167,238.98213012044408,97.40997370315019,107.85398365492496,95.01461029288517
2020-06-16,169.33585311295818,237.04579181845395,97.35005123851414,107.33198839459095,94.77618765874486
2020-06-17,167.4647750165386,234.92587541679123,97.38862929117869,106.59723184359527,93.96660837773774
2020-06-18,168.3577473234616,237.00862511951203,97.50925954932893,107.21614727958728,95.0646225332487
2020-06-19,171.14807494531112,238.42402589559782,97.486347625692,108.78107208950343,93.24459205120628
2020-06-22,167.94268743808328,233.58182580016336,97.34743291095376,107.32468375238523,91.59312788013483
2020-06-23,165.67746118456049,228.29111016121212,97.579289094562,108.43956550285603,90.56075082296687
2020-06-24,168.38318373028963,232.54040995411444,97.97563143598903,108.87056729747565,89.3656582343896
2020-06-25,164.89906559680182,229.90654518411415,98.05602541337652,108.0500814833567,89.74444150586268
2020-06-26,164.51083081538835,230.9951393853845,97.8350784394418,107.64761616740266,90.22989961731857
2020-06-29,164.08533003423062,233.6045614678197,97.5710786823629,105.84453264975669,88.5914318029595
2020-06-30,162.25866292668317,232.35681498448534,97.90135878699799,105.57841819318858,89.24056782485683
2020-07-01,161.90142796378822,231.89772446013066,97.36594677383471,105.97137084719294,89.33810471588279
2020-07-02,161.77148198597712,230.38991211077922,97.66281109526994,105.25885728561406,88.72941885884856
2020-07-03,164.1862261662041,229.7386319795232,97.43991765950655,106.93792533315798,90.06787271252735
2020-07-06,164.79045011750938,233.37694962959526,97.72952300449184,107.55412251840231,91.44856909000978
2020-07-07,166.0278772071001,234.5901466170843,97.95462222273133,109.23480594737227,93.39628318202776
2020-07-08,165.42922632869085,234.3894686375989,97.56492156196305,108.65763615695785,92.22430613013557
2020-07-09,162.87319232879253,232.2580518844406,97.6190583006314,106.67018255085009,90.60609343432202
2020-07-10,163.1724941595751,231.46651238638398,97.56397400643465,107.79917431029095,88.3818739608256
2020-07-13,167.00267196581598,233.05855356606742,97.49994548273231,108.16873499022289,88.9372054045075
2020-07-14,169.35572680995114,238.02294130868768,97.53735325120958,109.86132573472631,90.84712113033369
2020-07-15,169.72774695390086,239.86381978379785,97.93714549132642,110.1443859517106,90.72136215693753
2020-07-16,169.6858328316883,242.85086730071475,98.30155028762118,109.40864254888456,91.66667293305348
2020-07-17,172.361146877958,246.0287376650355,98.61351318221602,111.14182381879883,92.66533042988195
2020-07-20,175.36146025662632,248.6932497152478,98.05189325708176,112.97696905111103,91.94295188953187
2020-07-21,178.48404925341507,249.7276843920826,98.60226740568935,115.16279751490059,91.42930583823255
2020-07-22,179.6379358596121,251.0470886639199,98.08060984076509,115.55941683168973,92.03358344758648
2020-07-23,177.81394527276257,252.2727098133925,98.18289808959192,114.29455392010364,90.20771916841622
2020-07-24,177.7973291545949,250.62693398939172,98.154676727988,115.32555151469062,92.97304054986095
2020-07-27,174.12343040052656,246.66754425713276,97.54211017696328,113.3334319335957,91.63443617345007
2020-07-28,175.4511114868018,249.74571087485984,98.25964808601701,113.38772084995558,91.7341952678108
2020-07-29,175.03868128471237,247.33631926197134,98.66035656347589,113.20130057110337,90.3571204927857
2020-07-30,175.7940612517333,250.7221503376943,98.11624462263065,112.62737009445094,88.62808855352665
2020-07-31,176.68807402072935,250.62249716190487,98.23073260429518,114.36572461917433,88.19334395726413
2020-08-03,176.56302263052424,252.59555565436713,97.63896082199612,113.57563156862216,89.27368796193356
2020-08-04,175.59150631535238,254.01477976913966,97.2090967920701,113.2369574095026,89.25627354753719
2020-08-05,172.33339623695755,245.87934224907477,96.91019103953576,113.26235864222144,89.37624709523466
2020-08-06,174.78712367209295,248.0817683074308,97.0081895373419,115.91087060762295,88.87265267353665
2020-08-07,173.39951276599356,243.61682658828997,97.18141568134622,117.21935812128208,87.74895162312026
2020-08-10,175.3734260751619,250.88847099977477,97.39063403489125,118.05516246695329,86.4727888985244
2020-08-11,176.80183140029504,253.50825567969636,97.57036191798973,117.95112108551318,84.75795683636676
2020-08-12,174.61823417746493,247.97433118854036,97.28506830281815,117.78053580248549,83.87002346673097
2020-08-13,174.98470135359509,248.52384326794353,96.66308140447468,116.69409486153712,83.925474594169
2020-08-14,173.1345348937866,247.19554381818116,96.50952147593924,116.10916864689649,82.40446360771601
2020-08-17,173.4478653318468,245.93768210584872,96.1687521354932,115.93624888622045,81.48186212027535
2020-08-18,172.40120981722336,242.9838471359441,96.0501789258299,116.39979345674321,82.7464297712782
2020-08-19,170.23492179489105,244.58925485397828,95.35285787231696,113.20665994387842,81.7361390146819
2020-08-20,169.89747114810115,245.01925864351512,95.08092828657662,112.23353836632842,78.99645021295859
2020-08-21,169.5679926264439,243.58018641265312,95.70315935150971,113.36842000646385,78.12752568767789
2020-08-24,171.94476340466267,244.3830625459091,95.4205975718989,114.9544662087477,78.31372024026595
2020-08-25,173.48624881634785,245.2841681121502,94.95489358611316,115.16857749808855,79.13413339762832
2020-08-26,173.62943398076823,243.6506358401532,95.41082047110937,115.25179924764718,78.314228622594
2020-08-27,174.42551468789583,241.83413206787395,94.52996147618187,115.21863377260044,77.33880526697664
2020-08-28,171.39345822319848,239.70133516390928,93.83910913342929,114.4543720797222,76.94482059579096
2020-08-31,171.03539422446812,240.08679942889347,94.54167873852437,115.39806678314007,77.66553807195716
2020-09-01,169.8048874814982,240.72115460102034,94.18708398567408,114.81996993027899,77.80476138843943
2020-09-02,169.8954170590895,243.1256295407143,94.27220171948258,115.37648884909227,78.08479757843931
2020-09-03,172.28911268497544,242.81651676379332,94.23250180677024,117.603330353019,78.29055765435149
2020-09-04,174.26123892602212,247.32868370799395,94.08374015061183,116.91900835163112,80.56038433273378
2020-09-07,174.64489080604454,245.83392361764518,93.74794196658256,116.65969844927642,81.12306995992216
2020-09-08,174.30049126442566,245.56660502309197,93.51628561855162,117.97709276862207,81.97713933041544
2020-09-09,177.4657960956005,245.76082715175406,93.14652987141264,118.7381386926635,84.07352197669745
2020-09-10,175.60869284623726,245.33800189439225,92.98047181827435,117.1860812638684,83.41119881712943
2020-09-11,177.87314212812123,251.1053378702466,93.05608764457996,115.91883059608013,82.17839738145591
2020-09-14,179.3624488698601,251.47360245236158,93.26451612667452,117.09328904955272,82.29589685222767
2020-09-15,178.75368163949761,244.64038745205139,93.43986321357085,117.32281979245344,83.71322047654684
2020-09-16,175.63572370730765,241.64710584167105,93.250449095497,116.6946907858163,84.48170467756304
2020-09-17,172.39410933948557,239.9139424960413,93.28945644317473,116.35860658693831,84.68747117003609
2020-09-18,172.7489842816018,239.1214319891999,92.72071240225898,115.24737658090109,85.42515372336213
2020-09-21,175.64952807666165,238.2666685026221,92.81492260840103,116.51683469570177,86.7453939681586
2020-09-22,176.4822583836248,238.65860592657816,93.50519411253546,118.12100887765504,87.46068742674115
2020-09-23,174.85957704253548,234.11697639543502,93.86648615917508,117.5496780825886,86.52738758585268
2020-09-24,176.9113060963139,238.54992661567795,94.040104185594,118.17802112530936,86.02185065099296
2020-09-25,175.92562062583826,240.57446989762695,94.66442420720817,116.93125045717704,87.20947267652674
2020-09-28,172.9779251229813,235.43628989169883,94.49727569332535,116.92262006724683,85.36604214204526
2020-09-29,171.73638971367387,235.0740407303606,94.3719405786665,115.77084177274719,86.34009205236262
2020-09-30,174.37340525809952,237.73589002542863,94.38317244895164,116.0433894156642,86.63039498905813
2020-10-01,174.5589247665543,239.242077521572,94.33012849290255,116.29180586794598,86.6991423263283
2020-10-02,172.98377697036034,237.49781124080474,94.27217948455812,117.47148548860844,85.52917320022901
2020-10-05,173.50433548537538,239.44779369258276,94.63014420003125,117.43995910000122,85.63134113407177
2020-10-06,173.4039297304654,235.9232389185362,94.38995465357087,118.32053221334469,86.57331923467284
2020-10-07,171.68187063880933,232.25071253265764,94.09196698485034,118.89608355299777,86.72838722444529
2020-10-08,172.06119976380998,232.17010134493103,94.16071396535757,119.2633261902196,87.68648035161995
2020-10-09,169.82017195751143,231.17521185325387,94.57595384482312,119.9533504499126,91.63814948923094
2020-10-12,167.97529280431695,229.4780155753846,94.42778139730935,118.91046097361215,90.7225517502177
2020-10-13,169.08535167491408,230.76106469858658,94.38727446185396,118.1184338318846,91.76632894683064
2020-10-14,167.37565250747733,228.39519496360973,94.48851441902282,117.57072076402018,91.43788891154028
2020-10-15,165.75627942328958,227.83553512555565,95.05243772165505,116.5271162909354,90.7315514608915
2020-10-16,167.06525209035715,225.93198564826037,95.21987317015696,117.80425882343228,91.09134046084543
2020-10-19,169.53569767643236,228.1733602743967,95.10106185894219,118.50081080991342,88.96067917985222
2020-10-20,171.46551102667306,229.61543704493494,95.17723557259006,119.70266831385,91.13057429299718
2020-10-21,171.77802408763873,232.1613220914883,95.78457630050991,120.41780586372258,93.32961401596572
2020-10-22,171.36173386830785,231.4071975421072,95.35143026470469,120.87474098997998,89.68201333030015
2020-10-23,177.53430293510024,238.58153408363071,95.85599540434833,122.81047287540108,92.406597852193
2020-10-26,177.65175664686112,235.9734959333153,95.30746250098791,122.7941053860214,91.82409220759044
2020-10-27,178.86486271518046,233.12367810908972,95.58727162712543,124.27816286521217,93.41881728245951
2020-10-28,181.12747743178792,236.3797581600843,95.63350747413894,124.92370347214113,94.02142483059049
2020-10-29,180.34651328225294,233.74594024571093,95.49126764568008,125.36223527874158,94.05435354936434
2020-10-30,180.37263646756927,232.80784844938802,95.6666594656314,126.30506614386753,94.51561805983816
2020-11-02,179.80926004137135,231.8685810983895,96.1073965556687,127.65534511629717,96.23934407971298
2020-11-03,177.5274001726494,231.01790171993585,95.85618932778176,126.48744330909008,97.86357903597124
2020-11-04,180.26481781376964,234.57572954274198,95.77156482945668,127.10428274990124,97.87414477075912
2020-11-05,179.6779031251574,232.98874519046825,95.73818587000083,126.68392806826496,98.5248011845957
2020-11-06,180.09978562112792,232.7893305229207,95.70546808790674,127.0630342138964,100.03576303483746
2020-11-09,182.27175609286363,232.22531540646006,95.96419125514998,130.2895510067959,99.70158495490239
2020-11-10,179.75837644290183,229.27623428885678,96.5713475688359,130.084465644974,102.3026312250565
2020-11-11,179.79524607951612,229.47131771701078,96.40901275681031,130.0096175592783,103.41493501412369
2020-11-12,179.68250235619834,228.14328039117186,97.10533073569351,129.4312995105687,105.04825578633883
2020-11-13,179.69103299195345,224.76967441764634,97.57260122787183,129.81842852790368,104.13257830212999
2020-11-16,177.97749936364852,221.92253589658696,97.5745234348159,129.24437947077269,103.51169411521957
2020-11-17,176.18779073859096,223.8622304083234,96.8727211566721,127.21604028012108,104.52460056894725
2020-11-18,176.2405422801329,225.28759199082228,97.10225891285624,125.28973469086746,104.6603337288338
2020-11-19,176.9213244553295,224.88037749292437,97.56726366314471,127.48866220464683,102.45390969835142
2020-11-20,176.20809369592752,223.65969684600125,97.38218671332352,128.39439530479723,101.59478362171492
2020-11-23,176.26263588105897,225.88128687985693,97.24165642948117,129.30678353316927,103.02378831558853
2020-11-24,174.18876184473976,225.20127959753378,97.08009756176152,129.83276463887404,102.65799242900175
2020-11-25,175.64319325537173,226.74022330616586,97.03336957501453,129.431090635535,103.0939324264308
2020-11-26,175.64039385689466,226.07313535892516,97.50219804801567,130.23410329416393,102.98275100949681
2020-11-27,175.4010595457692,224.82128543455016,97.78681246427881,129.78225031942364,102.4995893856335
2020-11-30,174.42782895883508,221.9111700546065,98.15235086033725,129.94080193433007,101.34515232907344
2020-12-01,173.55842870976167,218.83661963716742,97.80987340213613,131.27313315069117,103.63204882678345
2020-12-02,174.06662121314284,216.1324511410931,97.28539550732897,133.56405234962372,104.62930469042433
2020-12-03,172.5958059357343,213.30818552435167,96.55983948431593,135.61923068708765,104.54471094930051
2020-12-04,171.02373574656204,214.41414291165702,96.90517141336423,135.67323104051653,104.90837364605214
2020-12-07,167.28683595736092,208.22769382827704,97.72473895437757,135.5431402781533,105.82589861821774
2020-12-08,167.01563137264927,205.86467025064871,97.45215000924826,136.31272017538512,105.6629680966408
2020-12-09,166.37714421462005,205.06877671185825,97.07108988603959,133.3204413191035,106.01776408388892
2020-12-10,166.490608409772,208.99578504121297,97.04225346724871,132.57251705419236,106.19971169558782
2020-12-11,167.43994016974005,209.14411060471596,97.34177768241555,134.28800329733104,106.36053705550192
2020-12-14,165.4819635680184,207.21562463723012,97.79615500009804,134.20901585026337,107.17744853853533
2020-12-15,164.5481980190698,207.81116927689473,97.44619870945577,132.4898859050217,107.00471378251031
2020-12-16,163.80437082312218,206.69743641429807,97.55651934923915,130.84583909103785,106.75638195293995
2020-12-17,165.2503860462392,209.3405864798219,97.65982947339508,131.1614617749088,105.83552050053227
2020-12-18,167.21724321546185,209.90567618202,98.17249396873345,131.06298150281708,106.93224947173053
2020-12-21,168.90820116509522,211.5608123629305,98.45226624921195,131.20285038878723,105.22568378923161
2020-12-22,169.3492520813367,213.12792567623453,98.95213623439085,131.6759750149492,102.17933695157771
2020-12-23,169.91142027182676,216.57755143280673,99.17729424855617,128.5829530394851,103.131880259328
2020-12-24,169.6203231992357,213.77634498050293,99.45668032304148,129.7884806307834,101.30701689061696
2020-12-25,171.0700728634139,213.88359202762763,99.0427077949895,131.42005222771965,102.14654038707327
2020-12-28,170.46626587268474,213.76600936454847,98.81865628015585,130.22666756835858,102.22159308604685
2020-12-29,172.01153253016005,215.0025487458225,99.27073412797243,133.59177225986406,104.37425048375293
2020-12-30,170.98411145314998,215.79674034830902,99.25810242649561,131.98902000002101,103.34481215544476
2020-12-31,169.7424846178568,214.33163035992294,99.50618372368713,129.83790076678932,103.67716472289943
2021-01-01,169.0418139946341,212.53565255130806,99.80538349898433,129.89238034979783,104.08980261344898
2021-01-04,170.58219203895985,216.02913205451108,100.11914012447076,130.96416738628545,104.82222801802156
2021-01-05,169.6000693314319,215.94071394416002,100.2513792933678,131.7246511363092,105.22127436227542
2021-01-06,168.54162655833292,214.84656216012948,99.76944115279191,132.99076894087463,104.49041609297987
2021-01-07,169.21650311645874,212.20131353200796,99.39713280082461,135.02117071831097,103.62362425335874
2021-01-08,168.660767719874,210.24209537724937,99.21305249028724,132.08674771592052,104.26557004979252
2021-01-11,168.50402032091048,207.05796601182934,99.59073387099352,133.3823896658337,102.94315597596547
2021-01-12,170.6459115053931,205.85245277208762,99.83326917988983,135.19221943187333,105.15896696578105
2021-01-13,171.2222805628527,205.52793747622843,99.91190240509628,133.87305168758527,104.91673536627498
2021-01-14,171.2324084310701,203.43570315459422,100.10971565898808,134.4828214739338,104.03616400680826
2021-01-15,173.72982562571542,204.17496892695826,100.26269770992806,137.97378979324571,104.0335114500665
2021-01-18,172.07226254992213,203.21887980908056,100.49447305074628,138.47535959824458,102.23291579775943
2021-01-19,173.64473026074722,204.50617654940908,100.9952729911678,140.01640309642366,103.92889139273352
2021-01-20,168.48464230796327,198.60289069500544,100.50136251794723,138.70509766050318,100.83907313881792
2021-01-21,169.3624632527174,201.81171144318273,100.6008490949076,138.52349528074086,102.26887482202962
2021-01-22,170.22640471441525,204.00236516243618,100.71698200016128,137.6075135500667,104.75260732069336
2021-01-25,169.40778072429524,202.9773766023681,99.98141641459068,136.45443387915023,102.92431373878597
2021-01-26,165.73349837784212,200.12412337516196,99.9593145918907,134.87174592968603,100.04292574699865
2021-01-27,168.56526434971278,202.53116221007028,100.01056909614059,137.1082198635095,102.12184379273151
2021-01-28,166.1831512293579,199.91749704042394,99.6852615644029,136.81977565451888,102.6489296902244
2021-01-29,165.12686253787703,196.45469890936923,100.50683822513982,138.53028888719624,103.25169815761556
2021-02-01,166.30690863319145,200.9392044566449,100.7732288092801,138.50425896899782,103.40734960952057
2021-02-02,164.34720090301724,197.82853586124835,100.89237767768715,139.42397692977536,104.28978321425306
2021-02-03,164.70622823557443,198.64890906653386,100.87944404778773,136.74713766602332,103.56425671585228
2021-02-04,163.7895782584166,201.10059448244013,101.26466670837175,135.52913424808835,105.19859220696819
2021-02-05,164.49693524184661,200.83504396337207,101.06964937444671,134.7710360576083,106.88439626885557
2021-02-08,166.3517366950458,202.63176131695587,100.87499690049104,135.8731358527271,105.6744246252595
2021-02-09,168.07081176439252,205.49192386711974,101.23049021897526,136.5332166114851,108.2236421122225
2021-02-10,166.6751905726391,205.03853228640008,100.45733521160041,136.79987534221667,107.56389626923564
2021-02-11,166.65282056484548,206.35231295122747,100.09734692226593,136.60569140401293,109.18738797569674
2021-02-12,168.1561424942855,208.7451171975458,100.47433303837896,137.7673043161199,110.09650901388541
2021-02-15,169.0266610915896,207.57543621510774,100.1171167168629,137.46493962533307,111.58296033809346
2021-02-16,167.95393618928892,204.92608081651755,100.82048338266951,138.42772701205902,108.84251365882749
2021-02-17,167.97387579274394,204.50883435730134,100.78715963777528,137.92607318851935,109.11943238808203
2021-02-18,168.37367482861862,207.1087490227117,101.15793321171078,137.63475817595244,107.75164423914505
2021-02-19,168.33823118191623,207.17567098972097,101.12658968942321,135.71103382958262,106.09435193245682
2021-02-22,164.5863745314103,202.7449031770713,100.41833672633473,134.70275586806977,106.34111388176717
2021-02-23,165.99849391987732,205.86464414455224,100.85308599983689,134.99989153331165,105.54686484717688
2021-02-24,164.89448957935812,205.45227957165767,101.1097599482065,133.45684906563727,103.78913676942277
2021-02-25,166.56326518432522,204.74896022019178,100.65075900795162,134.46826094015373,105.09690137436019
2021-02-26,169.80119253677998,210.08655810990598,101.2058072704628,135.29304367609447,108.77285130504077
2021-03-01,169.1662996864917,210.1916014543195,101.32449064729188,135.81092412350074,109.70847467664726
2021-03-02,171.49138509807614,213.33124215909808,101.03340207423184,137.7180876399479,106.86136313464729
2021-03-03,170.78640884530552,214.0737669543035,101.52862766789895,137.31340440664138,109.21596606551145
2021-03-04,170.1142714930691,216.479379031282,101.66598671266011,136.4801498256897,110.62782221556718
2021-03-05,171.70413946120377,218.08664927001962,101.65508842935567,135.7772299076476,109.49790521966942
2021-03-08,170.8380796507164,217.45838473247545,102.16990700676551,133.99271220993433,112.13025523680007
2021-03-09,170.65148582333933,218.41046188398946,101.90831412698753,133.62648219041122,111.09174523726217
2021-03-10,169.09198422752252,217.02926082825687,102.04223931477476,132.74825131402793,109.97993576786669
2021-03-11,168.64615524510577,213.680292778509,102.05437357826123,134.2253254439786,110.60206730997453
2021-03-12,167.08686866640195,211.3975480667297,101.41893168497418,133.0382907370599,108.33610206965199
2021-03-15,166.1126154102362,210.50658669015948,102.01909093109714,135.15541481874368,111.39777120407433
2021-03-16,167.11398726935397,211.54214321033288,102.35422424390914,135.43144629276472,113.27452085833762
2021-03-17,164.40076165670067,207.47960852146696,102.5076867565558,135.1914222607679,111.4000399118608
2021-03-18,163.90789857320888,206.97496805400354,102.59306079370887,134.97095704938667,111.88417593116009
2021-03-19,163.18363473502754,206.41407164550958,101.84604679647916,133.76997239495333,112.3638217709474
2021-03-22,164.21016684394775,212.17901038192286,102.15229178614278,131.66054650986365,111.1728666286106
2021-03-23,168.8323737631734,219.91294086269724,102.67881264777743,129.94135703109004,109.48990420015046
2021-03-24,166.87690888498693,217.7733240450622,102.99750483423131,129.83051527494908,109.03962675892014
2021-03-25,168.15960375013233,219.48608452448565,103.1165797135204,132.02164430201907,110.07538535383006
2021-03-26,167.5055045637435,216.74903249439262,102.55702866967921,133.05993301709648,111.53248410947627
2021-03-29,167.0480313875629,217.0452565902925,102.30551310259453,132.39683575952,112.63650076599905
2021-03-30,165.3741441244544,213.32579612914162,102.58355559051347,132.64340348522538,112.69322526123553
2021-03-31,166.17145482134273,215.02755615138148,102.9545642181096,131.62219741451577,113.879157087975
2021-04-01,163.50811316705543,211.45103918205993,102.870688127279,130.458406184122,110.66581056724691
2021-04-02,164.1184927928824,212.1680325366306,102.66797036203181,131.85728629123324,108.80283753338954
2021-04-05,162.75158951968777,209.3438168286395,102.26132461979024,130.36280532342886,107.52458524004058
2021-04-06,162.98957313871787,211.45591357044373,101.74084312352008,128.39479709604487,108.54097263283407
2021-04-07,163.6477772450959,211.341258047848,101.85910517909352,129.54975989286913,109.79268709325196
2021-04-08,166.25608366815717,216.32582807674456,102.13682181168879,129.18588034918128,111.30705916277404
2021-04-09,167.98400087242536,217.18859956561357,102.09573533392006,129.75390847191937,108.7856628752744
2021-04-12,168.48266288703908,217.75399389901793,102.63904195817575,131.41318337156457,107.61198294691545
2021-04-13,167.5578383711409,217.70432853982277,102.23728346655345,132.01191257220248,106.06134596352862
2021-04-14,164.6719988938635,215.52308727548052,101.85035220699679,129.1645955769879,104.66533200283892
2021-04-15,166.21886477884055,219.33862617638985,102.0555511743709,128.67054526347457,108.88201645301459
2021-04-16,165.75876024716374,220.57585913660577,102.17069886758898,130.07905044587557,108.62439782797426
2021-04-19,166.25081630014094,222.1326895140259,102.20678230132208,130.11284111402298,110.80880007209635
2021-04-20,168.11382936898113,223.36185857525223,101.87439357275055,133.69008321600705,112.28243956389676
2021-04-21,167.59391168210362,223.25141891355364,102.32836427254509,134.28515395052608,111.25803446466962
2021-04-22,168.1427105740423,224.781109045262,102.7306448923377,134.1652109935452,113.33016802810161
2021-04-23,167.4716660786723,222.23274789419506,103.02854347135255,134.6374382848796,112.79100266388029
2021-04-26,168.26870176010618,223.90172402080765,103.26419002801049,136.86389838458882,115.758285482374
2021-04-27,168.7310082553764,223.8357429185037,102.19227662477996,136.22168745044195,116.61003653076811
2021-04-28,168.71533809053062,223.789183366935,102.31771240306693,135.72526325760055,113.00373416342666
2021-04-29,165.0552868765335,218.8007713910427,102.40163818871618,134.37389522537813,113.12217790244878
2021-04-30,165.12588128772748,219.5815476965632,102.10628984739985,133.908827765003,112.24975141226619
2021-05-03,165.5947173712281,221.5678289411195,102.89871068537589,134.49852247911886,112.90056037475023
2021-05-04,164.92339314708406,219.83623951240156,103.25075971211224,135.88363916342547,114.6226255728497
2021-05-05,164.86612796757473,220.2304760646621,103.32702757978873,136.2834504802391,114.29828575668527
2021-05-06,160.6123879772599,213.9144227095333,102.7432983157679,134.6028040839479,115.65171625035362
2021-05-07,165.1835180600383,217.9895196276493,102.84294420548403,134.85268996171186,114.0323462602799
2021-05-10,166.2206453726489,216.92965107257783,102.90114054282633,135.19797430294975,113.33873969445914
2021-05-11,166.8230997205056,215.0024025334018,102.45479502566435,136.43216598096487,112.91047465230338
2021-05-12,167.69934073084133,217.66615501182548,102.18025878542304,136.46514313851085,113.06149697334335
2021-05-13,168.79774868526886,217.30368909124485,103.01867632078527,137.6830288332987,112.59687441541821
2021-05-14,171.32872219803573,218.8203527147908,102.71887210450808,139.0130534954355,108.64527297390498
2021-05-17,177.19095981934422,223.88206246478438,102.33453939191197,141.03060082304,110.95289245930051
2021-05-18,172.49614957995993,219.99715069899545,102.44670473470565,141.0304401661464,109.74384634258487
2021-05-19,172.9597796440985,221.75259613567687,102.94286851380893,141.75236448062935,109.12532124522639
2021-05-20,173.0703473786085,219.09031844362977,102.76868013016396,142.10029468061646,107.83863873033037
2021-05-21,175.3367965443046,219.04181117837473,102.96566429604054,144.45752187569417,110.38940297833817
2021-05-24,175.9162236845781,220.2795381598106,102.78401411625664,145.02092330326232,110.68507327462054
2021-05-25,171.48056912803497,217.26312789714993,102.38524164341216,143.02658427955825,108.89279614430694
2021-05-26,170.74570912116917,216.65043759519062,102.1700263246305,142.29157455360746,107.50702556913629
2021-05-27,174.94327632363684,218.57838768653343,101.7513504669662,143.09318378946935,106.78396611213643
2021-05-28,174.82169290012024,220.73673165124163,101.50994165305487,143.48379938076604,105.85903312968841
2021-05-31,175.57014757867765,220.36643340338412,101.78378945250202,143.00176573848853,105.41623009918513
2021-06-01,175.43549548553736,219.66776145398023,102.05486409028317,142.27053842932338,105.19843395102484
2021-06-02,174.67707218647286,221.15040414091044,101.78582262120533,142.38507219067088,104.662267136126
2021-06-03,174.14769391846565,217.99495215846392,102.05348204913658,143.56582782056603,103.45698701542025
2021-06-04,172.32956245316922,216.79484958112803,101.9478786431073,141.95498807073258,101.49297601374154
2021-06-07,174.42874595402577,218.25008653322377,102.86672101433535,143.99599413650012,101.49296542098504
2021-06-08,174.41994012269097,219.35329877893878,103.13639563924617,144.15151019748367,101.93538546774423
2021-06-09,175.89188058942102,219.80457851016843,102.96920194862844,144.85686133825743,100.02229734895529
2021-06-10,178.73498428696365,223.38159999056785,103.02007911937447,144.7934385175857,101.18384263327691
2021-06-11,176.69635636300623,219.31836621835438,102.90260925703068,144.39659220973266,99.19145268150112
2021-06-14,176.5252992421164,219.0297583433991,103.76896090143097,142.84295890208088,97.8077607705526
2021-06-15,175.64940527273575,220.47161052403186,104.38195646094977,142.47378669631598,98.17805606176002
2021-06-16,177.64651733173798,217.38273632374657,103.83058372027018,143.9255950218846,97.71320505368185
2021-06-17,176.641273794539,215.01565243899617,103.66167481560366,143.4669000082181,96.34675488396624
2021-06-18,175.23311736897747,211.1433065006322,103.71994017002568,142.23653371083319,94.67733166586913
2021-06-21,175.38951561579,208.3513992410213,103.62037208543482,143.7786874184616,93.90447522610363
2021-06-22,176.5671187752918,210.96783673335594,103.8057081657817,143.23597547823925,94.90625295115032
2021-06-23,180.39582778775588,214.6330392796793,103.66394611759785,145.71353924987724,96.14923379137122
2021-06-24,176.87471397382333,213.33479581160137,103.6312780222702,143.54624114164704,96.18911641041002
2021-06-25,175.23342300850317,212.6666111051715,103.35917066736928,143.49123828092706,94.30674379453207
2021-06-28,176.45040611025294,216.33321969389905,103.6800723238126,142.14735679728233,95.22651829217942
2021-06-29,175.9182860908858,218.93150000411202,103.56308616636198,141.72613187226384,94.91100977952429
2021-06-30,175.21372109461456,217.29185667275917,103.17189920116027,140.08266949412615,93.19285181563703
2021-07-01,173.3054896355274,214.70631596073991,102.6256499705167,138.28414917086462,91.8471401425596
2021-07-02,174.1038295142157,215.31877261103008,102.76074988088301,139.2465462221172,93.91284580300989
2021-07-05,175.29998634279343,218.1422346241384,103.3099539761212,139.3622161648091,92.69248397258364
2021-07-06,172.45490571338212,217.62806033767444,103.41749998437251,136.52082041230702,91.62653619855061
2021-07-07,173.4712175446805,220.20613574380147,103.04877324991767,135.03220953229078,90.1978140195168
2021-07-08,170.99983851307138,216.6442902939145,102.45526618429095,135.41036315404958,89.41374685154287
2021-07-09,173.14686115005506,219.0219946412409,102.98965372583947,134.74078234588796,90.79388457485219
2021-07-12,171.80578359779346,217.97419656675228,103.62558756163556,134.45230060606437,91.67055613895376
2021-07-13,170.3109578871864,219.28894309361903,103.46647733297856,134.43379049706166,91.00128494130196
2021-07-14,171.98368701249464,222.4238489382907,103.51131447126207,135.69025566336336,91.29366906168313
2021-07-15,168.49136677901964,219.50463601364666,103.11676539623404,133.57246746145591,91.42125682965712
2021-07-16,168.91049189560462,219.85486968206064,103.34460750738043,136.3075121003099,90.96468472014541
2021-07-19,168.68732231238374,220.04007375170383,103.77018592226239,136.12573765166766,91.03432869561858
2021-07-20,169.4911868102906,220.9691213700045,103.75866188387957,136.48776341542597,91.46210471994995
2021-07-21,167.8334611726149,218.77886972714995,103.28069229356527,136.00913509399464,90.87677924665954
2021-07-22,168.20341675887065,220.01028925720357,103.07238609316454,137.07350129460957,92.44877916961008
2021-07-23,168.77535864052817,221.14796313003194,102.86673918230736,134.59816838628095,91.96830749832876
2021-07-26,169.45385200629798,222.33686576756511,103.76040380541957,134.8878094290842,90.91123419867662
2021-07-27,170.79712001129002,224.25790905142492,103.96505949200699,136.9509603307992,91.57792968153949
2021-07-28,171.4571323279808,226.5010493346018,104.10322733175012,135.8637460029879,89.01326970252968
2021-07-29,170.85273785849319,224.7798559397844,104.31349886726412,136.12619953832944,90.13829041002316
2021-07-30,169.81368478165894,222.67427602357728,103.72046919602754,135.7835501139802,88.45804545507363
2021-08-02,170.1377689905899,223.7131799875875,103.40257735367126,135.52552278192033,88.37925530151458
2021-08-03,169.04539655305342,222.4746004085167,103.04661457669701,134.02919142328312,85.46772735280398
2021-08-04,167.17766791860925,220.15016300904443,102.97813264455193,133.26572845820397,84.34570816851316
2021-08-05,169.44092745682943,223.50306756873613,103.06328760432801,133.19505177910565,84.34885612139304
2021-08-06,167.41659784497529,220.37902308877815,103.29450886467035,133.68656524793502,83.65911139961261
2021-08-09,168.36556077435458,220.73401584248106,102.46101173553438,133.8519947349162,83.64933908295501
2021-08-10,166.09048254758187,218.56948772905213,102.29968041905317,135.40639302716892,84.7602918911485
2021-08-11,169.60241837130627,225.1451142665813,102.20027059568491,135.45911052396852,84.28159212174158
2021-08-12,172.57708710836857,228.16517693378194,102.80301853510139,137.57007615841994,85.55526109790605
2021-08-13,173.51079937726985,229.13154702808387,103.54653390586152,137.24918380895957,85.78099196157282
2021-08-16,172.59962631335998,229.52243531910773,104.13916080119456,136.4524825494886,85.42198672381804
2021-08-17,173.86658018723767,231.4603956327092,105.10341370319405,137.16539312001507,86.92151697622793
2021-08-18,177.65330117656163,237.11665082385497,105.22694060072808,140.22315851575297,87.87892649522166
2021-08-19,176.8748242872807,239.52147359638843,105.65361153658435,139.38749818340503,86.0998772582633
2021-08-20,174.48026346669783,237.66561654210113,105.2516550326241,135.40038509266094,85.77984642035062
2021-08-23,172.36617859148683,235.6142765531096,105.75692558310685,134.19347066894318,85.2014534566026
2021-08-24,169.5729830178955,230.7205577231762,105.34758131165951,131.54851467336792,86.55764687933531
2021-08-25,171.79199728742663,234.1411511280606,105.32585750061232,132.53888230277988,87.36294841290348
2021-08-26,171.67750966995382,234.57884782165755,105.3532235182498,133.35448109452207,87.96048500199099
2021-08-27,172.81308668059987,235.68093775943103,105.56700317721608,133.98217137936794,86.74493027396521
2021-08-30,174.107290339539,234.04388927298325,105.8701080393765,133.76250683433372,85.45522157082135
2021-08-31,174.48284834715878,232.50311107064522,105.82832701971219,134.6030686001206,85.82247786752285
2021-09-01,176.56592938004064,233.437830192024,106.31311037924782,135.7488002055455,88.43992720202746
2021-09-02,179.65604087306656,237.81639391455357,106.55292534467398,136.14119436577045,88.23314544599042
2021-09-03,179.59443866324548,242.5291670657148,106.0036321400591,134.86870975361524,89.48963873346595
2021-09-06,179.3052356525146,240.33510608203224,105.6956530835681,135.4938443099262,89.11736171983516
2021-09-07,178.77617439808432,238.4067735237074,105.27176970151831,135.8618590521251,89.27874602467818
2021-09-08,179.4752940671834,238.2252198705018,105.86695213339648,135.21490156920595,89.2564615723931
2021-09-09,179.34553689505174,241.76070908924405,105.72768067046677,133.1602875494915,90.03802329817935
2021-09-10,183.07239913675522,247.0075831036721,105.90057610511894,135.71220290812022,90.994638124201
2021-09-13,184.96263724200313,252.09760486541333,106.7721262684497,134.8709545653558,90.92053730822929
2021-09-14,184.45588592453151,253.35735781641887,106.8581885329254,135.05504964448645,90.42056804084663
2021-09-15,184.0813452969118,250.16104443852387,107.17199530620198,134.6647694867637,91.2025279111627
2021-09-16,186.73903254938975,254.67079084922815,107.50411316790893,133.78293613341094,93.34387607283018
2021-09-17,184.74626710790906,253.6159470884185,107.47576856454874,131.95800838219503,93.94384298340958
2021-09-20,186.6685832876403,255.10151231661737,107.15057166007063,133.32436408910462,94.30018395514699
2021-09-21,190.29815059697304,260.27659005503733,107.26231397783303,135.21721193020656,95.90449145813655
2021-09-22,192.12092828262547,262.95026485639517,106.92543182292916,135.80303677989482,95.61427397050316
2021-09-23,192.36715721694634,266.9921633193821,106.97001411092455,135.597696497933,95.9199375873802
2021-09-24,190.55338227603576,262.22978958335125,106.75610808881599,136.3481245164587,94.83685803503393
2021-09-27,193.4737033599901,263.10107741291455,107.22961565716929,138.85825504308994,96.20688800616264
2021-09-28,192.28765250260244,261.4650126055265,107.41591423050556,138.03260825465347,95.7942701441976
2021-09-29,191.33433600150929,261.12075192718873,107.3309878577833,138.13816291881182,94.96926762828475
2021-09-30,193.38005095708445,267.37839625812103,108.36012046388541,136.59037128720516,94.67070647616136
2021-10-01,194.17032255430408,266.46596983222037,108.25654317485738,136.44133045558442,96.13575070356568
2021-10-04,195.14483662806794,263.6284800623897,107.91295903305591,134.75121647238117,95.75035896210807
2021-10-05,196.3407599269621,263.7520649024519,108.28014035096831,135.40813979647442,96.59274297605847
2021-10-06,195.07232434223624,261.53399679202806,108.24542044792132,135.89797663489813,98.01399731989865
2021-10-07,197.27351366160758,266.0855824738784,107.84464637022724,136.34509929167504,99.721335686581
2021-10-08,196.56095246272852,268.1855922751531,107.53936855881155,135.3569326563772,99.67221383155122
2021-10-11,191.98716871341858,264.8673562934301,107.50895551925079,134.60716423806025,101.92334021908923
2021-10-12,189.69593091521577,262.19924622274135,108.3115219470508,134.19788605723366,102.02093297372494
2021-10-13,187.87129190531766,263.3625927422877,108.70210117427568,132.43495028491944,100.24536005827404
2021-10-14,187.46239242540884,263.8914973272699,109.18677362492247,133.22881145898882,100.60653797291978
2021-10-15,187.91986460047997,265.08663809014195,108.82993527867045,132.47783503365108,100.15959303914377
2021-10-18,187.56279726163513,262.163395334097,108.9205731562728,132.65763550035598,98.2114830288609
2021-10-19,193.18964170314237,270.54243923300373,109.08216761509937,134.50190728220034,99.10938559320326
2021-10-20,196.60016375681022,272.06055631806515,108.88970389960242,135.92644989020096,100.61771837054627
2021-10-21,200.61029069669857,276.02947531465713,108.75867684116542,135.24663987092865,99.74159207608551
2021-10-22,202.6840484911847,277.8280713855792,109.64670574622872,138.16964030999264,99.03032285117904
2021-10-25,203.20915549385325,281.74624729115794,109.9944919583225,138.51654488571833,97.59642960216304
2021-10-26,203.81525116440952,278.5526531842086,109.69708659113631,139.70532017522586,94.63152229590614
2021-10-27,204.09512552672186,281.4590348774265,108.74846779979828,139.44256591525595,95.3915362813454
2021-10-28,204.9386327983897,276.8709738162371,108.51953901318976,142.0198943690114,95.10554399971987
2021-10-29,201.69770595758948,275.9931495293334,109.26130165359173,141.25464864055346,96.06488846411172
2021-11-01,200.4623605161485,272.67419899669034,109.35173455494964,140.35516181377517,96.98093743936884
2021-11-02,199.17418401238817,271.5687269691929,109.70280821271355,139.22266462951802,97.72779641582649
2021-11-03,199.83256827032164,271.5501451408049,110.40265702260457,141.29400452055958,99.36866063206539
2021-11-04,201.0135893213785,268.9071387360847,110.64276375642743,142.92479484953074,98.08938356734103
2021-11-05,203.7567551785602,268.70189266072407,111.22157056222117,143.85529242050106,99.41836149929074
2021-11-08,200.21498379681546,262.123391921846,110.86572297435693,141.97442958693185,97.5801617085942
2021-11-09,199.2458668901247,260.55944661976685,111.25702446131764,143.36989089846733,98.65445349109729
2021-11-10,203.05419807322136,266.49812273113633,110.63326481444729,143.3339904453109,98.53106985968539
2021-11-11,204.6313105108127,270.06445352223716,110.43618029419588,142.91067327812192,97.62884075434728
2021-11-12,208.9752611622725,276.6964257292952,111.05954179566,145.63456569065696,98.7355051031623
2021-11-15,209.6676576860506,278.0371743675538,112.2224426225768,146.29813101444736,100.33850598942497
2021-11-16,212.17261929093956,283.24994928588484,111.88160753432572,149.5595751128299,100.44737906366801
2021-11-17,211.62205836245843,280.0045239343216,111.58159879291422,149.2191682682911,100.61793797433852
2021-11-18,211.31398282147035,280.39777892424945,112.03619642774183,150.43219587819272,104.42621008597169
2021-11-19,211.21379853014318,275.1104771857509,112.3479305692574,151.84079162615353,105.73397592400721
2021-11-22,212.89965368190886,279.18925793826486,112.07072719729436,152.40551398621272,107.13225425136723
2021-11-23,212.08506909506983,277.94248389968004,112.62361113024602,152.58796069414797,106.49717326247806
2021-11-24,209.6505599147245,275.48337734820325,113.10624077550821,151.40733005876564,109.72566798871878
2021-11-25,210.42232375315172,276.7021674465794,112.89226962962205,150.71266726035458,110.36089484219164
2021-11-26,210.8157635095576,277.398313179659,112.35790391752256,152.150638691572,111.69228073918454
2021-11-29,209.5686005094461,274.1530807968984,112.79591980989355,151.82315420094946,112.07051104082682
2021-11-30,206.29103287844862,271.65606341527393,113.54036231136465,150.9817560577905,111.98864682721405
2021-12-01,205.07688510812812,273.5144343997314,114.30625463277578,150.8768390751139,109.9180604944871
2021-12-02,205.56816109136403,272.9275795025681,114.46544870412785,150.67787439941748,109.70328048732414
2021-12-03,209.32792844266496,279.30668329213677,115.41050287632306,151.5506665234334,109.56523984037953
2021-12-06,206.95811721482676,279.0073134360252,115.50166097271124,148.47105442950863,109.51907351013057
2021-12-07,205.23541213279682,279.913329066207,115.77298574375207,147.89298865790548,111.17749667191987
2021-12-08,204.414189863411,279.6502019972938,115.85092212925387,146.36017508553897,109.4099805091196
2021-12-09,206.1764225594,277.6637860114913,116.33455566273543,149.18635186812062,109.74076366209702
2021-12-10,206.79565554114276,281.33513016067116,116.88582502131372,147.4919109383896,110.18662745276175
2021-12-13,203.6667891152337,275.9428034040729,116.34660508012094,146.69598857887345,107.17948428657435
2021-12-14,204.8549991163262,277.7548412968548,115.816585921996,145.79188057248209,106.69660279802314
2021-12-15,206.48889722994878,284.86782349600503,116.68064530220015,145.60659046087028,109.3295808780105
2021-12-16,208.27411896789604,283.2799187798032,116.3815386973591,146.83785277798452,109.13716769111723
2021-12-17,206.1196073610391,279.9618616595191,115.55471948813403,145.7680082826897,107.76526568600026
2021-12-20,207.5904085426294,281.46833271044136,115.66044839148644,147.27322608043687,108.40264319759099
2021-12-21,207.77194976643312,278.4795619807851,115.21633595465022,147.16375498035953,105.99807571786313
2021-12-22,208.4022502833984,280.2882486851246,116.01467810392512,147.16212900210522,105.84678327050369
2021-12-23,209.6337450113443,278.0140890088222,115.93918182067644,147.31348468805518,107.13883555465611
2021-12-24,206.25690103528464,275.4278952277877,115.81623241783183,145.92266596723638,106.8406268419682
2021-12-27,201.55160359345726,267.74317377610726,115.68157516376192,146.5504504811292,106.74034553253755
2021-12-28,199.39323057853528,266.81822787482275,115.90308627867418,146.72225451552313,105.35157867656069
2021-12-29,203.24255183211912,272.5454651117923,115.42915222491573,147.58846919261688,103.13300799429595
2021-12-30,203.4766492570916,271.2902481540278,115.83336080981177,149.11701567481668,104.8589103912831
2021-12-31,204.06094356104663,271.69361869848393,115.29207392952725,151.64908041877095,105.81268426449853
2022-01-03,202.97134046549138,269.6693242715464,114.83948085440016,150.49438691265397,106.97261826855716
2022-01-04,202.08197403756682,263.9279241890235,114.46106614011036,151.14311153255377,107.05795301546644
2022-01-05,202.7150210849268,262.93332845818185,113.79567555959147,151.28643059074938,108.25045493106471
2022-01-06,198.8002283839916,261.31419476452476,114.80824361736701,149.78559934085843,109.22516630113479
2022-01-07,199.30362119812713,262.0016518127937,113.78291043250005,148.81327579027163,109.0306649896916
2022-01-10,200.8188580328198,264.6259979731586,113.99287759443564,148.50037805432308,106.40924918849652
2022-01-11,202.91735715120853,265.35990343248113,114.2578050051962,150.28259823064678,106.86884187933371
2022-01-12,204.99710250864615,265.6170621325173,114.46273358336319,150.2223347999249,106.77144046296215
2022-01-13,204.4592358673778,262.5599663819487,114.13224773932026,150.95698829604876,109.86935895717255
2022-01-14,207.19462184222868,266.13583312641225,114.35166904886943,154.10482335238643,112.65475492355218
2022-01-17,207.5742587474656,267.0102825208495,114.07023833854004,154.09641390959658,110.99066754770475
2022-01-18,204.0487317108613,264.9442515941381,113.65464420747917,153.16265695770758,108.50756977833794
2022-01-19,202.96415760273624,261.32434912818167,113.7271630851478,153.5890601504862,108.88771916831972
2022-01-20,201.84533017248216,261.2797491957223,114.65936439724034,151.99278108287666,107.87801458013979
2022-01-21,204.07441768647283,262.74813941445825,114.52098007432573,154.44221459237858,109.2318453498869
2022-01-24,208.45294276797907,264.55076025078586,114.57256303703716,156.51582925218776,109.47550678267785
2022-01-25,205.2537198989862,261.0447911311097,114.6415428010612,155.94117861390876,109.95692080210198
2022-01-26,205.16815439396657,260.8735987497995,114.17460792023458,153.82969841278756,108.2717528558103
2022-01-27,206.83356499315298,265.3993299903118,114.40880283649804,152.93622863624398,109.3847141188927
2022-01-28,207.49152849180388,267.1406994121722,113.80417418585253,152.90578239643133,108.94955402155206
2022-01-31,206.701380525513,266.9009961691977,113.92154431046933,152.30023549952236,110.01468475656758
2022-02-01,209.28878636928383,269.840062801803,114.28222018242238,153.0952112764222,113.23022726161113
2022-02-02,208.50362749522594,268.30504206916584,113.71478720339047,153.14480713592866,110.92066408481645
2022-02-03,210.4055128707371,269.90721631224505,113.83920540004804,154.22442613267404,112.1920767080578
2022-02-04,211.55130589078874,270.516340916128,113.95248775633593,154.58836226279305,111.51465253320798
2022-02-07,212.4160580117595,270.0770915112028,113.93766935515137,155.50912420119306,113.18659454533015
2022-02-08,214.7014441723857,274.78460238559796,114.04103606694464,155.21382373484266,110.7430311299922
2022-02-09,218.54904689103805,274.8836408189531,114.39665032949975,158.1905714864442,111.27919473565086
2022-02-10,217.55532356546996,272.2622617528869,114.18759372186122,158.990596641198,110.61994907127179
2022-02-11,218.50433093617653,272.35225446340377,113.23305595581961,159.36527287522074,109.463361274584
2022-02-14,217.8531308305968,270.04654195238504,112.72378788404644,160.3829645487912,105.68929526681383
2022-02-15,216.49582566618238,267.57742326223183,113.2088700940133,161.10303141750953,106.57380526587899
2022-02-16,211.658095240268,262.24572051511655,112.60893453543048,160.4171701453438,108.02455467645184
2022-02-17,212.12067971641392,263.0812600058296,113.31802798244762,162.7389072966508,108.58597399361625
2022-02-18,208.50939660964642,257.9563194724488,112.586533921968,161.76451681458533,106.40885599712095
2022-02-21,209.85648787475543,254.4830955496455,112.58473528832404,161.40534759314087,105.56524926454018
2022-02-22,208.9835643760136,257.4820047125262,112.42383321914944,159.86283933913444,103.58363692170815
2022-02-23,212.21135955723852,259.11910984570045,112.94858837873973,159.48619922352648,103.29484516625543
2022-02-24,211.06505594689463,255.6797346555665,112.36333452990141,159.3939742880067,103.19775105996247
2022-02-25,212.23377882201464,254.20855478201628,112.66735069813367,158.8641740988375,102.16150182167563
2022-02-28,214.24140461187758,257.3517402990079,112.33206073411462,158.47966333046801,102.70338780609596
2022-03-01,212.70030883749777,254.4264416511009,111.64544826393816,159.09388465408213,101.57269392259116
2022-03-02,209.73701363287586,247.8370196687718,111.7217128948963,159.0756379601316,100.46223197701765
2022-03-03,205.72724255689337,242.74180425521322,112.04748286842923,159.66567965095092,98.7110486316453
2022-03-04,206.5807018092912,242.88032567151575,112.75385044896902,159.68825590384492,99.01357197037258
2022-03-07,211.0763308318179,247.7812743598027,112.6722951764719,160.16016147596937,100.30335125088415
2022-03-08,210.79113136013112,244.98622839010983,112.38714250014321,160.30271027219888,100.41974477079197
2022-03-09,210.37747213881323,242.82499398690697,112.12739656101843,160.32630978069125,101.99843458015638
2022-03-10,205.1735389960047,241.46660303094683,111.9767966553929,157.30460660265265,103.7884464517984
2022-03-11,205.60116685698185,241.15176401547166,111.71743436344872,157.04005251955067,103.91123742190382
2022-03-14,206.2134058976328,241.76722998347677,112.11997091628831,161.5437100415587,105.99220636251705
2022-03-15,203.56738817780595,239.7475859320482,112.29036016810561,159.17118886343303,104.49581727029742
2022-03-16,201.08076812813778,234.98492432205595,112.6441325832311,158.83850013194058,104.63179539123837
2022-03-17,198.2519976487234,232.8953949073925,113.18531059684665,155.53798609002578,104.21344669139123
2022-03-18,197.1247416629281,229.17223037167403,113.64303859712773,158.2371952629176,103.21090078486819
2022-03-21,199.30304018122453,229.76465818487833,113.17172021656245,158.49394106223025,103.59721606772263
2022-03-22,199.1646579195901,229.2773837053653,113.53537339294,159.60395767616774,105.7739716190369
2022-03-23,201.28337608223944,230.25090752799292,113.9909286369949,161.92586779285284,106.84887024303048
2022-03-24,200.36550723600524,230.13269365507298,113.89337983650442,159.12988441124,107.09299999701192
2022-03-25,195.22553295394474,229.4093549798856,113.66825586139011,156.7651386568267,108.9656730809148
2022-03-28,193.8325813893627,227.5025665763405,113.84628084751213,155.78544457550186,107.54556790650791
2022-03-29,193.29567603951307,229.6032687314514,113.94105997392872,157.0032005591362,107.24346594179754
2022-03-30,190.08287315097843,226.79916379275457,113.65692105216607,155.84184705055634,106.77556453149673
2022-03-31,185.62811471737376,226.98851448326374,113.59583096762822,154.6003141803142,106.36021511336911
2022-04-01,188.6032592031932,228.79483234199122,113.03320491971162,157.1235981436477,109.94381048410864
2022-04-04,187.5587642820108,228.04424991987497,112.15467554495442,155.35646935214487,108.90857902723825
2022-04-05,189.10149855827584,230.58723592207056,111.68739022594258,154.78210957665817,111.73533749595963
2022-04-06,190.5763714009746,232.3050367059503,112.26412868419098,156.03651857700552,113.76264420497544
2022-04-07,190.94696122249442,233.55980119550023,111.99692959533036,156.021313097521,116.04368135386018
2022-04-08,191.68833418926704,235.1437986037769,112.46397337138545,155.13265664039614,113.57951374813821
2022-04-11,192.44663477708974,237.0701697813328,112.73228140417753,154.15774905677503,115.31295373753639
2022-04-12,193.59074080875948,235.68859076406042,112.10379116535904,155.72669343013695,115.32238079777824
2022-04-13,193.72400471296518,235.2462661529691,111.8733257701044,156.7865275975371,115.17951300868418
2022-04-14,193.1105413886022,235.18458991807464,112.24679706730818,157.1945269021967,117.8933122082235
2022-04-15,193.94699359021817,239.06757992737937,112.76911148389898,157.1635411337216,119.4334432741357
2022-04-18,194.85519371190577,242.282026649076,112.07083824305386,156.34255661519651,119.46517019232235
2022-04-19,195.75311515021215,242.34812226023502,112.06688650523293,157.44042001379387,120.55776381245525
2022-04-20,194.99623819196594,239.64678857139089,111.87154807512509,157.17833012748727,119.7016264885515
2022-04-21,196.10218525552762,241.036959526321,112.3149692852804,156.7787629407943,119.6511265170271
2022-04-22,193.9324541495067,240.52586952028227,112.15823136874252,154.46037778163665,119.74975610624308
2022-04-25,192.06488645490907,237.70168635402115,111.76728986020818,153.04881470935968,119.55382128718102
2022-04-26,194.38479530011296,237.62359876435656,111.8089865545609,154.9742010286362,117.37940944260635
2022-04-27,196.81025539657585,240.49407415787155,111.66835959617296,155.94749480753472,117.53035091963827
2022-04-28,197.85629283788415,239.36733520583272,111.69309622022543,155.89735741138875,117.8941319649623
2022-04-29,199.60169652331047,245.02952335368332,112.20339426389437,155.55646068689845,120.76675966228618
2022-05-02,197.9305233252442,243.98273867931422,111.66582043401081,155.84731638068345,121.35072713946509
2022-05-03,199.70203559683287,245.6253824727248,112.54260880976494,159.16565370018742,123.5589263594093
2022-05-04,196.66175432429688,242.9023887025467,112.44488430481594,158.12041113372635,122.8461733432351
2022-05-05,196.55412043553116,239.64448742837385,112.41376423871374,158.41794987703776,122.33674002134993
2022-05-06,195.34223068705543,239.1889086966009,112.66765094133935,158.90725360279887,122.2118471338768
2022-05-09,194.26492029902224,236.1447703716738,112.44811243054707,161.7893680584688,123.08878197696988
2022-05-10,191.26186878826758,235.9037696340652,112.21368980950572,160.9410965773278,125.75089898209897
2022-05-11,192.68996391798424,234.829132228484,112.65763714000711,162.19314834695538,125.4210189361903
2022-05-12,191.25753236277052,232.2773962392934,112.41788104588633,163.28551855806685,125.59053064085681
2022-05-13,189.6215440570347,228.97442165146663,112.51097648896003,161.9532058568505,123.36094692460189
2022-05-16,191.92022555954347,233.65768588184358,112.35776177949472,161.7221492231708,124.91222486670542
2022-05-17,189.50655749986686,232.35129401612275,111.66148711301224,159.62010116224255,123.3448515217171
2022-05-18,188.65983478469954,233.7263704224799,111.69627652519199,160.63556192120924,122.63177763673984
2022-05-19,187.49362603971005,232.30084681315032,111.99665223315105,162.08831823811957,121.76806675659144
2022-05-20,189.39017420129562,233.42005411958962,111.76461123890536,163.08401833713435,122.1543772507047
2022-05-23,188.38330970488238,233.6336043810988,111.67728596983326,160.8513555064136,123.93723465773508
2022-05-24,192.01074753849844,235.91664738158573,112.17773117319005,161.7395205289864,126.63795269478908
2022-05-25,189.7430253609746,232.57079473649657,112.2601463070815,160.57719514110303,128.67403718387956
2022-05-26,190.2676412843008,228.80036355534378,112.06662841834843,161.9964001790007,128.6321701761382
2022-05-27,194.35991516642886,232.90239039316424,112.78461437988896,161.87304103690064,126.76381704433479
2022-05-30,196.7261887492411,235.70854520766727,112.9628121636158,162.16131735395734,127.354372373811
2022-05-31,194.21534055462922,231.43636601288554,112.48607549953593,160.11392120029814,125.08973667439788
2022-06-01,195.97969618885367,235.75529962838556,112.50524053316988,159.780929199499,122.54146098825684
2022-06-02,196.35153145472134,235.78691473191458,112.57230122966573,162.23589787308694,126.34997865524366
2022-06-03,196.52243419029313,237.0152785331958,113.62686091163437,160.912910657267,128.3071507655101
2022-06-06,195.2150655335715,238.2124048779463,112.98586322196329,158.52344564301504,126.98974827349119
2022-06-07,193.5790997115987,236.52238600286904,112.6660829532481,157.95925112184906,126.82368156723413
2022-06-08,195.79983711675212,243.31324028958855,112.79196431568057,158.05953848876862,127.5884560415211
2022-06-09,197.8543815239344,244.08184756581312,112.94436005572486,159.9364899564094,127.84910893170223
2022-06-10,198.18986986002696,247.3394921389221,112.4465809278613,157.6419174459612,127.02699826730692
2022-06-13,201.07653525790332,250.69316830534825,112.9896286592146,158.0298907991889,128.26519329458924
2022-06-14,206.98347846935619,253.4632992765914,113.83198282483748,162.28331824416873,130.27092425534715
2022-06-15,206.13214842708456,253.07339857846137,114.18343894450211,160.3524866009148,132.5927221627855
2022-06-16,206.30967322096208,255.6442239796778,114.31398988710038,161.95151874537606,133.72481272055276
2022-06-17,205.90649634820747,253.09363608328016,113.63462493614193,160.01112435985493,129.35060685502907
2022-06-20,206.2202015905426,251.95588889498478,114.86521520321283,161.75778173867258,133.31434564983434
2022-06-21,206.32789092078744,253.12604996732074,114.47444180002628,158.7509795970222,133.1909262189352
2022-06-22,206.05188837770916,249.99718220477382,114.22809445273352,159.64067030437022,136.73477307702126
2022-06-23,206.70485662218093,248.90661805703425,114.95095897584757,160.68970591849418,136.06015423341097
2022-06-24,204.8756874942401,251.34710791176042,114.90561726386885,161.1630213779092,137.37225796247395
2022-06-27,203.00062539624287,250.46109201093185,113.86155815345178,159.29544277197107,136.3775894112121
2022-06-28,203.74081549974917,251.3571973815388,114.36087050322492,160.69992330368567,135.8643429746457
2022-06-29,198.80121920470148,246.76581123930634,113.49080749169948,160.57724791898974,134.88320064206286
2022-06-30,197.35857582883864,245.6737016609827,113.35640990714897,160.51760095863366,134.38868084311687
2022-07-01,195.99231202845297,246.6104107096429,113.90801699426845,160.11806509325842,131.23956021316877
2022-07-04,196.9885093536867,244.4811119044501,113.61470904523352,159.15242662569534,129.9103136834681
2022-07-05,194.22827932640593,242.90039011325786,113.66400054212255,158.04765731355727,132.371289942506
2022-07-06,192.82981176219945,240.09373188886815,113.60030926023637,160.2618598686029,133.072973432086
2022-07-07,192.1587715700342,237.61891944487945,113.43909456788563,160.5152337163343,134.82437689777495
2022-07-08,188.050704663032,233.8310849270799,112.60643843733354,159.60471420966198,133.1220160983628
2022-07-11,189.2820422297641,235.63559688903837,111.60562954012032,159.533377489174,134.43568654389966
2022-07-12,190.18183774607417,235.60209806913895,111.66781009449073,162.37962820543586,138.19939129199338
2022-07-13,192.80370462236743,239.8348405612388,110.89011736608441,163.05816502325735,138.07780584725379
2022-07-14,191.87189261517975,236.33319288178276,110.55155800178869,162.37254706958487,136.52191457381852
2022-07-15,192.68987397464693,237.1988711377575,110.59955070493608,163.25343278490266,135.6648725209263
2022-07-18,194.58939219576715,237.89675854933665,111.43508433585568,164.89852920413466,135.02205988691694
2022-07-19,197.47479634662423,239.8253947723274,111.03185521645895,168.90942572857713,136.69740664453792
2022-07-20,195.38081876985456,238.4152898996485,110.33038049686883,165.89144224447193,134.95559768532488
2022-07-21,197.04937695265747,242.94144075036562,110.44031826628999,166.93431903023176,136.5749025170522
2022-07-22,199.58620874004504,245.31480887979748,110.294500459956,167.68639357491918,137.57284919610953
2022-07-25,202.43925256274503,246.9156205257611,110.68980898838913,167.96335558192536,141.06226744298283
2022-07-26,204.8419721387964,250.57774973316907,110.45382076977263,166.83817508713057,140.52336690756053
2022-07-27,203.89199576579443,249.78931358163874,109.8684111988312,165.80600067811636,139.04978986442362
2022-07-28,206.45869263219572,245.52639937124488,109.88880665699084,171.27669672869627,137.05181887853215
2022-07-29,208.39161781119557,251.80422263176143,110.16811058181861,170.3834321153059,136.68382849802833
2022-08-01,211.91643452454963,255.49285294748594,110.1060473450957,173.481892603309,135.41849021383342
2022-08-02,214.33119792628042,256.7192424000214,110.39964159515215,175.06315868501622,138.85533765729323
2022-08-03,212.46990473958925,256.12002623547426,110.54582649172681,175.79733331257162,139.52742403444392
2022-08-04,210.22566182868303,254.55737828578924,110.93016985602067,173.85061922369945,136.3005524638487
2022-08-05,205.74371165646053,249.18801440857575,111.25132210115616,171.22134054237046,137.1385891971965
2022-08-08,209.64778311872,251.08024866715044,111.2674017270842,170.87932751414843,137.15571518159516
2022-08-09,210.44067567772603,249.6798816950131,110.79828940658794,172.31430342844553,137.82917575407586
2022-08-10,207.86396871324126,249.97788839615026,110.38340678056704,171.52073424346221,139.93662124114473
2022-08-11,209.33393832389226,249.86014574059016,110.33052328740307,172.6078835315714,142.221758449942
2022-08-12,210.4489006201883,257.388727230492,110.8909647997919,171.63977202088523,142.3502435838805
2022-08-15,208.883605809587,257.9899393063563,110.69400310278277,171.3008985531,140.33343902497924
2022-08-16,205.98359032132757,257.9282718515277,110.29804232479736,170.3198007155481,141.22619219230046
2022-08-17,203.58613794100623,258.7148723383634,110.03998879002485,168.4191947924034,139.99942852293142
2022-08-18,200.12925131680714,258.04563565046044,109.70719785104039,168.4098770855236,141.44781375389434
2022-08-19,199.25255396118115,260.0052804798542,110.01512953896903,166.77317242468192,139.89847077518533
2022-08-22,200.0823117654926,259.760394398188,110.53229130525463,167.67188852375375,141.16247174091552
2022-08-23,198.0284236501201,257.7436559611882,109.90475216250073,166.8610723155417,141.50512722640298
2022-08-24,200.99237879035977,262.96806932596303,109.97748613475702,165.4482143210397,141.2637942040051
2022-08-25,202.64986603589708,262.76151030867794,109.70389816834196,165.92382950739625,140.65742501401982
2022-08-26,204.07887759341187,260.3148787626589,109.30466445355836,168.42184589361165,141.17773875522565
2022-08-29,204.68062484007515,260.287415183929,110.29423275927176,168.48000987598303,142.70020962421458
2022-08-30,208.80916656336456,266.13572194854333,110.49070927438069,171.21908239085366,142.84187321149227
2022-08-31,209.24170737261255,267.0891305837835,111.2670438374048,173.54895109255597,143.14477129191812
2022-09-01,212.2463399511771,268.41875060584135,111.38609778748516,174.19784118790585,141.2015956826708
2022-09-02,210.44941441377975,266.472207398509,111.47613224542118,171.73420230629253,140.33523533210573
2022-09-05,205.40264996196268,259.0048548399748,110.6722691447116,169.0154414539923,141.72351373578252
2022-09-06,207.3315384783585,260.3063088062006,111.34139565559718,171.58031342681556,138.4825514125279
2022-09-07,205.76434090862045,257.6686112031909,110.80458318504662,171.04238000750595,136.28659906065494
2022-09-08,208.73952322776142,258.64201598316714,110.52696993624626,171.23882342458495,135.78064446788142
2022-09-09,213.90451835823492,264.08404892603704,110.81744987906478,173.84522389628324,138.54704459310705
2022-09-12,217.15747194294454,268.452078443576,110.66678179155278,173.69509155932806,137.21051913718014
2022-09-13,219.58403894567192,277.3535361399603,110.98054484560367,171.8466681743652,136.5330363832286
2022-09-14,220.84144941272328,279.46149870979895,111.94886528853243,172.15042968280747,135.75833482420276
2022-09-15,220.4761079784038,282.051147013488,112.31347798239757,171.11107375542412,136.38653084938582
2022-09-16,219.512266328939,281.44547128112436,111.45948623000754,169.55340517019738,136.0972407134228
2022-09-19,219.95792333034814,283.5121118522339,111.20591065539394,168.75630369221128,136.99214047650773
2022-09-20,224.29502139217692,285.96999508706807,111.16438625150667,170.326638574685,134.98430766564925
2022-09-21,225.00531555485895,280.9473953264205,110.73055023519109,170.36433082364465,132.92962011445152
2022-09-22,222.42573136393764,286.3652204345182,110.79032931495836,165.91129867327209,133.24232306850746
2022-09-23,221.94231243236152,281.6286896289596,110.47035633882014,166.40662107446315,133.47413445836
2022-09-26,219.8095323489623,279.4045959125786,110.97210259773023,166.08455177814784,129.5846418957905
2022-09-27,219.68233677861173,279.58734376461007,111.51665893558638,166.49166316645722,130.24908822309663
2022-09-28,218.57047977010154,278.4937590152095,111.42041426876754,166.95010923215295,127.76210138512525
2022-09-29,217.0441786345316,271.8249653082664,111.17950796028705,170.15341165707147,127.25839252879977
2022-09-30,215.111543725107,269.720267227445,111.23196871688363,169.15988122918998,125.25282284989572
2022-10-03,214.30883251023323,268.4008120023567,111.42324994925137,167.8535478130526,123.5574033874562
2022-10-04,209.71590789761171,265.08769696208213,111.41244263925643,165.97568311867533,127.3442554601739
2022-10-05,210.16485575901038,264.8362367575992,111.40612435839617,166.78478378757336,125.83223300833436
2022-10-06,207.42947589038434,258.3701502248976,111.22766051980403,164.96814612514282,125.24113282781767
2022-10-07,211.8732806430765,264.5539045061656,111.90681895188202,166.4083447785699,126.46283347758596
2022-10-10,211.3442030112281,261.6518095708867,111.88983069261731,167.0072170653373,126.35840172467505
2022-10-11,210.56298015129875,261.92730404315887,111.90712590596227,166.48168114809732,125.79828463975966
2022-10-12,211.8607352700084,261.6009615849264,112.11135587066056,169.13071395690397,128.2325435914422
2022-10-13,212.2138391301327,262.06868293629066,111.79438699980989,169.37110529976337,128.34579140374564
2022-10-14,208.66922092530783,258.93072908605734,111.48778416453314,170.57427051533705,128.39827813631777
2022-10-17,206.62002569473518,257.12748170199416,110.90360044893828,168.69142017033855,127.89895592686413
2022-10-18,204.43749034383734,255.7811328666603,111.25950531224605,168.02048541400166,131.0751993985374
2022-10-19,201.994723605757,251.30194738676633,110.43449702175892,169.65764012769327,131.39736441987608
2022-10-20,207.37960122052868,259.43022039367816,110.42218423990681,172.30961249559496,131.24305843644996
2022-10-21,211.91295736040212,262.7150754578561,110.25441949999563,172.83286547390662,130.30221485580412
2022-10-24,217.41604744015288,270.28370037216825,111.17469471057714,174.7189329812614,131.1376131860126
2022-10-25,218.41452095668564,272.6637659737438,111.46348312696215,175.34437314917363,129.6659856487424
2022-10-26,221.08436117108403,274.14907820593857,111.77050384964417,177.37888613278184,128.30195946492728
2022-10-27,219.8689007147168,271.2193888676647,112.02290555513027,178.1169913185006,128.10392473703817
2022-10-28,221.55903425320943,273.90833422826745,112.05510008146939,180.0401809742085,128.7186914022524
2022-10-31,223.631918681739,276.74114635990566,112.68846529760665,179.38510643596754,128.2167750224271
2022-11-01,222.49073633366635,273.35843723165334,112.49100761952946,178.73710408090716,130.25598555920902
2022-11-02,220.51056223863736,270.6918556889936,112.17200269201075,178.4456099491848,128.36640253828574
2022-11-03,221.62423977700638,270.5232050561787,112.05501547978416,179.37226084442227,128.44351778261483
2022-11-04,220.74841579312573,273.64806853984635,111.75870993962764,177.4160426525168,128.02538783173162
2022-11-07,220.38715314084604,274.77305207718325,112.16964379720163,177.5239381163124,128.577582040205
2022-11-08,217.93924435284464,272.82354584535835,113.0370932133737,177.4019273873227,130.63047665709658
2022-11-09,218.55677124089064,273.6755502035981,113.11584173607395,178.05794078856957,131.56746359847628
2022-11-10,216.48449946685798,268.0282431553759,112.43224073672626,177.42064662276852,129.82005501655004
2022-11-11,213.21741871849048,263.40221777965945,112.6745432662283,177.41449973332556,127.21436476142367
2022-11-14,213.03492449482752,258.4143842854123,112.54554997030333,180.0473373783844,127.33817335993632
2022-11-15,214.20949846314875,256.8137804629299,112.98387044020298,181.2944954534268,125.7201264876412
2022-11-16,209.5286104353671,253.10611453285046,112.99357887317815,179.3399098694401,126.23117700164003
2022-11-17,206.7355564918413,251.55261105614727,113.26045935358458,176.52537897509313,124.19588543005848
2022-11-18,206.67025823001984,253.3462686888967,113.86362437486022,178.09907089770905,124.6399475931567
2022-11-21,205.6060823470804,254.83385287364237,113.62345955476336,176.7874360458334,123.65264119609193
2022-11-22,206.62427604824742,252.9136439339007,113.98288386043596,176.02933930914207,123.32992440469744
2022-11-23,208.02547558170747,251.86047845595718,114.76268572077959,179.15485280764537,124.55250757098118
2022-11-24,204.39577470264973,247.8035832828976,114.22168915730337,177.18416040883568,124.00825598938587
2022-11-25,206.0298370469705,249.00150413753303,114.34173640811538,179.5617244295728,125.23153276741101
2022-11-28,204.74903746428024,248.35074923362853,114.44789795324795,182.98464971659584,127.27670675420623
2022-11-29,203.6693710098302,244.31062339552452,113.96139490793908,182.80323949064845,128.7372477059259
2022-11-30,202.75029383755822,242.0775033210501,114.0825683202995,183.20454304007052,130.06325749086352
2022-12-01,201.1250119856646,237.3774099755591,113.37107791653438,183.7043735292555,128.05854340884514
2022-12-02,201.57138191112085,238.25362875525732,113.20426482985854,180.93869846918528,127.32809383190823
2022-12-05,200.48702196031184,236.37180272571587,113.03926653705676,180.5369792132481,128.269347694395
2022-12-06,198.33600043727424,233.47627693472282,112.33489752908153,182.83662546299587,131.07060294647903
2022-12-07,199.23430223841484,234.75859983482934,112.71263569352053,184.90214902133124,133.00921139789295
2022-12-08,204.1298521318276,237.34508798885963,112.15324654046326,186.3505406475407,130.5837098505894
2022-12-09,202.68659036142606,234.05173407636548,111.39904966325646,186.3355177922934,131.35183788008402
2022-12-12,203.21744860036154,238.00709114231887,111.22788348663444,185.5862157410952,134.2467243262054
2022-12-13,205.41694656132634,241.63107907172582,111.31537698849394,188.5213406495589,135.27149777113675
2022-12-14,205.76324716927584,241.75779730402732,111.59468336290065,187.10875764804288,135.69689470932025
2022-12-15,206.01819913991832,236.6141777718492,111.23359481469208,188.75854103707985,135.18261793792362
2022-12-16,207.25502033951568,238.75104745608277,111.18525455681691,187.7013056939563,133.6158489817185
2022-12-19,207.61596894663384,242.7188802368843,110.48344877998504,186.50018797149227,134.80941773141737
2022-12-20,204.77807573750647,236.91342918971787,110.5894525252318,185.9068513250266,130.40661184290306
2022-12-21,202.66511270437215,234.21717261323155,110.70595749155416,186.36709627720717,127.70736140633245
2022-12-22,203.05969810065636,235.50279709351818,111.1919599390512,184.9184325435525,129.99564820516463
2022-12-23,207.18413594375892,238.75989986459666,111.17775096770556,188.95621172303538,128.4723769625047
2022-12-26,207.25276953130464,240.91838574934786,111.41042034015551,188.98716027654424,127.15753030064445
2022-12-27,212.25651418740634,244.3383632034422,111.97582535948045,192.85894329547529,128.56824088377383
2022-12-28,211.25930781564293,244.18537792010673,111.89638711685197,192.99752013080644,127.09319479831419
2022-12-29,213.08136086491558,243.37581421341588,111.54885003905662,195.67388056594098,125.2274910376902
2022-12-30,215.16005046221323,243.0890495874205,111.62174422015805,198.5657559566183,125.9539172121676
2023-01-02,217.56515667848905,245.46253688364058,111.74645688180635,200.04129719009484,125.33476557825868
2023-01-03,215.33403002024616,238.54035386772964,111.49714667482205,200.34056722940144,124.00754523397903
2023-01-04,212.9653802231062,237.68219469408285,111.04269474255449,198.2460937307724,123.58011186016986
2023-01-05,212.46102559322054,235.75138250578632,109.63589368698811,198.56949402313174,123.16802558818438
2023-01-06,209.99746362809893,233.75530137601723,109.80226373197904,198.66575244318753,125.37754435378588
2023-01-09,205.89566098971167,229.21674616664092,108.95028342701141,197.49119811213347,126.66117481338917
2023-01-10,204.33111866141994,228.49542382797833,110.26404429144618,196.00993861408134,126.07266799046042
2023-01-11,203.39216461679962,229.2303945492788,110.2397100378071,195.02644219160825,129.09522090027755
2023-01-12,202.57312497038907,228.3173571139207,109.79209460513479,196.1976955563909,130.63933543612953
2023-01-13,204.5228773346442,228.66295592777934,109.73912596220492,198.2855460079306,131.84025626327102
2023-01-16,204.8421928181229,226.73010772010835,110.03205442987954,201.7774822532133,131.23783580888147
2023-01-17,202.91595292940113,224.10686673873408,109.78549382713084,201.16681999394083,132.0091545677885
2023-01-18,202.75446962935985,222.55110082373855,109.8157620425608,202.548535112846,129.88124501071837
2023-01-19,198.12970997038107,215.89864832257794,109.57245328829784,199.77134577790608,129.46700331799016
2023-01-20,198.083285954056,213.26011715148474,109.30118639735649,199.79911443925477,128.61996717362854
2023-01-23,197.52498696694465,213.42216638922028,108.82400294051628,199.08412331803495,128.6201608396536
2023-01-24,198.52533084610823,210.8790056466447,108.21219345068673,200.76192306497273,125.44281168749711
2023-01-25,196.31388901242667,206.51900820610825,107.46396461757438,198.28778850610337,125.27183003945245
2023-01-26,194.37803890634535,205.61787923164493,107.62232111516579,197.48280190891023,124.1909376654222
2023-01-27,195.37656364284982,206.81736034442326,107.60326865696388,200.69551636757797,122.97425658018221
2023-01-30,195.02368737195093,207.78245550008566,107.57495769459516,199.1781939095653,125.0275929555553
2023-01-31,197.14068095133186,210.92846187581546,107.54240874604912,202.44215779595294,127.10149342204369
2023-02-01,193.79412194470675,211.116595773766,107.58354149162611,198.73901680696878,124.11125370312375
2023-02-02,196.01840634198874,213.93808984013626,106.66048770347875,199.39708933884387,125.58177162681699
2023-02-03,199.51662482339617,216.79152565454808,106.30814989988062,203.67215920993513,129.09827999678797
2023-02-06,198.86321376128038,216.77109977018964,106.44242252512495,202.92147760422233,127.69844903027447
2023-02-07,196.76567484056716,213.84751315748537,106.17664540728083,202.50512491679436,126.42166543194477
2023-02-08,198.61862639523193,216.4235874498682,106.66864237825902,203.16058850080637,126.86003914362078
2023-02-09,198.2724754011557,217.70346459356148,106.28023362244079,200.0461701971298,125.46718371358881
2023-02-10,200.13738862634963,217.0906429003523,106.06673708623669,202.5959777617383,127.2465000391166
2023-02-13,203.3641387119447,219.44771146704386,105.4594395534741,202.67832769793094,128.33762283479163
2023-02-14,207.08756963127345,223.1369641183064,105.96579359403752,204.70482286181397,130.2801117319365
2023-02-15,201.4304130138084,219.86951392237452,106.01058456010706,202.123292673324,129.0275459778502
2023-02-16,200.09143463581788,216.37715434392177,106.55589874999582,202.90659513730495,128.51465596961654
2023-02-17,197.44272528271333,216.50402632441973,106.0063111269088,202.20287305416153,129.83983032794123
2023-02-20,198.0204807603968,214.5657272446802,105.90689495862517,205.24760230429226,128.13674179288836
2023-02-21,200.68314952625332,217.58459093847534,106.34584193220257,207.52227136999034,127.61057129490439
2023-02-22,198.6137365127688,214.06475139494302,106.1988844996765,207.90146425449288,129.74760511712248
2023-02-23,202.25309875020122,213.92614494096586,105.60070744987536,210.55146906657893,127.4942266125268
2023-02-24,203.29594496862308,218.0014507755455,104.98957106541849,209.93693013237927,126.94506681792932
2023-02-27,200.68045761628093,214.3891294621418,104.58814420251747,208.6145333393016,123.89527219781573
2023-02-28,202.58654786155032,216.0306183593439,104.3030452681883,207.56214297899666,123.51750476820146
2023-03-01,205.6310845322653,218.95608670344916,104.15202195315236,208.3595809649529,122.50743408432373
2023-03-02,210.96149319587036,225.56894421672803,103.66225236329075,208.5987822700989,123.82865945256367
2023-03-03,215.23254201355232,229.65073864616022,103.39248201046476,211.68948502466222,124.92990650210541
2023-03-06,211.63949360040056,227.44685756215563,103.27065839283138,210.09024442143786,126.30020836469117
2023-03-07,209.99138865644193,224.22100374607606,102.49669945964521,209.8646515718374,126.4765425667507
2023-03-08,212.08660731512649,227.28610157779312,101.8663017928642,210.3268432750806,128.13986311754022
2023-03-09,210.17517909762978,227.28500337826026,101.901904693618,209.89424105354408,126.47758083762413
2023-03-10,212.2366602671663,228.8095779889013,101.71927347151201,210.24207308741967,126.18585596146123
2023-03-13,207.62603684736706,224.76602590520082,101.01162259997196,206.5739269030618,128.4224707861206
2023-03-14,204.6901851469463,222.5794121721841,100.89833217962831,206.1889490341679,129.53104550097913
2023-03-15,205.74706329497818,221.51462582770182,100.69615668958569,204.51680358182674,129.65761846811503
2023-03-16,209.6933125965115,222.73316807254346,101.36010214244489,206.47246718397807,129.0666305064667
2023-03-17,212.80695128882385,224.412964665987,101.55056679369432,209.61133487228443,128.21923200094025
2023-03-20,217.90340902243406,229.58759232960918,101.88701938085238,217.07293475693882,131.38388649620933
2023-03-21,216.9431100302099,228.47512815801693,102.05438049982544,220.4331429554531,130.05656024036068
2023-03-22,215.7177092349809,224.43032447920314,102.34389586605812,218.23003113575194,131.27455862003202
2023-03-23,212.94527788166832,221.0936945831547,102.22108769011054,216.93794050037627,134.72383206870336
2023-03-24,214.69191139971224,224.60568992655539,102.32130107999731,217.4566791404488,130.24604204315293
2023-03-27,215.76756241235117,224.7841944959288,102.39352434482207,217.3488624172643,131.0162894353119
2023-03-28,218.18136643890216,226.97997553872872,103.02950491947473,219.78525752969696,132.18086004495797
2023-03-29,217.56082555447028,222.92402320829262,103.41221664035396,218.28539143730436,132.96383145317535
2023-03-30,217.22246701530298,225.3370229826436,103.73725291186926,217.91287518239372,131.7444739086214
2023-03-31,217.34894916230286,225.19919237118256,103.47560173760881,217.58466700588866,130.8185658568634
2023-04-03,217.47142103868845,224.74402475177538,102.65056730163904,216.87194229148562,129.2854635476749
2023-04-04,220.99327879880914,225.60207248078547,102.6693176737292,221.04095421097213,127.69286252247926
2023-04-05,223.25147638918884,228.61218082223013,103.16975434280474,224.71835144329887,128.11960352813418
2023-04-06,222.55479448024792,229.15527238208034,102.46785408137433,222.10794012113215,127.27849597257756
2023-04-07,220.31059467568124,226.5416689571075,102.61350347391908,217.5752563113809,126.01521481678395
2023-04-10,223.55675392850287,230.87829158902045,103.03387775275965,216.6997187864728,123.61587963245091
2023-04-11,229.31509609777643,237.27181614829922,102.84300876354524,219.68338841608653,124.14217476679408
2023-04-12,227.03543540019177,237.13258111097767,102.40451241694537,217.8189921180679,125.55739714565777
2023-04-13,222.17226809057894,233.45574795460763,102.30428154668607,214.61521353083967,126.21060929287853
2023-04-14,220.78829877770806,232.9815729141766,102.24784895144133,213.43924058333118,124.45408321288156
2023-04-17,218.14178903636886,233.26304195205668,103.15122075611323,212.36029398989012,122.80756527030528
2023-04-18,216.01124721285956,231.345688959177,102.71957763023964,212.18284439971313,121.65913117899069
2023-04-19,215.35149794935072,233.53718740555598,102.77467237421394,212.19339410865769,122.289730833671
2023-04-20,212.3311908899001,232.93662544333134,102.84872906760603,212.41783181797052,122.46135218285572
2023-04-21,211.5238409283272,234.1621305750042,102.53036673407385,209.4721236612974,124.49892634356688
2023-04-24,210.0736240263764,232.31560175392994,101.96697688247076,210.2145647628605,124.63869796910325
2023-04-25,209.9031036907433,231.7777205328658,101.89908999379004,211.6565595801112,125.09923039780983
2023-04-26,210.04178534503373,229.39403003815636,101.8743260119747,211.60308683845756,122.72780222017141
2023-04-27,209.33612251645388,227.94744140936817,101.83129268800121,211.46509816522718,120.88254556947923
2023-04-28,204.23344428661045,223.13420832743748,101.6017465177519,208.40516709772757,118.98894440065474
2023-05-01,202.58371976024864,224.01002772202503,100.95056223488157,204.811827766522,120.5885994600588
2023-05-02,203.72400185881733,221.400414509068,100.93771757136203,205.73838714446023,120.11097894893803
2023-05-03,203.719637370614,222.78977100565075,100.24536812592963,205.1823385335111,122.29009683138214
2023-05-04,203.5742474661654,222.09070100675103,100.32727518922664,206.32027717916964,122.17515705955422
2023-05-05,204.5496741263628,225.22378721668778,100.96986132888368,204.08030849477478,123.61574334272431
2023-05-08,205.23577254363028,225.7220270234203,100.51698870142182,201.88738830566305,123.16683976925017
2023-05-09,204.2492564102707,224.6818880296932,100.3367992357858,199.0901884195895,122.52616102165364
2023-05-10,204.05338598258038,224.90172856977054,100.52316326439177,199.05431509453177,121.7679571257643
2023-05-11,203.71201802431577,227.54494622975128,100.44262645345373,199.15606788772618,122.07641960909028
2023-05-12,203.92115518969166,228.19950496872812,100.72482581207555,202.31945510976024,122.28675255727362
2023-05-15,205.81866862044845,234.3926256012439,100.4930706600419,205.0698315412812,125.60033940280435
2023-05-16,205.22852697968972,234.5102891490078,101.36834164238037,204.88342294208556,125.33449822605928
2023-05-17,205.8461641592097,231.86747753261443,101.25505843701967,207.55727910988435,126.5122767358451
2023-05-18,203.8812494049151,228.56984672671223,100.73614368403219,207.27806572100405,125.26118157044917
2023-05-19,201.43522841676256,228.07645861080542,101.05063621837103,204.7725884939701,124.33818072950496
2023-05-22,202.39366075898357,228.32477022295728,100.52250864821366,206.41644310104138,124.54716149369007
2023-05-23,203.2296104422397,225.86309829049162,100.44446931487951,206.54654500778088,122.68128451171508
2023-05-24,204.1519829339307,224.8155287740777,100.81697213877854,204.51593654294643,119.97433943079665
2023-05-25,203.66157657854683,224.04282911584178,101.21275271784766,205.4968820489116,116.81042510404407
2023-05-26,204.406827334512,222.80258392830933,101.26493410370469,204.85447231252914,116.0452226488311
2023-05-29,205.8623868464006,224.3766502707774,101.24771096897393,207.3025946145863,115.87543266502173
2023-05-30,207.24687094368625,223.6543595554339,101.95014300800955,207.7069145164163,116.92794725853672
2023-05-31,206.8407914461343,219.99786823755585,101.5577044813993,207.83366448889575,114.61924607480414
2023-06-01,205.34724370320396,219.24585383408797,101.33170306953225,207.12066920414776,113.71258145142636
2023-06-02,205.20996199171782,218.27373453895743,101.45911979320212,208.20282543592432,115.44716801097184
2023-06-05,204.75086134227803,219.08180315371717,100.80219196046885,207.15085290042725,114.36834429515943
2023-06-06,207.0688425526509,221.47330389724843,101.47596684490361,212.90563684752973,118.3835986124149
2023-06-07,205.63998886641946,215.11256387664992,101.56378434382238,212.9999601655853,117.68826011826165
2023-06-08,201.56470404639145,211.27013239100663,101.07673425172653,208.876638440094,115.16988611300592
2023-06-09,203.53945717975935,210.74741334486018,101.34491295170938,214.46549481959622,117.56105790969636
2023-06-12,204.5830633542267,212.85575130820118,100.99739863086211,215.22741889548587,117.93685980285599
2023-06-13,208.6098694624288,213.82006137355646,101.39841555093152,216.4292265109462,120.0294726810275
2023-06-14,204.38916806685458,211.13903450920026,101.32293043975787,214.72168882529115,117.91156002076208
2023-06-15,209.3376283044931,213.3390104432829,102.00133648244312,219.9432740112522,119.77709207918336
2023-06-16,208.89083105715872,213.64445562568443,102.58750703697469,219.51958591054844,121.93429791276054
2023-06-19,204.21414719509627,209.4192540463828,102.28657525845395,216.5109363152618,121.3583262395784
2023-06-20,207.11035343151312,211.59758363235835,101.94147492565735,218.69029562575344,122.18742029012282
2023-06-21,205.66202762271493,209.95180422453154,102.02588164600546,220.74332120365793,124.49766390034654
2023-06-22,204.85286608826235,212.2480579090805,102.9142088005322,220.02816137539054,125.68825146855535
2023-06-23,205.11372499786305,209.59749672322815,103.15374729434161,223.48115121546584,124.78592190698869
2023-06-26,206.30982334185228,209.7877347040999,103.01217572844124,224.4328241438355,123.02971314313726
2023-06-27,205.9731566492938,212.4720026996376,102.77612734956749,220.69565182668268,121.4169462242576
2023-06-28,204.81531018772478,211.11129190096852,102.88851420143523,222.57022154769408,124.20198964675566
2023-06-29,203.2289338892597,212.2627904547212,102.80848399833442,223.17657221408967,126.92105237982356
2023-06-30,204.01753417294023,212.68154189388943,103.69803540332994,223.56823984448982,127.08281620987081
2023-07-03,201.73318346545926,211.76085398542938,103.6860261278981,222.14365938579434,128.45389854470122
2023-07-04,202.81395095591336,210.50074239053663,103.68889598352713,225.81184301351942,129.93860791515522
2023-07-05,204.0115171368381,208.95930715712626,104.15669020753235,228.34653934244182,130.2221197949421
2023-07-06,212.340834425821,213.56129441871337,104.34966595940018,233.56969351358035,132.31084892803
2023-07-07,214.90562780897116,219.2814826541711,104.44946836172645,235.77182579978225,132.92154283802125
2023-07-10,213.3047481965918,217.40395343155274,105.41198754685763,236.14045375152875,130.00343948256133
2023-07-11,216.38493577901775,220.7549917564373,105.58623227431596,234.38046447828174,131.2712485246228
2023-07-12,214.58633467094552,219.0219219088386,104.74283264331386,233.2625337255247,130.3458485055963
2023-07-13,213.15977731315922,217.99097999394897,104.73452530109533,231.37077453678555,128.14723634560693
2023-07-14,209.80360782214095,215.27170718660048,104.02884857961025,229.89379330702332,126.14314518323155
2023-07-17,211.20030408418913,216.7040927601791,104.38873920356002,230.1620602267726,126.4793293735264
2023-07-18,210.8723212643279,215.10079395114005,104.33362041393546,230.80340225697603,125.56797711642704
2023-07-19,208.2040395136135,211.80318678223696,104.82566280393016,232.83611399873115,127.31306538185135
2023-07-20,208.4694768569991,212.89679422635484,105.31960636807153,233.40443453198517,125.59860584540338
2023-07-21,209.0459498995316,211.86253614048525,105.54493106725467,232.83080372711845,125.18442562052094
2023-07-24,207.6470311310852,210.27715375660995,106.28245783441245,231.40035387213976,127.08930605930225
2023-07-25,207.0932855524624,208.07180155012293,106.28439268390278,233.20235315279976,126.63937316465821
2023-07-26,206.29068217913073,205.28330349430627,106.20001444110628,234.47227537315896,128.42208176150177
2023-07-27,208.64083107885838,206.57354883819647,106.00530900687646,239.1478098827173,128.80305579283888
2023-07-28,205.750933330838,207.02395687492535,105.75814488659603,234.53226973868456,130.91790461399452
2023-07-31,205.85419247283335,206.85537685291098,105.61706271678739,235.67761930611084,131.80872442858615
2023-08-01,208.24104212272357,206.65136789905415,105.87655161944815,237.7366763883551,131.04958976144908
2023-08-02,214.3044372571645,212.9709963424292,105.62865283708179,241.632868774628,135.39994941998302
2023-08-03,211.54700740364453,210.75741395440497,105.32013464158862,238.56566538164282,133.64156524294003
2023-08-04,212.35305799681944,213.87957590543388,105.28312428841846,239.59876813840583,133.46265303589288
2023-08-07,211.56409211632575,212.09858414464713,106.17238589660012,242.41732991244024,134.8144099079753
2023-08-08,209.96130416109807,208.67651328165718,105.93995691751883,240.8287894235062,135.31407613106649
2023-08-09,212.06908420709135,209.59922581253733,106.48914029548331,247.078503739234,135.75820054520585
2023-08-10,211.7782387649457,209.8301226567143,106.9521156016811,246.38396439869453,135.80385787884467
2023-08-11,209.4212635181882,206.55287903722504,107.35911070435581,249.1056716293996,136.36839610835912
2023-08-14,210.82037852204851,206.09031149146665,107.21921051774615,249.25714542793588,134.22637850000208
2023-08-15,209.30401370865627,202.18779792528812,107.70936827748676,252.4789946075612,132.3762699322679
2023-08-16,208.57853475510458,201.7682820660108,107.03021926634577,250.71498937154303,131.66623573081827
2023-08-17,212.5660177207529,205.9162284040395,106.90860798197572,249.04422606018488,131.90167129830576
2023-08-18,212.03643904492608,205.02749605886373,106.7899878408775,249.7775289480748,131.35556877480295
2023-08-21,214.39219143664667,204.0994736420194,106.84026820426236,251.74815530331767,129.65861002499602
2023-08-22,214.37626975066354,202.02451301584694,106.71153387555661,252.78228095252322,132.063088058998
2023-08-23,214.5207938054313,200.62572605009535,106.62873251946957,251.49218005108972,129.33181223848723
2023-08-24,218.0937940886843,203.83047638201083,106.45929840360402,252.98701137571052,131.43243867850626
2023-08-25,218.49098327853338,203.72895086870392,106.94510161300535,253.32166773957033,133.05186358664108
2023-08-28,217.13012936220414,201.78133977897056,106.91445123017853,252.6799848002561,131.90746026813608
2023-08-29,212.37482194162075,196.64953900852393,107.26535672010175,249.55787731736714,134.0643750071321
2023-08-30,214.70744693893175,198.3684451780486,106.69560313859026,253.3981862604547,134.2560830824448
2023-08-31,214.34009922738088,197.5728696010107,107.60612646674683,255.35359254474653,136.06505293417058
2023-09-01,212.60836876560606,197.51253908311642,107.89351444851157,254.58378366390758,137.0124533176083
2023-09-04,209.02589333811287,193.77059353678493,107.98952592750024,254.774815415026,135.65859373108466
2023-09-05,204.40327439037867,186.71629744226692,106.95545035553113,253.43555626287352,135.4424282311947
2023-09-06,206.58088986388435,187.78332819668535,107.16353401123968,257.65098272929737,137.9113475487569
2023-09-07,205.2223847775283,186.23348724627823,107.59137161777126,257.1911146464931,136.84692728705815
2023-09-08,207.4451538600377,189.32811936365388,107.98032835889104,258.268981241148,134.84719384573913
2023-09-11,204.21860273977362,187.37005233976316,107.81707593254515,258.6367779721753,137.21620136772847
2023-09-12,202.0936638322226,184.83259897608082,108.60590272980349,258.1199154739418,137.55020362781337
2023-09-13,200.6238058336735,185.48312692768707,108.79751483966031,256.344712339926,139.40214097728534
2023-09-14,201.5121190735875,185.7918730140772,108.91186548437987,256.78494059396024,137.7209786009018
2023-09-15,202.71822538984017,185.06738105843615,108.6567040567633,258.3462339897454,137.16495738966947
2023-09-18,204.0242822880223,188.4653138661688,108.95959458406107,262.8392794480445,139.78133884192846
2023-09-19,203.83595162527493,187.33620988432983,109.32241315462757,258.76222148136054,140.27421853739548
2023-09-20,205.11775179701925,187.63396976887378,110.56813070174147,262.35166698726016,138.0579149062501
2023-09-21,206.52873989576278,190.2405642312948,110.13491536362656,261.6049916906858,139.3689988236257
2023-09-22,207.37645630991298,190.70319541206436,110.78966750454946,262.22970691464786,137.51114225991515
2023-09-25,210.03857903579163,193.2114790383983,110.86779065308494,263.02056569366397,136.77268935004233
2023-09-26,209.22077039933095,193.83793413038623,111.09932766189358,261.49542331388415,136.70334417878155
2023-09-27,207.97699494320184,194.1357402788254,111.2022320530708,260.45142105005357,138.55363272242138
2023-09-28,207.46029288415545,194.56077327864904,110.61504851761129,259.06412751005524,138.26860738415925
2023-09-29,212.17545230676888,202.34592586675592,110.53058387981247,260.5851803587398,141.15727871353005
2023-10-02,209.66887577308424,200.17959455458052,110.05787841237178,260.51306567972506,142.37167327151508
2023-10-03,214.15672133194312,202.70401528838966,110.92766850034441,263.1605535045618,142.9960427062248
2023-10-04,213.87232119122905,202.47180844448613,110.74338425556411,262.5821694613799,142.27257361074425
2023-10-05,217.0277845586265,207.64163094880277,110.917058631391,260.1960636306194,140.1950162635988
2023-10-06,215.56856224029087,207.11869290669776,110.54112799102218,259.8639860655415,141.57687048164385
2023-10-09,215.6875000090704,207.2912905962843,110.05672669269575,258.56567098612084,142.37679367231314
2023-10-10,214.56605723516927,205.4506865893666,110.13747872009161,258.7020916545623,142.8758795794028
2023-10-11,216.0859412927366,207.66537905204333,110.56067289859459,258.14814345206105,145.18259579328924
2023-10-12,212.17585955947067,206.0195140233092,109.71076679774605,257.8169470137982,144.96935097955608
2023-10-13,211.90352985841682,209.81622185182184,110.20448706589279,256.712402565797,147.08159232746482
2023-10-16,213.12880009609904,207.6759230456874,110.25668397474418,262.44331970702575,150.37585287328747
2023-10-17,210.4462791926784,204.96021044553112,109.85526137375756,265.6641707885514,150.78285771363684
2023-10-18,209.4120985508021,204.0836311192653,109.78610118781391,269.75007134739695,152.04138072597016
2023-10-19,210.11032789535983,202.7489805432579,110.63677167895017,271.21708241608576,150.76310411602205
2023-10-20,211.2641023050792,203.24220992681626,110.61674867537047,274.0890725671783,150.91511152304722
2023-10-23,210.9960899529386,205.42533078409778,110.09082147715799,272.8125117215501,152.76515623109586
2023-10-24,211.0026620731478,200.56110141632445,110.42974499059284,275.4659756162203,154.94822207773603
2023-10-25,211.59704329769636,199.30760872496808,110.71229479421119,278.2803173098746,156.1274982391766
2023-10-26,213.66319930304863,202.65206554284578,110.02457964947531,278.02856482397334,155.33877061132657
2023-10-27,215.11077532283474,205.14849308177605,110.44435093434292,278.3436468216076,155.3397157433425
2023-10-30,216.0805709953748,208.7301855847232,110.5202395589829,273.0453729406789,153.81807350919476
2023-10-31,217.85776241436295,210.7149425283474,110.60148694299386,277.88963836297955,157.66307542992166
2023-11-01,215.95185592861844,209.2964825596861,110.76177033351404,278.4442735264298,157.6866063800772
2023-11-02,213.90384346399088,209.59313522119737,110.5457417583488,271.7198631343656,156.529852163593
2023-11-03,217.7769991132201,213.86433946025093,110.12801533389396,268.7072691800725,155.56878369311985
2023-11-06,214.260798317921,212.13659076998562,110.05181335478937,263.49033288794715,154.40837712644063
2023-11-07,214.18449319548202,212.74582372470556,110.19290031414191,260.6851240025828,152.36446198630128
2023-11-08,214.51003406963184,213.39844330137333,110.49264609582812,258.557083249759,154.5595249331339
2023-11-09,214.5585497913499,213.65973831575477,110.87518531214377,262.98203526528073,157.66947807517965
2023-11-10,215.05899009827897,213.98479727529622,111.64497702697007,264.1676383701998,161.7547453193727
2023-11-13,211.27981401694217,207.78089676643603,111.08820946512132,262.4680256708143,159.75726255242756
2023-11-14,214.20042362718945,211.48864252582743,111.0107619376674,263.3271817644492,158.07860527193205
2023-11-15,215.20666951124525,210.12720600968356,110.78336043432057,264.4454208706963,159.4039320697297
2023-11-16,217.47837994023374,215.09986740917392,111.48555950326173,263.64085687313184,161.1449169363131
2023-11-17,213.06488433243334,211.76928224090145,110.18242379321306,257.9905079296311,158.46632326545128
2023-11-20,214.77050154874644,214.6758404636008,109.68059972152227,261.71712548163475,156.59288992246218
2023-11-21,213.1334880094042,213.57528602795753,109.30020191745045,259.13571084579087,156.09618965334306
2023-11-22,216.81513311415682,219.90134408052785,109.03568185407977,261.46828558524334,156.95861531683715
2023-11-23,215.8513233603392,218.25472164488642,109.51145017292146,262.33889845514045,158.16223810436324
2023-11-24,214.99602104642796,221.49596406465525,109.94156028936939,259.28186081694435,160.16143515806846
2023-11-27,207.89796365157426,215.10508478680478,109.77711547378976,252.41330988310838,159.50958235456156
2023-11-28,208.8617888634151,218.69853929674287,110.2201478221389,250.28205061244654,160.49217078859675
2023-11-29,205.87856409238134,215.26595737629086,110.44454274767372,247.15385126620464,159.28380057105653
2023-11-30,205.1659766564713,213.0635034510219,110.03402895711119,246.72736553248916,160.2798129883221
2023-12-01,209.09040644338336,215.62204012514133,110.12010366424751,248.95168277936713,160.94752014282022
2023-12-04,209.18422427443338,218.53636912200295,110.0525793774385,248.35207784908468,162.7468675339201
2023-12-05,210.65514424035757,222.20235851823261,109.8133272624622,246.91466822650222,161.6491812267949
2023-12-06,208.3858501864691,219.4208226871976,109.57797388302515,243.80966779796051,159.8661591921444
2023-12-07,212.07865001427587,220.14117635529465,109.90158500197087,245.1319226473315,157.7546795542939
2023-12-08,210.89576692310663,219.6526413167195,109.75139071692264,241.69584257793684,157.07132453695445
2023-12-11,208.7616261880926,219.6062387702786,110.04829730751457,239.91342338067034,156.6012554294474
2023-12-12,207.05149439225775,215.69386662782156,109.4469043440374,238.47739158726907,155.917247251153
2023-12-13,207.47558957286984,214.3082695246012,109.33429151329359,241.00226663031486,158.20443307752234
2023-12-14,210.81181028423325,216.9274689235112,109.40655579449732,245.40808710329736,160.25087847588551
2023-12-15,209.07230702405926,214.48173491405709,109.00458791757632,244.3080659920411,161.94491901940196
2023-12-18,210.85087013608708,216.81947392405624,109.19918916448177,245.4355998115483,162.53158894035982
2023-12-19,210.05475207923757,216.187683357207,109.60785349341371,243.42819963574343,164.2007529547782
2023-12-20,207.60627455808788,211.27494057439682,109.42086494478829,243.25110344387753,164.26614985014123
2023-12-21,207.07169386219243,209.594962806813,109.72344794486892,246.63741737628135,162.04537896671357
2023-12-22,208.07336216040565,208.3496895275464,109.28089395767373,248.8134619914784,162.56359716652335
2023-12-25,209.12595946085398,210.38074140163187,109.17039844179833,246.1207514737773,162.83556554319892
2023-12-26,209.58663907877244,208.53181913521985,109.03222246194915,249.54351384748693,161.9066509098936
2023-12-27,204.8071497071067,205.8768127039844,109.41863684447104,246.6296980326408,161.0840962478702
2023-12-28,204.56028555671537,205.79469758716576,109.0766610287366,246.8432561798605,160.0652196635986
2023-12-29,207.60471790194796,207.020402600233,108.69539847747185,247.57143366634546,160.287282540256
2024-01-01,207.4988474431554,206.39951842056644,109.24448563413951,251.39250727029756,162.4528930897826
2024-01-02,203.30006486192147,203.80682080842894,109.15498031617386,251.92435757103917,161.10907417467052
2024-01-03,206.33602505485825,207.6664223537085,109.80001547879064,254.65281057505015,162.6184350014222
2024-01-04,204.1773938652427,207.9283728252849,109.84029800307518,253.85673451702027,163.3177385039692
2024-01-05,199.42958785085915,203.0036440964618,110.01695345925535,251.8210546471665,162.3303663555946
2024-01-08,197.8155917130097,204.07036230703244,110.4864296917425,247.83801802659778,162.61475816961735
2024-01-09,197.45441943075323,206.5007559592948,110.84759578962449,248.2382510763185,161.851918352394
2024-01-10,196.5841303658307,205.85109691592095,110.55869317420223,246.97227952749012,162.72526459002
2024-01-11,195.14854674192395,207.7448995261614,110.25838346623476,242.12445800741196,163.19886323920113
2024-01-12,197.40783519208094,210.05734318328263,110.73234573771265,242.05943284724341,163.53619613304502
2024-01-15,196.57451503131458,209.05846071069098,110.56502882589373,239.9252240478925,166.4422609630337
2024-01-16,198.47895752092438,210.03646919655603,110.91601002652429,241.81603954497953,167.49591661698256
2024-01-17,199.70512435607333,212.11930338322946,110.16719807370423,242.71388877193746,169.0961613085888
2024-01-18,200.8583837258592,209.27019791959177,110.80687459206678,244.6457481903416,171.75238269668654
2024-01-19,199.1907471751795,206.38105347803872,111.02635439441421,245.39709282584664,171.66598073475964
2024-01-22,201.92677965331342,206.54084473188874,110.98200541014509,246.66431980964006,173.8768975699039
2024-01-23,199.10300718777106,205.6874880008423,110.2312036832011,241.6485858960112,166.51564536695463
2024-01-24,199.79169985140643,205.19954864860338,110.56079533622605,241.1319604669426,167.75027733620237
2024-01-25,199.5288742257842,204.5488414252511,110.7638848426569,240.93433728614735,167.50602937990558
2024-01-26,200.28963662364941,205.87445959470884,111.37028341511012,238.01509439398689,166.84443727413958
2024-01-29,198.9128063593722,203.533180593289,110.23693395939623,240.65932786549848,169.16953740549553
2024-01-30,200.8062010839718,203.49404966792744,110.39046697382844,241.15858091239625,168.31998019724185
2024-01-31,199.1874768376884,202.8616055464116,110.68809251723934,238.5251365621712,172.1265573761671
2024-02-01,199.49555716551438,205.1001183914925,110.23335678083963,241.8853248199511,174.4289585911568
2024-02-02,198.52478177042386,207.4254537275853,110.48385305721844,242.45961949309623,174.27037542398443
2024-02-05,201.82577592716024,210.6651531963839,110.8581154634843,244.02362859313652,174.6089585398283
2024-02-06,204.2079946191555,210.8340132308312,111.43211326758886,246.97682351023693,173.45933745340872
2024-02-07,205.5470667869363,213.1373732167667,111.55287476580912,249.04256627087395,172.4084451095282
2024-02-08,207.02626180494627,213.3180883091345,111.40729959194933,249.45032880843243,174.16075600599817
2024-02-09,206.71629735842424,211.24100245454557,111.67358181606275,248.68404409239125,176.9249858994426
2024-02-12,205.04404953636885,211.16501234002558,111.08397121272912,246.30206203109984,177.663034095713
2024-02-13,209.15847330129586,214.84797709658855,110.42398299357194,245.7009875142895,177.57860502943353
2024-02-14,206.85149095384486,213.41129694778894,110.54371763649131,245.8395336731154,179.3739914401322
2024-02-15,208.0599687213319,212.23836924553444,110.20605413632529,246.37672640856496,180.50101873644147
2024-02-16,207.76049400145672,209.7603358424396,109.0174364902644,244.34561843956786,179.49608681610235
2024-02-19,208.00495654426663,209.91996942871864,110.7305396315775,244.17762860117284,183.94880157230364
2024-02-20,208.73144311332217,209.4713395687396,110.90519385726141,246.66159819420002,179.7400320227151
2024-02-21,205.85501526723385,205.98496815120194,110.05656280989895,244.75974125224252,177.5265046124914
2024-02-22,207.26520114442536,207.8587125801822,110.11457259448201,247.52206603306192,177.75784850918836
2024-02-23,207.74853498193653,207.27715891893462,110.21261403814306,249.01272259743035,178.1442594337738
2024-02-26,208.9127648929097,209.82041460665943,110.68950743203216,252.3105783819687,181.85490328712527
2024-02-27,209.36272287350306,210.34254043667437,110.52643485932362,254.92889307173664,184.246400576514
2024-02-28,210.06840012809155,209.92006498302524,110.8613987998226,262.66906490492147,184.45351844420702
2024-02-29,209.584239832783,212.7440253950174,111.64889122558141,263.5718695281778,182.83415250933652
2024-03-01,210.65890598488295,217.20644040714845,111.66022018309789,263.0196427394652,184.58157249641513
2024-03-04,209.76192961074355,216.64976483052004,111.32441004140917,260.47731418346746,182.0736174669507
2024-03-05,209.43716755821865,216.29093318616538,111.33053491941214,262.00130442124674,181.60405859958988
2024-03-06,210.11159236994806,216.12511516030142,110.93326672768167,259.2750272612292,181.49198070587366
2024-03-07,207.7505368891595,214.3450557590276,111.93326859470001,261.6385960582569,179.9477955560804
2024-03-08,209.05260809597723,212.66312925889554,111.9938395805324,260.87472512307113,182.84449883896195
2024-03-11,210.6469597473033,214.24341561085666,112.2482869050946,266.22811793273394,185.1149194109382
2024-03-12,213.72200508306588,216.50773754539708,111.7975410486382,265.8177944897321,181.32321620677845
2024-03-13,215.18637020516746,219.28879778497762,112.31293389478412,269.384381537954,180.20553760385155
2024-03-14,213.6890134006503,217.2296958940978,112.03876395834551,268.7592447308829,180.78000655542397
2024-03-15,213.45417769734837,219.05490039849752,112.24346590288201,269.73850134028146,182.96031641825877
2024-03-18,216.00997071432232,223.04755055808232,112.8786511085142,272.35816596869194,184.70483515699198
2024-03-19,213.60905407419844,220.99520623673232,112.5506816651876,266.05951923468984,180.12883817981447
2024-03-20,214.41806968766898,220.0393876596359,112.67070795735835,265.29988643099256,181.55967956526942
2024-03-21,215.35359734441818,220.54010801125403,113.46339521700719,264.47467572494446,183.59648817987463
2024-03-22,217.0364075589326,223.78673108379024,113.82900841189134,265.6488087752104,185.0545850951987
2024-03-25,215.53592679535672,222.12112834604136,113.81028656257321,261.866363883761,187.6685172920658
2024-03-26,214.3502045310934,220.9926397419802,113.50755915611883,260.12253266855663,188.31239922771994
2024-03-27,216.33941796678266,222.95056076235028,114.21084078113566,264.09102659043697,189.6013520160516
2024-03-28,214.3509252810774,220.82837147241108,114.4348458648714,262.94241594907743,190.66406631694187
2024-03-29,212.4980421261356,219.48854936924832,114.32263259410627,258.52366881090535,193.02029238544674
2024-04-01,211.60334322742904,217.80362775898286,114.88142484094554,261.64108060971387,191.57084651734883
2024-04-02,213.29847360340324,219.44929687204953,115.29755966312878,266.47325502943835,190.89720747065624
2024-04-03,212.91175181688322,220.5406965347743,115.04243768017892,267.66119609738115,191.983479684495
2024-04-04,211.26978692088292,221.12634341667658,116.0671595996463,266.14272114338297,189.51604138544405
2024-04-05,208.7163419583461,220.65115717369247,116.07123127879224,262.74720320166966,187.71495769024028
2024-04-08,212.12853198555274,223.97601784370514,115.6580232023807,264.6550505375806,185.758304908383
2024-04-09,213.3619098065131,225.31768460223302,115.70737557291848,266.6988776374251,188.5859290245622
2024-04-10,213.1236064432556,223.48088458202912,115.28477572792168,269.66193146115523,187.628830577288
2024-04-11,214.15331416077348,225.54181680422369,115.0736549394626,268.7971241511058,184.90507473271867
2024-04-12,213.29419797313358,225.9935365104448,115.42874382051652,266.5883392286918,184.15021887281833
2024-04-15,211.761715286395,223.7507709220441,115.16879715151191,267.16253771679567,180.98435984891498
2024-04-16,207.77718918899444,221.9682052675742,115.12950466987446,266.5564987406038,182.30550673563775
2024-04-17,208.02396648568933,222.40844085210472,115.18915536075534,269.13744078973104,185.598143949652
2024-04-18,208.13943644580323,221.1388106066654,115.41114654805679,272.7259333349324,187.27518569051037
2024-04-19,210.16102094777028,224.31073809920753,115.36409390932816,274.2509202694158,190.0610723608039
2024-04-22,210.9008959173005,225.72133252131545,115.14567990816211,274.15719303150735,186.84118508642607
2024-04-23,207.6081390271594,220.80977777565346,114.43845160814297,271.4908314946648,180.64933913961158
2024-04-24,207.51083766401752,221.83560648007835,114.21540476477175,272.6139647084093,180.51326854725465
2024-04-25,206.418971830477,223.35738159445754,114.6337026341466,267.29490939145654,179.7606096395284
2024-04-26,208.06138720223615,226.47796584583816,114.12726815718308,265.0217953132357,180.48500360755128
2024-04-29,210.5081577330802,226.82172111203954,113.86844992657541,272.3469971995802,182.31659611815974
2024-04-30,209.2253934937582,225.05661262520346,113.30641897568377,276.15455515107897,181.15049995345385
2024-05-01,210.93829405203527,225.4079668978938,112.61657606920477,277.1266649522388,180.91878368937182
2024-05-02,213.12453324596063,226.09481321699803,112.51672809879778,280.0642911851951,182.1639345739287
2024-05-03,218.15890418359805,226.7750409525391,112.28879407476396,282.4751471863525,181.68676399488274
2024-05-06,213.32500834580975,223.39671595698883,112.01322174230303,279.05143514216377,182.3795408063369
2024-05-07,214.53214753756217,225.22503507401072,112.45217014192707,280.4356897607984,184.61533834922307
2024-05-08,215.41824607611804,223.70398338391863,112.52845970087495,283.67355412442635,184.59417146724363
2024-05-09,215.26312794099815,223.58727691922365,113.09779997257404,285.3422097108359,184.45657476395527
2024-05-10,211.66042513228467,222.69519949072333,112.85048404957571,282.94012683069207,180.46074339928748
2024-05-13,211.89368265060565,223.40665218188414,113.46815477437453,282.45471287788666,178.76313360537796
2024-05-14,213.4245919688988,225.50504187622926,113.78162627228707,286.4436640333134,177.37841601396053
2024-05-15,212.39405536028596,228.98058748116833,114.17764416175449,283.94603291270647,180.24662686857283
2024-05-16,212.93317186238107,231.67135600055198,114.11746918922914,282.5236778940222,180.46595685516388
2024-05-17,215.11887061204234,233.37371608823742,113.96318420898068,285.7846870556451,185.70059348530694
2024-05-20,215.79718968718757,232.5616976298742,114.34062761181802,290.6410934335674,184.23675095478524
2024-05-21,210.2748513728812,227.5312903501564,114.99227470120037,291.886179523288,181.3237180184086
2024-05-22,210.0853859870556,224.59268908598472,115.48298121676733,292.6902769382817,185.0848204393952
2024-05-23,207.22853629949333,223.20829897423772,115.36533500951887,289.3719354937903,183.949645080291
2024-05-24,206.8126531652315,221.56656489372946,115.38972184533438,288.2791156890076,184.574600420838
2024-05-27,203.09131729475888,220.2721964480281,114.53507288126342,282.94739166162384,177.93913765975782
2024-05-28,204.83805032392533,225.05764107404752,114.63137322697239,283.34561547011776,178.48483615229028
2024-05-29,203.67891465013167,223.07690463220843,114.65463915491918,280.74052805375345,178.45428526347317
2024-05-30,203.35951703630872,224.13230947806184,114.26717647088647,277.984531973567,176.4065153413329
2024-05-31,202.5485600943916,223.36740560381548,113.48302307055151,273.7574104521509,174.04589952306705
2024-06-03,199.5097001795226,222.73904263290584,113.31323000501921,270.8429794659617,172.56813750496644
2024-06-04,198.3557401566806,222.41870263187855,113.49263047200799,272.77344732979884,173.91812347433816
2024-06-05,196.21162428006892,221.55346265060888,112.6526265828457,274.19906521929926,177.6060232639728
2024-06-06,197.31563673447425,221.91371129089808,113.41602204803482,277.19858404471495,178.67841164445875
2024-06-07,195.9091103035399,218.27420214981373,112.97614625063098,277.9445531732166,174.8266276519037
2024-06-10,195.17838224719273,217.83961307433236,112.25249533759542,277.9902434568621,172.36080718832
2024-06-11,194.02743205110593,218.17406878967046,112.43271958210661,274.0950527576142,171.2610451400402
2024-06-12,194.01860185668667,219.10759339592198,112.46040540845905,276.9017387457287,169.86577018414238
2024-06-13,192.8788382644327,218.34689998046187,112.56870589899859,280.48037740351424,167.456973665753
2024-06-14,192.19606920974442,216.58818257636995,112.42071638820725,283.8966318439381,164.27296561003342
2024-06-17,195.31085780788743,220.4558404923665,112.76785648496957,282.0335761675879,164.27221863940304
2024-06-18,193.24504160283865,218.32196214193206,112.11335731100118,279.26990595233195,167.9953784419289
2024-06-19,194.12062881059956,217.73909608872071,112.25291675928642,281.4595564209693,168.4304602427801
2024-06-20,195.4589997664173,218.6417881486875,112.16015993159783,281.5379275998811,169.07903698160513
2024-06-21,192.7403578708314,213.89125884312517,112.61067443855192,282.31248490817137,170.99684711975087
2024-06-24,193.22741475161263,213.1726971986104,112.69478093565803,286.00478054962184,169.1601472801877
2024-06-25,193.23575910047242,215.73455691526297,112.59484011853498,282.8742055169578,169.3491308306695
2024-06-26,195.23592174659458,218.38561365444212,112.7154870584913,279.9036577321234,171.0075146910465
2024-06-27,190.9887326120707,215.17277093780712,111.78896485206427,274.4137308199151,170.91409238396957
2024-06-28,190.27614863973167,214.53485198606316,111.77848133496038,273.15710183081154,172.1805781828579
2024-07-01,187.57389104805935,212.38790009287464,110.87657799691198,267.38167030936313,169.32425512992916
2024-07-02,187.28576950973408,211.70740042137712,110.54026484281545,264.77721702820077,171.90040438247698
2024-07-03,188.91799951813638,212.51931330903403,110.00957110795748,264.4503959955954,173.97198315485218
2024-07-04,191.11541321296244,217.5740369667722,110.60199371243449,263.16395352382267,174.642565174843
2024-07-05,190.07092756258012,218.66117319437294,110.45545860426857,262.22365639163104,175.81834638371467
2024-07-08,190.51157886463338,218.83596163023378,110.1771112268475,264.63206835184235,173.26595557221688
2024-07-09,187.74542584544514,216.83594641051366,109.73144463188986,262.787782338995,176.21809733580204
2024-07-10,188.8343181550335,221.82835488888495,109.62864462432978,261.49142503726233,177.13764961419432
2024-07-11,187.9178824507752,219.69583376275477,109.60909920291535,263.6581124966847,179.7385197384609
2024-07-12,188.73425598244597,220.67086323035684,109.62462465941137,261.5088101044976,181.92994555834693
2024-07-15,189.89053131133707,222.46630177543057,109.53864592763748,260.07831119363954,180.454142611783
2024-07-16,192.09730242946563,226.78681306936488,109.1652812386952,258.25864020765124,180.54593226983715
2024-07-17,192.0684057521526,226.97754064506498,109.12915024914827,259.3687301542688,177.4849381682577
2024-07-18,191.8697740798967,228.30203682521187,109.3967178839429,257.45857526297016,180.6631072836041
2024-07-19,195.3078713789479,231.94517270388516,109.1887121206782,261.1464334710126,183.1257797671022
2024-07-22,193.6880155873566,227.53854303847675,108.15046689948147,260.261479159425,184.63632668902625
2024-07-23,193.03187200491507,227.72529221295582,108.05961384103666,260.86694686337324,183.94685979731895
2024-07-24,195.43684963890485,231.09906604140355,107.91008870282622,264.5372370812238,185.59086051806085
2024-07-25,196.3618134485683,232.4854478493396,107.99483128500842,265.4549405601317,186.50219715497812
2024-07-26,198.08260735036328,232.12700861180448,107.53638767457548,267.7767457162652,194.14363261488054
2024-07-29,200.42312819526944,232.65703965750285,108.05584583566137,270.37591810881264,194.52900816454363
2024-07-30,200.81292217468106,233.12500594497135,108.56800244401614,271.5186461235624,193.96450103051546
2024-07-31,200.8801055208091,232.97236555000595,107.9377452385946,269.53293701809173,191.6396163097864
2024-08-01,198.65685717760923,231.0822106063076,107.7040956765632,266.18124198074156,197.30236865007745
2024-08-02,198.1029941918527,227.59565686552367,107.69099912780548,268.6568605330207,200.72431695473392
2024-08-05,197.99586975920474,225.7441932473687,107.0547737004787,271.1707244593312,199.64681014672217
2024-08-06,199.348713785509,227.251552347666,107.32428913347307,273.1488105999028,197.45180937258326
2024-08-07,198.6992972126996,230.12368950641527,107.60240224533142,270.1492706394451,196.63246518582204
2024-08-08,199.74884342112057,229.15167913304066,107.76870987370653,274.8766154327634,196.16939468626845
2024-08-09,199.32746088318157,231.29117952900052,107.15005949347474,276.5655239243895,198.6348179965259
2024-08-12,197.13173336222005,227.18160175505838,107.06410745888329,276.8369526652537,197.29141518757785
2024-08-13,196.8632827209004,227.56173684934478,106.44847780559945,272.8733326780135,195.59735517553577
2024-08-14,199.3747257072745,228.7342124810858,106.05196656992094,272.31901008471897,190.4208077462908
2024-08-15,197.79932242255384,227.8481928216542,105.70819051509272,272.8969062483374,189.85234865745062
2024-08-16,196.38777418842434,226.88830388877403,105.40212463276615,270.16988248059675,193.27034825430954
2024-08-19,197.22410594456247,228.28576251051769,105.6189840562622,271.8776639379198,197.0853364680238
2024-08-20,197.52051450500528,232.15427952723604,105.79246359695493,272.5771917889328,193.77467002245302
2024-08-21,198.06591115710782,233.97601865162926,105.63565935926353,268.6828885185843,194.16840364335923
2024-08-22,197.36613101788146,232.4360723796777,106.21899954722602,269.4281671547704,197.85091754092343
2024-08-23,196.8854460684222,232.9727360980472,106.54343376121406,270.6171255311233,201.38396705199364
2024-08-26,198.81472618732127,236.02805832350265,106.45756630270995,271.8769787635792,203.53836923793645
2024-08-27,200.34657527539167,238.85914913121047,106.41048855331319,271.86972808366073,205.2687799508826
2024-08-28,205.33165216455185,242.4787209377877,106.87786169625626,278.0408232529594,208.5317997445641
2024-08-29,204.52123414421544,242.4832697232256,107.14675907284898,273.926360782917,209.6598073199155
2024-08-30,203.9128243216025,241.44901082019433,107.18131772775261,273.99876275624825,208.26476635125135
2024-09-02,203.59639909768123,243.53600207319045,107.42515843302532,272.3516511921273,208.06819639243693
2024-09-03,201.3660332329831,243.44992179629196,108.49148835410816,273.7888449533799,214.2589319650933
2024-09-04,199.6254264215697,244.20873064788015,108.39552755991132,272.08403271630937,212.24197708926832
2024-09-05,199.70752003873937,243.2467622640505,108.58449068694485,271.8950749989357,214.36758095789878
2024-09-06,199.92289820089513,244.42795617641565,108.99643505123653,273.4801043308983,221.2275558137123
2024-09-09,198.9521736462092,241.3575828940553,109.30543437643425,271.1504930550918,215.458994743167
2024-09-10,199.28121073651198,240.90551088767538,109.11021258134971,273.02028084690795,215.001917986535
2024-09-11,201.1317312208922,243.34955268294314,108.9718246139389,272.52175681373296,216.5667152047428
2024-09-12,199.6563005577708,242.3657334084969,108.49184424353075,267.5422717807422,212.4812462944007
2024-09-13,197.91785297772873,239.78958127569814,108.04613808976116,265.3153180047848,209.89702272976882
2024-09-16,197.7871607878126,239.7787674538529,107.57357244337928,264.57314170689574,209.01111688972907
2024-09-17,196.56987104929294,236.7504447124356,107.78922403155751,264.59040219730963,211.17355391040812
2024-09-18,199.65431647338085,241.17582314865115,107.44760652488483,265.4193224938763,205.5706252057588
2024-09-19,196.4510100689962,237.12661283941802,107.53160087541491,265.7897897689412,204.78624673572713
2024-09-20,197.2351698561121,239.76516905497814,107.79000336163,266.3018968203142,203.51962645516642
2024-09-23,197.93411131797484,241.88150750260453,108.4254615175428,270.36647196614524,207.14541490125512
2024-09-24,198.57929401574305,241.68152994257014,108.22063040779764,271.1240314347757,209.92263879476207
2024-09-25,199.59698239030791,242.2146389061084,107.94077148108614,273.214755332729,208.4825282052913
2024-09-26,201.60925752037002,242.91900866725928,108.13941185478471,275.6543130981682,211.13767118456968
2024-09-27,198.73035557547462,240.17916478173285,108.76538622197852,272.80602901208965,210.15879231212452
2024-09-30,203.15816618442773,244.46949189588136,109.88805413841942,276.5511017863319,212.25787851259926
2024-10-01,201.63837677695446,243.50144699076347,109.53712898988795,272.9275355952545,209.36765760299156
