Date,SPY,QQQ,IWM,EFA,IEF,TLT,GLD,VNQ,DBC
2014-01-02,147.83135986328125,78.87467193603516,96.8757553100586,45.32331466674805,74.60336303710938,71.35417175292969,118.0,39.02208709716797,21.381118774414062
2014-01-03,147.80712890625,78.30528259277344,97.3681640625,45.3714485168457,74.55844116210938,71.35417175292969,119.29000091552734,39.23966598510742,21.245847702026367
2014-01-06,147.37879943847656,78.01605987548828,96.57860565185547,45.316436767578125,74.76812744140625,71.65447998046875,119.5,39.439109802246094,21.271209716796875
2014-01-07,148.283935546875,78.7391128540039,97.3851318359375,45.570858001708984,74.88792419433594,71.83600616455078,118.81999969482422,39.61436080932617,21.254301071166992
2014-01-08,148.31629943847656,78.91082763671875,97.51249694824219,45.557106018066406,74.52099609375,71.6405029296875,118.12000274658203,39.42096710205078,21.051395416259766
2014-01-09,148.4132843017578,78.64871978759766,97.53795623779297,45.52272415161133,74.71570587158203,72.05950164794922,118.45999908447266,39.42096710205078,20.882307052612305
2014-01-10,148.8173370361328,78.90180969238281,98.07281494140625,45.94219207763672,75.34471893310547,72.91854095458984,120.26000213623047,39.958831787109375,21.017578125
2014-01-13,146.83729553222656,77.7358627319336,96.7314224243164,45.54336166381836,75.5618896484375,73.2816162109375,121.0199966430664,39.69292068481445,21.009124755859375
2014-01-14,148.4375,79.21814727783203,97.91997528076172,45.9078254699707,75.27726745605469,72.94644927978516,119.88999938964844,39.98299789428711,21.009124755859375
2014-01-15,149.2375946044922,79.86885833740234,98.65009307861328,46.10036087036133,75.20989227294922,72.86962890625,119.66000366210938,40.2851676940918,21.06830406188965
2014-01-16,149.0436553955078,79.87789916992188,98.7689437866211,46.07972717285156,75.4195785522461,73.35852813720703,119.79000091552734,40.357696533203125,21.034486770629883
2014-01-17,148.4132843017578,79.4260025024414,98.42086029052734,45.94219207763672,75.59927368164062,73.6658706665039,120.93000030517578,40.12199783325195,21.059852600097656
2014-01-21,148.84970092773438,80.03154754638672,99.00666046142578,46.16223907470703,75.51688385009766,73.72166442871094,119.69999694824219,40.484596252441406,21.110576629638672
2014-01-22,148.94671630859375,80.23943328857422,99.5075454711914,46.16223907470703,75.3072509765625,73.5400619506836,119.19000244140625,40.659847259521484,21.212032318115234
2014-01-23,147.7262725830078,79.9682846069336,98.83686065673828,45.85279846191406,75.81648254394531,74.58069610595703,121.79000091552734,40.563167572021484,21.19512176513672
2014-01-24,144.574462890625,78.39564514160156,96.31541442871094,44.59439468383789,76.12347412109375,75.06256866455078,122.29000091552734,40.05552291870117,21.20357322692871
2014-01-27,143.8632049560547,77.636474609375,94.9061279296875,44.388099670410156,75.89132690429688,74.5387954711914,120.95999908447266,39.7473030090332,21.059852600097656
2014-01-28,144.71986389160156,77.59124755859375,95.90792846679688,44.7731819152832,76.00362396240234,74.72035217285156,120.94999694824219,40.07969665527344,21.161304473876953
2014-01-29,143.32986450195312,76.75977325439453,94.52412414550781,44.27119827270508,76.36309814453125,75.3349838256836,122.47000122070312,39.86212921142578,21.144393920898438
2014-01-30,144.84925842285156,78.17872619628906,95.93341827392578,44.49812698364258,76.28816223144531,75.11846923828125,119.7699966430664,40.46646499633789,21.059852600097656
2014-01-31,144.00062561035156,77.97087097167969,95.22028350830078,43.741703033447266,76.58771514892578,75.62126159667969,120.08999633789062,40.68404006958008,21.034486770629883
2014-02-03,140.7598419189453,76.18134307861328,92.24038696289062,42.847747802734375,77.00401306152344,76.54269409179688,121.31999969482422,40.03738784790039,21.034486770629883
2014-02-04,141.74578857421875,76.74171447753906,92.9365463256836,43.34285354614258,76.771484375,75.73052215576172,120.98999786376953,40.52085494995117,21.19512176513672
2014-02-05,141.5680694580078,76.5428695678711,92.24038696289062,43.432254791259766,76.49392700195312,75.0303726196289,121.29000091552734,40.436256408691406,21.23739242553711
2014-02-06,143.43490600585938,77.51895904541016,92.97050476074219,44.20243453979492,76.35143280029297,74.70823669433594,121.23999786376953,40.73237991333008,21.321935653686523
2014-02-07,145.212890625,78.90180969238281,94.0232162475586,44.78006362915039,76.55400848388672,74.77127838134766,122.16999816894531,41.04060363769531,21.567115783691406
2014-02-10,145.47958374023438,79.35369110107422,94.26942443847656,44.62877655029297,76.59144592285156,74.98136138916016,122.91999816894531,41.42737579345703,21.448753356933594
2014-02-11,147.07167053222656,80.25748443603516,95.10993194580078,45.33705520629883,76.25389099121094,74.54723358154297,124.36000061035156,41.59053039550781,21.558656692504883
2014-02-12,147.14442443847656,80.41114807128906,95.48341369628906,45.4127082824707,76.07386016845703,74.16212463378906,124.43000030517578,41.61470413208008,21.600929260253906
2014-02-13,147.90408325195312,81.00765228271484,96.69750213623047,45.550228118896484,76.43391418457031,74.58222198486328,125.48999786376953,41.77184295654297,21.71929168701172
2014-02-14,148.7203826904297,81.17031860351562,96.83330535888672,45.72214126586914,76.38138580322266,74.62422943115234,127.1500015258789,41.93500518798828,21.795381546020508
2014-02-18,148.898193359375,81.5680160522461,97.84358978271484,46.11410140991211,76.56901550292969,74.79227447509766,127.4000015258789,42.1404914855957,22.108192443847656
2014-02-19,147.9122314453125,81.00765228271484,96.84181213378906,45.80466842651367,76.41895294189453,74.47724151611328,126.2699966430664,42.11631393432617,22.167373657226562
2014-02-20,148.7849884033203,81.38724517822266,97.88602447509766,45.962825775146484,76.33645629882812,74.29515838623047,127.5999984741211,42.02565383911133,22.20964813232422
2014-02-21,148.61534118652344,81.27879333496094,98.191650390625,46.052223205566406,76.43391418457031,74.68724060058594,127.58000183105469,42.128387451171875,22.150466918945312
2014-02-24,149.43963623046875,81.71259307861328,98.91328430175781,46.45106506347656,76.35893249511719,74.49819946289062,128.99000549316406,42.23112869262695,22.24346351623535
2014-02-25,149.38307189941406,81.6222152709961,99.0151596069336,46.341026306152344,76.62145233154297,75.16341400146484,129.2100067138672,42.37012481689453,22.142013549804688
2014-02-26,149.3911895751953,81.54991149902344,99.62638092041016,46.18287658691406,76.84646606445312,75.56248474121094,128.11000061035156,42.466827392578125,22.082834243774414
2014-02-27,150.17514038085938,82.07901000976562,100.16974639892578,46.341026306152344,76.93653869628906,75.97559356689453,128.1999969482422,42.35200881958008,22.015199661254883
2014-02-28,150.55496215820312,81.98827362060547,99.77070617675781,46.42356872558594,76.86149597167969,76.01764678955078,127.62000274658203,42.74482727050781,22.091283798217773
2014-03-03,149.4962615966797,81.3802261352539,99.23589324951172,45.440208435058594,77.24169921875,76.5250244140625,130.2899932861328,42.76899719238281,22.395639419555664
2014-03-04,151.5974884033203,82.41480255126953,101.7318344116211,46.341026306152344,76.64813995361328,75.37399291992188,128.67999267578125,43.385433197021484,22.311098098754883
2014-03-05,151.73486328125,82.64168548583984,101.67242431640625,46.29977798461914,76.7308120727539,75.53536987304688,128.88999938964844,43.331031799316406,22.125102996826172
2014-03-06,152.08238220214844,82.5691146850586,101.65543365478516,46.781124114990234,76.4001693725586,74.79141998291016,130.1699981689453,42.96841812133789,22.328004837036133
2014-03-07,152.14706420898438,82.16071319580078,101.62147521972656,46.526702880859375,76.06962585449219,74.32113647460938,129.08999633789062,42.50310134887695,22.22655487060547
2014-03-10,152.0662078857422,82.23330688476562,101.28191375732422,46.237884521484375,76.15229797363281,74.42645263671875,129.1300048828125,42.27947235107422,22.040559768676758
2014-03-11,151.31460571289062,81.87935638427734,100.22917175292969,45.900936126708984,76.22743225097656,74.62297821044922,129.86000061035156,42.54539489746094,22.049015045166016
2014-03-12,151.35501098632812,82.18792724609375,100.53480529785156,45.729026794433594,76.5279312133789,75.14237213134766,131.75999450683594,42.67230224609375,21.98983383178711
2014-03-13,149.6578369140625,81.02626037597656,99.3717269897461,44.876319885253906,76.97872924804688,76.1530532836914,132.2100067138672,42.472877502441406,21.88838005065918
2014-03-14,149.2375946044922,80.4726791381836,99.78770446777344,44.78006362915039,76.98619842529297,76.16709899902344,133.10000610351562,42.58164978027344,22.006742477416992
2014-03-17,150.58726501464844,81.18055725097656,100.22917175292969,45.343936920166016,76.67819213867188,75.59857177734375,131.63999938964844,42.67230224609375,21.761564254760742
2014-03-18,151.66217041015625,82.16071319580078,101.68944549560547,45.625877380371094,76.86602783203125,75.87228393554688,130.6199951171875,42.799217224121094,21.871471405029297
2014-03-19,150.85394287109375,81.71600341796875,101.02721405029297,45.068885803222656,76.15229797363281,75.28273010253906,128.08999633789062,41.989410400390625,21.86301612854004
2014-03-20,151.73486328125,81.94290161132812,101.16304016113281,44.8969612121582,76.16728210449219,75.14935302734375,127.86000061035156,42.061920166015625,21.761564254760742
2014-03-21,151.14633178710938,80.95684051513672,100.69609832763672,44.80756759643555,76.31005859375,75.96353912353516,128.47000122070312,42.44869613647461,21.778470993041992
2014-03-24,150.5212860107422,80.24736022949219,99.55001831054688,44.924461364746094,76.34008026123047,76.50401306152344,126.18000030517578,42.170684814453125,21.770017623901367
2014-03-25,151.23561096191406,80.51114654541016,99.52619934082031,45.4127082824707,76.2950668334961,76.21621704101562,126.41000366210938,42.55574417114258,21.913740158081055
2014-03-26,150.14791870117188,79.47416687011719,97.61958312988281,45.40582275390625,76.61804962158203,76.81281280517578,125.41000366210938,42.075199127197266,21.896833419799805
2014-03-27,149.83128356933594,79.02845001220703,97.37274169921875,45.63274383544922,76.6932373046875,77.1988296508789,124.58999633789062,42.342857360839844,22.091283798217773
2014-03-28,150.5700225830078,79.18310546875,97.27911376953125,45.97657775878906,76.42276000976562,76.76360321044922,124.55999755859375,42.598331451416016,22.099740982055664
2014-03-31,151.8038787841797,79.74706268310547,99.02397918701172,46.21037292480469,76.4302749633789,76.57417297363281,123.61000061035156,42.95720291137695,22.082834243774414
2014-04-01,152.8104248046875,81.14786529541016,100.32625579833984,46.50606155395508,76.272216796875,75.9197769165039,123.38999938964844,43.1518669128418,21.812288284301758
2014-04-02,153.32180786132812,81.35711669921875,100.77735137939453,46.59547424316406,75.94097900390625,75.48348236083984,124.31999969482422,43.1883659362793,21.761564254760742
2014-04-03,153.11891174316406,80.71124267578125,99.7559814453125,46.464813232421875,75.99368286132812,75.8141860961914,123.91999816894531,43.09713363647461,21.939105987548828
2014-04-04,151.30873107910156,78.5645523071289,97.44934844970703,46.32040786743164,76.46034240722656,76.32084655761719,125.56999969482422,43.24311065673828,22.040559768676758
2014-04-07,149.63650512695312,77.81864166259766,96.02792358398438,46.10036087036133,76.6410140991211,76.77820587158203,124.91000366210938,43.383026123046875,21.98983383178711
2014-04-08,150.2534637451172,78.5372543334961,96.70030975341797,46.072845458984375,76.74638366699219,76.96112823486328,126.08999633789062,43.65066909790039,22.24346351623535
2014-04-09,151.8687744140625,79.88348388671875,98.09620666503906,46.66423034667969,76.72378540039062,76.58121490478516,126.31999969482422,43.541175842285156,22.302642822265625
2014-04-10,148.6785888671875,77.40928649902344,95.29589080810547,45.839046478271484,77.0474853515625,77.29190826416016,127.01000213623047,43.127532958984375,22.311098098754883
2014-04-11,147.33924865722656,76.50875091552734,93.97662353515625,45.563987731933594,77.20555114746094,77.91822052001953,126.93000030517578,42.86597442626953,22.20964813232422
2014-04-14,148.50009155273438,77.10909271240234,94.24046325683594,45.82528305053711,77.0851058959961,77.71415710449219,127.8499984741211,43.121456146240234,22.41254997253418
2014-04-15,149.52285766601562,77.36383819580078,94.60647583007812,45.63274383544922,77.17543029785156,78.19964599609375,125.48999786376953,43.632408142089844,22.429458618164062
2014-04-16,151.08949279785156,78.3917236328125,95.63636779785156,46.19662857055664,77.0549545288086,78.29816436767578,125.54000091552734,43.9122314453125,22.471731185913086
2014-04-17,151.30059814453125,78.409912109375,96.11304473876953,46.43730163574219,76.618408203125,77.43968200683594,124.75,43.65674591064453,22.5224552154541
2014-04-21,151.82821655273438,78.99205780029297,96.56414031982422,46.49919891357422,76.60336303710938,77.37638092041016,124.23999786376953,43.90614318847656,22.446365356445312
2014-04-22,152.51820373535156,79.61972045898438,97.56000518798828,46.691734313964844,76.57329559326172,77.63670349121094,123.77999877929688,44.003475189208984,22.437915802001953
2014-04-23,152.16099548339844,78.91931915283203,96.94715118408203,46.58169937133789,76.76895904541016,78.0800552368164,123.76000213623047,43.827064514160156,22.421005249023438
2014-04-24,152.46949768066406,79.67426300048828,96.70030975341797,46.57483673095703,76.74638366699219,78.22785949707031,124.55999755859375,44.00955581665039,22.5562744140625
2014-04-25,151.2194061279297,78.40081787109375,94.99799346923828,46.34791946411133,76.85175323486328,78.34040069580078,125.43000030517578,43.8392448425293,22.463275909423828
2014-04-28,151.6983642578125,78.65550231933594,94.44473266601562,46.492313385009766,76.73888397216797,77.96043395996094,124.87999725341797,44.17987060546875,22.38718605041504
2014-04-29,152.40455627441406,79.28313446044922,94.68307495117188,46.79487991333008,76.8066177368164,77.85489654541016,124.86000061035156,44.21028518676758,22.446365356445312
2014-04-30,152.85914611816406,79.49235534667969,95.31292724609375,46.98055648803711,77.00985717773438,78.17855834960938,124.22000122070312,44.36845397949219,22.328004837036133
2014-05-01,152.87535095214844,79.7288818359375,95.27888488769531,47.111209869384766,77.2315673828125,79.0172348022461,123.80000305175781,44.55701446533203,22.158920288085938
2014-05-02,152.65618896484375,79.58332824707031,95.35550689697266,47.03557205200195,77.3447036743164,79.50399017333984,125.05999755859375,44.54483413696289,22.218103408813477
2014-05-05,152.94842529296875,80.00173950195312,95.2363052368164,47.00119400024414,77.29945373535156,79.0242919921875,126.22000122070312,44.63608932495117,22.167373657226562
2014-05-06,151.61712646484375,78.96475982666016,93.68721771240234,46.91865921020508,77.3899154663086,79.34173583984375,125.9800033569336,44.47793960571289,22.184284210205078
2014-05-07,152.51011657714844,78.73738098144531,93.74681854248047,46.97366714477539,77.45026397705078,79.05961608886719,124.16999816894531,45.01322555541992,22.24346351623535
2014-05-08,152.34771728515625,78.66461944580078,92.80200958251953,46.98055648803711,77.53324890136719,78.72103118896484,124.16999816894531,45.11663055419922,22.175830841064453
2014-05-09,152.57504272460938,78.95567321777344,93.65314483642578,46.91178894042969,77.47289276123047,78.46705627441406,124.0999984741211,45.14704895019531,22.0659236907959
2014-05-12,154.06051635742188,80.25642395019531,95.78104400634766,47.22123336791992,77.269287109375,78.1496353149414,124.94000244140625,45.286956787109375,22.11665153503418
2014-05-13,154.198486328125,80.31102752685547,94.84477996826172,47.28999328613281,77.5709457397461,78.8268051147461,124.5999984741211,44.99497604370117,22.218103408813477
2014-05-14,153.4679412841797,79.89261627197266,93.30419921875,47.200618743896484,77.92538452148438,79.68034362792969,125.80999755859375,45.01322555541992,22.319551467895508
2014-05-15,152.1204376220703,79.26493835449219,92.67431640625,46.994300842285156,78.20439910888672,80.31517791748047,124.7699966430664,44.988887786865234,22.184284210205078
2014-05-16,152.6480712890625,79.783447265625,93.26165008544922,47.097450256347656,78.03844451904297,80.08946990966797,124.5,45.402530670166016,22.20964813232422
2014-05-19,153.2081298828125,80.33830261230469,94.26599884033203,47.00119400024414,77.94044494628906,79.49688720703125,124.58000183105469,45.22004318237305,22.192739486694336
2014-05-20,152.24221801757812,80.04722595214844,92.8275146484375,46.70549392700195,78.16670989990234,79.67332458496094,124.69000244140625,45.08012771606445,22.235010147094727
2014-05-21,153.5247802734375,80.81130981445312,93.30419921875,47.0699462890625,78.04603576660156,79.18656158447266,124.38999938964844,44.782081604003906,22.277280807495117
2014-05-22,153.89813232421875,81.16608428955078,94.27452087402344,47.13184356689453,77.96307373046875,79.07366943359375,124.66999816894531,44.7029914855957,22.294189453125
2014-05-23,154.51507568359375,81.75732421875,95.30443572998047,47.255611419677734,78.12146759033203,79.49688720703125,124.51000213623047,45.09838104248047,22.34491539001465
2014-05-27,155.46484375,82.77610778808594,96.67478942871094,47.59257125854492,78.14409637451172,79.96247100830078,121.8499984741211,45.42076873779297,22.158920288085938
2014-05-28,155.35118103027344,82.52140808105469,96.17257690429688,47.43440628051758,78.57394409179688,80.95003509521484,121.19999694824219,45.134891510009766,22.167373657226562
2014-05-29,156.15478515625,83.04898834228516,96.49602508544922,47.72321701049805,78.47590637207031,80.51974487304688,120.94000244140625,45.226131439208984,22.175830841064453
2014-05-30,156.4064483642578,83.05812072753906,96.06192779541016,47.7301025390625,78.41557312011719,80.48443603515625,120.43000030517578,45.43293762207031,22.006742477416992
2014-06-02,156.58506774902344,82.97621154785156,95.54273223876953,47.82637023925781,78.0567626953125,79.88616180419922,119.69999694824219,45.572853088378906,21.98137855529785
2014-06-03,156.50379943847656,82.93983459472656,95.31292724609375,47.709468841552734,77.6639633178711,78.9031753540039,120.01000213623047,45.548526763916016,21.96446990966797
2014-06-04,156.82046508789062,83.2491455078125,95.68743133544922,47.69571304321289,77.6034927368164,78.88189697265625,119.76000213623047,45.63976287841797,21.90528678894043
2014-06-05,157.84324645996094,83.94953918457031,97.6961669921875,48.02577590942383,77.716796875,78.91726684570312,120.66000366210938,46.47919464111328,21.93065071105957
2014-06-06,158.59811401367188,84.4316635131836,98.63243865966797,48.287086486816406,77.6563720703125,78.91726684570312,120.61000061035156,46.28453826904297,22.023651123046875
2014-06-09,158.760498046875,84.36798858642578,99.50060272216797,48.23896408081055,77.54303741455078,78.80413818359375,120.6500015258789,45.72492218017578,22.11665153503418
2014-06-10,158.77671813964844,84.51350402832031,99.30486297607422,48.13581466674805,77.40711212158203,78.51419067382812,121.38999938964844,45.38428497314453,22.05746841430664
2014-06-11,158.22474670410156,84.49530029296875,98.8197021484375,47.895137786865234,77.5128173828125,78.6556396484375,121.41000366210938,45.26263427734375,21.998289108276367
2014-06-12,157.10452270507812,83.7312240600586,98.21538543701172,47.90888214111328,77.81497955322266,79.3557357788086,122.63999938964844,45.14704895019531,22.311098098754883
2014-06-13,157.58348083496094,83.97679901123047,98.38562774658203,47.943267822265625,77.6639633178711,79.3133316040039,122.95999908447266,45.26263427734375,22.311098098754883
2014-06-16,157.71328735351562,84.04959869384766,98.86224365234375,47.95702362060547,77.6639633178711,79.51133728027344,122.41999816894531,45.03147888183594,22.378732681274414
2014-06-17,158.1516876220703,84.09505462646484,99.56021118164062,47.92264175415039,77.33910369873047,78.88189697265625,122.27999877929688,45.14704895019531,22.404096603393555
2014-06-18,159.31248474121094,84.56807708740234,100.23262786865234,48.33522415161133,77.74700927734375,79.4901123046875,122.66999816894531,45.46336364746094,22.497095108032227
2014-06-19,159.49099731445312,84.51350402832031,100.31773376464844,48.59654235839844,77.55061340332031,78.47178649902344,126.94000244140625,45.84050369262695,22.71690559387207
2014-06-20,159.8148651123047,84.61294555664062,100.64970397949219,48.5140266418457,77.64129638671875,79.06582641601562,126.5,45.998661041259766,22.759180068969727
2014-06-23,159.76589965820312,84.63116455078125,100.45394134521484,48.383365631103516,77.58838653564453,78.81827545166016,126.8499984741211,45.810089111328125,22.67463493347168
2014-06-24,158.80348205566406,84.54905700683594,99.38142395019531,48.08079147338867,77.90562438964844,79.6174087524414,126.9800033569336,45.84384536743164,22.708454132080078
2014-06-25,159.52127075195312,85.0871810913086,100.22411346435547,48.06389617919922,77.981201171875,79.82247924804688,126.98999786376953,45.75175857543945,22.742271423339844
2014-06-26,159.4070587158203,85.1328125,100.05390930175781,48.099124908447266,78.1852035522461,80.20441436767578,126.7300033569336,45.70877456665039,22.649272918701172
2014-06-27,159.7169647216797,85.5067367553711,100.72633361816406,48.127296447753906,78.1852035522461,80.08414459228516,126.66000366210938,46.058738708496094,22.60700225830078
2014-06-30,159.63543701171875,85.65267944335938,101.12633514404297,48.16957473754883,78.24564361572266,80.28221130371094,128.0399932861328,45.948219299316406,22.471731185913086
2014-07-01,160.70388793945312,86.59210205078125,102.1562728881836,48.5922966003418,77.98980712890625,79.61005401611328,127.69999694824219,46.19379425048828,22.404096603393555
2014-07-02,160.8670196533203,86.73804473876953,101.76238250732422,48.6697883605957,77.67190551757812,78.75922393798828,127.69999694824219,46.083309173583984,22.36182403564453
2014-07-03,161.65818786621094,87.28527069091797,102.37757873535156,48.7684326171875,77.51300048828125,78.4755630493164,127.16000366210938,45.81928634643555,22.319551467895508
2014-07-07,161.09535217285156,87.02078247070312,100.62600708007812,48.38797378540039,77.70222473144531,79.04994201660156,127.0199966430664,45.95436477661133,22.142013549804688
2014-07-08,160.0595245361328,85.97191619873047,99.4041519165039,47.880706787109375,78.05793762207031,79.93621063232422,127.06999969482422,46.08944320678711,22.082834243774414
2014-07-09,160.77728271484375,86.6103515625,99.53231048583984,48.03569412231445,78.07304382324219,80.0000228881836,127.83999633789062,46.16310119628906,21.93065071105957
2014-07-10,160.14112854003906,86.33674621582031,98.47281646728516,47.50729751586914,78.23954010009766,80.0212631225586,128.5399932861328,46.371856689453125,21.96446990966797
2014-07-11,160.361328125,86.89308166503906,98.34465026855469,47.535484313964844,78.36817932128906,80.53179168701172,128.77999877929688,46.37797927856445,21.770017623901367
2014-07-14,161.16876220703125,87.41297912597656,98.8487777709961,47.887752532958984,78.19412994384766,80.18437194824219,125.72000122070312,46.60516357421875,21.854562759399414
2014-07-15,160.8670196533203,87.11201477050781,97.87471771240234,47.76799011230469,78.12602233886719,80.0212631225586,124.52999877929688,46.63584899902344,21.651657104492188
2014-07-16,161.46241760253906,87.45858001708984,97.60983276367188,48.06389617919922,78.23954010009766,80.44667053222656,124.97000122070312,46.78318786621094,21.685474395751953
2014-07-17,159.62730407714844,86.30025482177734,96.10604095458984,47.4509391784668,78.69367218017578,81.46060943603516,127.08999633789062,46.54374694824219,21.7362003326416
2014-07-18,161.258544921875,87.66835021972656,97.60128784179688,47.824344635009766,78.53472137451172,81.19829559326172,126.12999725341797,47.00422668457031,21.59247589111328
2014-07-21,160.9567413330078,87.55889892578125,97.20825958251953,47.64820861816406,78.55740356445312,81.60243225097656,126.33999633789062,46.83230972290039,21.693927764892578
2014-07-22,161.65818786621094,88.11529541015625,98.02849578857422,47.85957336425781,78.65581512451172,81.7726058959961,125.73999786376953,46.97966384887695,21.600929260253906
2014-07-23,162.01705932617188,88.68077087402344,98.14812469482422,47.958213806152344,78.64820098876953,81.66625213623047,125.62000274658203,47.06562423706055,21.660110473632812
2014-07-24,162.0252227783203,88.5804214477539,97.95161437988281,48.07093811035156,78.33039855957031,81.05645751953125,124.3499984741211,47.00422668457031,21.634748458862305
2014-07-25,161.26670837402344,88.23385620117188,97.06299591064453,47.8736686706543,78.6330795288086,82.01365661621094,125.79000091552734,46.678829193115234,21.71929168701172
2014-07-28,161.33193969726562,88.26119995117188,96.57598114013672,47.880706787109375,78.5422592163086,81.90023803710938,125.58000183105469,47.00422668457031,21.677017211914062
2014-07-29,160.6386260986328,88.10614776611328,96.84085845947266,47.78206253051758,78.64820098876953,82.19802856445312,125.19999694824219,46.777042388916016,21.609384536743164
2014-07-30,160.66314697265625,88.45274353027344,97.22533416748047,47.711612701416016,78.09571838378906,81.05645751953125,124.83000183105469,46.678829193115234,21.516387939453125
2014-07-31,157.4903106689453,86.6650619506836,95.00381469726562,46.91547775268555,78.07304382324219,80.81542205810547,123.38999938964844,45.985069274902344,21.40648078918457
2014-08-01,157.00909423828125,86.3458480834961,94.56807708740234,46.591392517089844,78.53256225585938,81.44100952148438,124.37999725341797,45.87456512451172,21.23739242553711
2014-08-04,158.142822265625,86.93869018554688,95.40541076660156,46.809814453125,78.5780258178711,81.22773742675781,123.98999786376953,46.19379425048828,21.398025512695312
2014-08-05,156.60940551757812,86.27290344238281,95.16621398925781,46.21094512939453,78.6159439086914,81.49076843261719,123.87000274658203,45.7210693359375,21.296573638916016
2014-08-06,156.6584014892578,86.20903015136719,95.46524047851562,46.09821701049805,78.68421936035156,81.54052734375,125.66999816894531,45.70263671875,21.431842803955078
2014-08-07,155.8101043701172,85.9354248046875,95.00381469726562,45.72481155395508,79.0405502319336,82.30119323730469,126.18000030517578,45.72721481323242,21.4741153717041
2014-08-08,157.61260986328125,86.55562591552734,95.9266128540039,45.99253845214844,78.9723129272461,82.12344360351562,126.19000244140625,45.997352600097656,21.372663497924805
2014-08-11,158.06935119628906,87.06640625,96.84085845947266,46.16867446899414,78.9344253540039,82.1163330078125,125.95999908447266,46.28589630126953,21.40648078918457
2014-08-12,157.84912109375,87.02991485595703,96.17440795898438,46.13344955444336,78.82069396972656,81.58318328857422,125.98999786376953,46.21223068237305,21.271209716796875
2014-08-13,158.9176483154297,87.9510726928711,96.92630767822266,46.394126892089844,79.07843017578125,82.1163330078125,126.19999694824219,46.881439208984375,21.254301071166992
2014-08-14,159.66802978515625,88.40713500976562,97.07154083251953,46.640716552734375,79.23770904541016,82.77749633789062,126.30999755859375,46.850738525390625,21.00067138671875
2014-08-15,159.63543701171875,88.83580780029297,96.88358306884766,46.591392517089844,79.55618286132812,83.68038177490234,125.4800033569336,46.801612854003906,21.085214614868164
2014-08-18,160.9730682373047,89.51986694335938,98.29338073730469,46.89434051513672,79.30598449707031,82.84858703613281,124.95999908447266,47.2620735168457,20.907670974731445
2014-08-19,161.81314086914062,90.0215072631836,98.63516235351562,47.007080078125,79.22254180908203,82.59265899658203,124.68000030517578,47.36031723022461,20.94994354248047
2014-08-20,162.24542236328125,90.0215072631836,98.21649932861328,46.85912322998047,78.98750305175781,82.45756530761719,124.22000122070312,47.575199127197266,21.009124755859375
2014-08-21,162.71852111816406,90.20391845703125,98.43009948730469,47.05640411376953,79.15430450439453,82.91968536376953,122.87999725341797,47.50151824951172,21.059852600097656
2014-08-22,162.4656524658203,90.3407211303711,98.43865966796875,46.83095169067383,79.161865234375,83.38178253173828,123.19000244140625,47.12087631225586,21.02603530883789
2014-08-25,163.28945922851562,90.65994262695312,98.90003204345703,47.1338996887207,79.22254180908203,83.69454956054688,122.73999786376953,47.016510009765625,21.059852600097656
2014-08-26,163.39552307128906,90.75112915039062,99.79718017578125,47.14094543457031,79.20735931396484,83.42442321777344,123.3499984741211,47.10860061645508,21.06830406188965
2014-08-27,163.33021545410156,90.76939392089844,99.54943084716797,47.2325325012207,79.42731475830078,84.13530731201172,123.31999969482422,47.139286041259766,21.102121353149414
2014-08-28,163.240478515625,90.6690902709961,99.0367431640625,47.02116775512695,79.53343200683594,84.57606506347656,124.0,47.13314437866211,21.11903190612793
2014-08-29,163.70542907714844,91.00653076171875,99.59211730957031,47.00002670288086,79.54103088378906,84.63301086425781,123.86000061035156,47.3848762512207,21.161304473876953
2014-09-02,163.6238555908203,91.27104949951172,100.13894653320312,47.09162521362305,79.03290557861328,83.1729736328125,121.6500015258789,47.391014099121094,20.856945037841797
2014-09-03,163.53411865234375,90.73291015625,99.50668334960938,47.422752380371094,79.14677429199219,83.6361312866211,122.1500015258789,47.51378631591797,20.94148826599121
2014-09-04,163.2976837158203,90.65082550048828,99.12218475341797,47.197303771972656,78.86573791503906,82.6171875,121.4800033569336,47.33575439453125,20.856945037841797
2014-09-05,164.0316619873047,91.1068344116211,99.43831634521484,47.204349517822266,78.88855743408203,82.46040344238281,122.05999755859375,47.839202880859375,20.823123931884766
2014-09-08,163.60748291015625,91.2801742553711,99.59211730957031,46.70411682128906,78.80502319335938,82.49612426757812,120.7300033569336,47.790077209472656,20.721675872802734
2014-09-09,162.57167053222656,90.52315521240234,98.41304779052734,46.57025909423828,78.62269592285156,82.43195343017578,120.87000274658203,47.49539566040039,20.552587509155273
2014-09-10,163.18341064453125,91.27104949951172,98.9940185546875,46.837989807128906,78.42523193359375,81.91180419921875,120.26000213623047,46.746360778808594,20.408864974975586
2014-09-11,163.3710479736328,91.19811248779297,99.63481140136719,46.577308654785156,78.32649993896484,81.64106750488281,119.47000122070312,46.78318786621094,20.30741310119629
2014-09-12,162.41676330566406,90.73291015625,98.57535552978516,46.513893127441406,78.03023529052734,80.7859878540039,118.37999725341797,45.34654235839844,20.14677619934082
2014-09-15,162.29437255859375,89.8573226928711,97.4988021850586,46.41526412963867,78.17457580566406,80.90715789794922,118.63999938964844,45.12553787231445,20.172143936157227
2014-09-16,163.517822265625,90.64170837402344,97.77218627929688,46.61254119873047,78.15174865722656,80.57942962646484,118.83000183105469,45.567569732666016,20.358139038085938
2014-09-17,163.73805236816406,90.77850341796875,98.02849578857422,46.281410217285156,77.95425415039062,80.37277221679688,117.54000091552734,45.55529022216797,20.27359390258789
2014-09-18,164.61074829101562,91.46259307861328,98.62662506103516,46.640716552734375,77.90111541748047,80.62928771972656,117.77999877929688,45.15623474121094,20.079143524169922
2014-09-19,164.4624786376953,91.4059066772461,97.3791275024414,46.47867202758789,78.19734191894531,81.65531921386719,117.08999633789062,45.21149444580078,20.019962310791016
2014-09-22,163.19232177734375,90.55564880371094,96.01204681396484,46.27435302734375,78.36443328857422,81.7550277709961,116.8499984741211,44.85539627075195,19.850873947143555
2014-09-23,162.25811767578125,90.3088150024414,95.11490631103516,45.8868522644043,78.53157806396484,82.2609634399414,117.5999984741211,44.52998352050781,19.850873947143555
2014-09-24,163.52830505371094,91.27787780761719,95.97595977783203,46.119361877441406,78.31129455566406,81.80489349365234,117.05000305175781,44.41101837158203,19.9354190826416
2014-09-25,160.8896484375,89.35799407958984,94.35667419433594,45.44300079345703,78.69104766845703,82.77398681640625,117.38999938964844,44.212730407714844,19.89314842224121
2014-09-26,162.16795349121094,90.3088150024414,95.20489501953125,45.63321304321289,78.5239486694336,82.65284729003906,117.05999755859375,44.80759811401367,19.859329223632812
2014-09-29,161.87298583984375,90.18993377685547,95.12777709960938,45.21049499511719,78.77461242675781,83.31551361083984,117.02999877929688,44.74563217163086,19.977689743041992
2014-09-30,161.4468994140625,90.31793975830078,93.6883773803711,45.175270080566406,78.70626068115234,82.84522247314453,116.20999908447266,44.522560119628906,19.631057739257812
2014-10-01,159.25900268554688,88.87347412109375,92.36039733886719,44.639808654785156,79.36751556396484,84.45169830322266,116.7699966430664,44.559757232666016,19.563425064086914
2014-10-02,159.28359985351562,88.87347412109375,93.24282836914062,44.16072463989258,79.13164520263672,83.7159652709961,116.73999786376953,44.48538589477539,19.487335205078125
2014-10-03,161.0371551513672,89.75111389160156,93.94541931152344,44.16072463989258,79.10881805419922,84.07311248779297,114.61000061035156,44.764217376708984,19.301340103149414
2014-10-06,160.84872436523438,89.55912017822266,93.14007568359375,44.44254684448242,79.2381820678711,84.1230697631836,116.02999877929688,44.881954193115234,19.546518325805664
2014-10-07,158.36578369140625,88.28833770751953,91.6064224243164,43.68868637084961,79.7023696899414,85.25887298583984,116.36000061035156,44.52874755859375,19.470428466796875
2014-10-08,161.13552856445312,90.00711822509766,93.36280059814453,44.3791389465332,79.9838638305664,85.28026580810547,117.47000122070312,45.49541473388672,19.394338607788086
2014-10-09,157.939697265625,88.553466796875,90.84390258789062,43.18845748901367,79.846923828125,84.90880584716797,117.63999938964844,45.49541473388672,19.166072845458984
2014-10-10,156.1368865966797,86.34098815917969,89.7386245727539,42.54027557373047,80.1589126586914,85.75171661376953,117.58999633789062,45.53880310058594,19.098438262939453
2014-10-13,153.572021484375,84.98793029785156,89.3787841796875,42.48391342163086,80.57745361328125,86.27315521240234,118.5199966430664,45.582176208496094,19.098438262939453
2014-10-14,153.80966186523438,84.9970474243164,90.42406463623047,42.589599609375,80.73724365234375,86.8374252319336,118.58999633789062,46.31957244873047,18.81098747253418
2014-10-15,152.7689971923828,84.4485092163086,91.33226776123047,42.335960388183594,81.1938705444336,87.52317810058594,118.98999786376953,46.13987350463867,18.574260711669922
2014-10-16,152.63787841796875,83.91826629638672,92.36039733886719,41.9414176940918,80.97315979003906,86.96599578857422,119.22000122070312,46.2142333984375,18.7602596282959
2014-10-17,154.44064331054688,85.02449035644531,92.08621978759766,42.72346115112305,80.73724365234375,86.48030853271484,118.98999786376953,46.269989013671875,18.827896118164062
2014-10-20,155.94027709960938,86.29529571533203,93.1657485961914,42.991180419921875,80.85137939453125,86.79456329345703,119.80000305175781,46.97640609741211,18.692623138427734
2014-10-21,159.02951049804688,88.56261444091797,94.69938659667969,43.505496978759766,80.63072967529297,86.10171508789062,120.0199966430664,47.403968811035156,18.844804763793945
2014-10-22,157.89869689941406,88.10543823242188,93.34566497802734,43.18845748901367,80.60790252685547,86.19458770751953,119.33999633789062,47.4163703918457,18.63344383239746
2014-10-23,159.73426818847656,89.43111419677734,94.99923706054688,43.6041259765625,80.2730484008789,85.43025207519531,118.5199966430664,47.78196716308594,18.853260040283203
2014-10-24,160.96343994140625,90.16253662109375,95.16204071044922,43.84367370605469,80.34158325195312,85.51597595214844,118.3499984741211,47.74479293823242,18.73489761352539
2014-10-27,160.74217224121094,90.22651672363281,95.11062622070312,43.59709548950195,80.42520141601562,85.673095703125,118.05999755859375,48.09798812866211,18.684171676635742
2014-10-28,162.58592224121094,91.58875274658203,97.81803131103516,44.259368896484375,80.22737121582031,85.13742065429688,118.0999984741211,48.30868911743164,18.836353302001953
2014-10-29,162.34011840820312,91.2504653930664,97.58670806884766,43.92118453979492,79.96104431152344,85.33028411865234,116.41000366210938,48.036033630371094,19.05616569519043
2014-10-30,163.38076782226562,91.4424819946289,98.41778564453125,44.23822784423828,80.04476165771484,85.40170288085938,115.19000244140625,48.339664459228516,18.895530700683594
2014-10-31,165.2490997314453,92.7041244506836,99.86573791503906,45.05549240112305,79.91544342041016,85.18028259277344,112.66000366210938,48.94691848754883,18.870168685913086
2014-11-03,165.3392791748047,92.97840881347656,99.69438934326172,44.667999267578125,79.88562774658203,85.18028259277344,112.1500015258789,49.37450408935547,18.701080322265625
2014-11-04,164.76564025878906,92.66754150390625,99.2317123413086,44.41435623168945,79.8780288696289,85.44515228271484,112.22000122070312,49.45503616333008,18.430540084838867
2014-11-05,165.80638122558594,92.67669677734375,99.41165161132812,44.498897552490234,79.90090942382812,85.3234634399414,109.79000091552734,49.349708557128906,18.48126792907715
2014-11-06,166.47012329101562,92.96924591064453,99.84000396728516,44.259368896484375,79.65697479248047,84.7721176147461,109.87999725341797,48.97172546386719,18.4981746673584
2014-11-07,166.6258087158203,92.88699340820312,99.99422454833984,44.28049850463867,80.1677474975586,85.74592590332031,112.97000122070312,48.90974807739258,18.582719802856445
2014-11-10,167.1501922607422,93.21611022949219,100.49117279052734,44.47776794433594,79.8399429321289,84.9582748413086,110.45999908447266,49.312522888183594,18.405176162719727
2014-11-11,167.31414794921875,93.5086441040039,100.55973052978516,44.7454948425293,79.84758758544922,85.01557159423828,112.04000091552734,49.12044143676758,18.4981746673584
2014-11-12,167.13381958007812,93.6731948852539,101.0138168334961,44.36503982543945,79.81707763671875,84.94400024414062,111.5,48.748653411865234,18.438993453979492
2014-11-13,167.32229614257812,94.07546997070312,100.15702056884766,44.576412200927734,79.94670104980469,85.1444320678711,111.66999816894531,49.01510238647461,18.100818634033203
2014-11-14,167.36334228515625,94.36801147460938,99.97712707519531,44.639808654785156,80.1143569946289,85.55975341796875,114.47000122070312,48.6123046875,18.295269012451172
2014-11-17,167.46978759765625,94.0845947265625,99.14604949951172,44.46368408203125,80.02291107177734,85.34494018554688,114.05000305175781,48.82919692993164,18.21917724609375
2014-11-18,168.43679809570312,94.78858184814453,99.72006225585938,44.9498176574707,80.1143569946289,85.58125305175781,115.05000305175781,49.03986358642578,18.126182556152344
2014-11-19,168.16635131835938,94.35887145996094,98.65767669677734,44.81595230102539,79.90090942382812,85.0370864868164,113.68000030517578,48.599918365478516,18.033184051513672
2014-11-20,168.4613494873047,94.77944946289062,99.76290130615234,44.5482292175293,80.04573822021484,85.48096466064453,114.86000061035156,48.76102828979492,18.18536376953125
2014-11-21,169.36270141601562,94.96228790283203,99.8828353881836,44.93572235107422,80.20582580566406,85.99654388427734,115.38999938964844,49.064666748046875,18.37981414794922
2014-11-24,169.8380126953125,95.70280456542969,101.07376861572266,45.1963996887207,80.29730987548828,86.06816101074219,115.11000061035156,49.2381591796875,18.21917724609375
2014-11-25,169.715087890625,95.8490982055664,101.15089416503906,45.27391052246094,80.49547576904297,86.7841796875,115.37999725341797,49.32492446899414,18.1346378326416
2014-11-26,170.1493682861328,96.47078704833984,101.48503112792969,45.450050354003906,80.63273620605469,87.02044677734375,115.16000366210938,49.802059173583984,18.092363357543945
2014-11-28,169.78883361816406,96.91879272460938,99.97712707519531,45.083675384521484,80.9452133178711,87.70796203613281,112.11000061035156,49.92597961425781,17.263837814331055
2014-12-01,168.60887145996094,95.8216781616211,98.41778564453125,45.041404724121094,80.74669647216797,87.19620513916016,116.58000183105469,49.802059173583984,17.618921279907227
2014-12-02,169.69873046875,96.20565795898438,99.60011291503906,45.168216705322266,80.38785552978516,86.34931945800781,115.13999938964844,50.11189270019531,17.24692726135254
2014-12-03,170.35427856445312,96.3793716430664,100.55973052978516,45.111846923828125,80.41837310791016,86.68663787841797,116.33000183105469,50.06231689453125,17.145475387573242
2014-12-04,170.1658172607422,96.33365631103516,100.07991790771484,44.96390914916992,80.7009048461914,87.41143798828125,115.87999725341797,50.192440032958984,17.09474754333496
2014-12-05,170.4443817138672,96.34278869628906,100.83391571044922,45.06253433227539,80.25039672851562,86.90193939208984,114.43000030517578,49.9383659362793,17.05247688293457
2014-12-08,169.30535888671875,95.6571273803711,99.5744400024414,44.667999267578125,80.5176773071289,87.96407318115234,115.77999877929688,50.25441360473633,16.756574630737305
2014-12-09,169.19065856933594,95.95880126953125,101.24510192871094,44.42844772338867,80.81542205810547,88.41627502441406,118.19000244140625,50.48368835449219,16.874935150146484
2014-12-10,166.4783172607422,94.45030975341797,99.09465789794922,43.864810943603516,81.18197631835938,89.06211853027344,117.95999908447266,50.434120178222656,16.61284637451172
2014-12-11,167.32229614257812,94.89827728271484,99.48876953125,43.80845260620117,81.04452514648438,89.42810821533203,117.69000244140625,50.52706527709961,16.460668563842773
2014-12-12,164.61813354492188,93.86524200439453,98.28070068359375,42.9630126953125,81.70881652832031,90.64093017578125,117.41000366210938,50.08711624145508,16.325397491455078
2014-12-15,163.48731994628906,92.89612579345703,97.28685760498047,42.25141525268555,81.41102600097656,90.45440673828125,114.38999938964844,49.43646240234375,16.06331443786621
2014-12-16,162.17625427246094,91.4059066772461,97.14974212646484,42.55436706542969,81.82335662841797,91.57394409179688,114.94999694824219,49.368309020996094,15.970314979553223
2014-12-17,165.35560607910156,93.0698013305664,100.14849090576172,43.06303787231445,81.25833129882812,90.74862670898438,114.2699966430664,50.50227737426758,16.06331443786621
2014-12-18,169.4447021484375,95.30973052978516,101.63926696777344,43.831390380859375,80.80014038085938,89.13382720947266,115.1500015258789,50.85548400878906,16.012590408325195
2014-12-19,170.16563415527344,95.72906494140625,101.87059020996094,43.89542007446289,81.0979232788086,90.3323974609375,114.7699966430664,50.8306770324707,16.249309539794922
2014-12-22,170.94845581054688,95.9676742553711,102.56459045410156,44.10885238647461,81.0979232788086,90.45440673828125,112.55000305175781,51.68051528930664,15.953408241271973
2014-12-23,171.1791534423828,95.62812805175781,102.69307708740234,43.96657180786133,80.426025390625,88.66020202636719,112.73999786376953,51.536067962646484,16.11404037475586
2014-12-24,171.1956024169922,95.71073913574219,102.98979949951172,44.165771484375,80.484130859375,89.142822265625,112.7699966430664,51.32249069213867,15.902680397033691
2014-12-26,171.74766540527344,96.38976287841797,103.66056823730469,44.27960205078125,80.5911636352539,89.47366333007812,114.83000183105469,51.5046501159668,15.885775566101074
2014-12-29,171.97837829589844,96.37142944335938,104.09912872314453,43.95945739746094,80.86644744873047,90.14249420166016,113.66999816894531,51.78728485107422,15.73359489440918
2014-12-30,171.05563354492188,95.72906494140625,103.48856353759766,43.55393600463867,80.95825958251953,90.38702392578125,115.19999694824219,51.749603271484375,15.71668529510498
2014-12-31,169.358154296875,94.74720001220703,102.869384765625,43.28358459472656,81.04998016357422,90.55960083007812,113.58000183105469,50.87655258178711,15.598326683044434
2015-01-02,169.26748657226562,94.46273040771484,102.2760009765625,43.09862518310547,81.46297454833984,91.56642150878906,114.08000183105469,51.64282989501953,15.412325859069824
2015-01-05,166.21058654785156,93.07707214355469,100.90866088867188,42.08126449584961,81.95999145507812,93.00483703613281,115.80000305175781,51.92548370361328,15.192511558532715
2015-01-06,164.64505004882812,91.82907104492188,99.16293334960938,41.60459899902344,82.51057434082031,94.68050384521484,117.12000274658203,52.440521240234375,15.048789024353027
2015-01-07,166.6967315673828,93.01282501220703,100.38407135009766,42.06703567504883,82.4952621459961,94.49349975585938,116.43000030517578,53.24452209472656,14.955792427062988
2015-01-08,169.65481567382812,94.7930679321289,102.08683776855469,42.63618850708008,82.15879821777344,93.24213409423828,115.94000244140625,53.44550323486328,15.014971733093262
2015-01-09,168.2952880859375,94.1690673828125,101.10643768310547,42.42987060546875,82.56411743164062,94.26338958740234,117.26000213623047,53.47064971923828,14.989608764648438
2015-01-12,166.9768524169922,93.18718719482422,100.77104949951172,42.33026885986328,82.85468292236328,94.80277252197266,118.55999755859375,53.87888717651367,14.65988826751709
2015-01-13,166.50729370117188,93.15963745117188,100.84845733642578,42.54368591308594,82.93114471435547,94.80277252197266,118.16000366210938,53.7972412109375,14.6007080078125
2015-01-14,165.50201416015625,92.64579010009766,100.44426727294922,42.422760009765625,83.3134994506836,95.52198028564453,117.97000122070312,54.26204299926758,14.761340141296387
2015-01-15,163.9858856201172,91.44363403320312,98.75015258789062,42.69310760498047,84.024658203125,97.02507019042969,120.94000244140625,54.38766098022461,14.558435440063477
2015-01-16,166.13645935058594,92.51731872558594,100.3582763671875,43.24802017211914,83.40524291992188,95.78810119628906,122.5199966430664,54.85875701904297,14.837430000305176
2015-01-20,166.49078369140625,93.25142669677734,99.93688201904297,43.39740753173828,83.59644317626953,97.06104278564453,124.19999694824219,54.42534637451172,14.63452434539795
2015-01-21,167.3312225341797,93.72859191894531,99.61866760253906,43.73890686035156,83.19881439208984,95.93901062011719,124.2300033569336,54.38766098022461,14.727523803710938
2015-01-22,169.81959533691406,95.46294403076172,101.64822387695312,43.902530670166016,82.99237060546875,95.59387969970703,125.2300033569336,55.354923248291016,14.710614204406738
2015-01-23,168.8884735107422,95.67400360107422,101.57942962646484,43.65353012084961,83.5352554321289,96.92436218261719,124.2300033569336,55.197914123535156,14.617616653442383
2015-01-26,169.28399658203125,95.56389617919922,102.5597915649414,44.25114440917969,83.3441390991211,96.6295394897461,122.98999786376953,55.662696838378906,14.566888809204102
2015-01-27,167.05105590820312,93.08623504638672,102.06962585449219,44.31515884399414,83.45881652832031,96.78050231933594,124.4000015258789,55.68154525756836,14.64297866821289
2015-01-28,164.9087371826172,92.60907745361328,100.34969329833984,43.65353012084961,84.10111236572266,98.36270904541016,123.41999816894531,55.310977935791016,14.431619644165039
2015-01-29,166.43307495117188,93.49916076660156,101.73421478271484,44.25114440917969,83.80290985107422,97.71553039550781,120.76000213623047,55.50568771362305,14.363984107971191
2015-01-30,164.3402099609375,92.77422332763672,99.49829864501953,43.55393600463867,84.5369873046875,99.44869995117188,123.44999694824219,54.3625373840332,14.710614204406738
2015-02-02,166.3753662109375,93.58177947998047,100.40986633300781,44.08039093017578,84.43132019042969,99.0732421875,122.41999816894531,54.21806716918945,14.913518905639648
2015-02-03,168.7814178466797,94.48106384277344,102.20719909667969,44.78471755981445,83.7189712524414,96.9761962890625,121.05000305175781,54.689151763916016,15.327781677246094
2015-02-04,168.13873291015625,94.39849090576172,101.82881927490234,44.414764404296875,83.85680389404297,97.1419448852539,121.58000183105469,54.46303939819336,14.989608764648438
2015-02-05,169.83612060546875,95.21517181396484,103.14456176757812,45.026607513427734,83.55043029785156,96.07539367675781,121.79000091552734,55.11626052856445,15.192511558532715
2015-02-06,169.3664093017578,94.63706970214844,103.03279876708984,44.464569091796875,82.61598205566406,94.37471771240234,118.63999938964844,53.51457977294922,15.234784126281738
2015-02-09,168.60836791992188,94.33425903320312,102.21580505371094,44.25114440917969,82.57772827148438,94.22331237792969,119.16999816894531,53.137718200683594,15.386963844299316
2015-02-10,170.4046173095703,95.802490234375,102.869384765625,44.65665054321289,82.37088012695312,93.47392272949219,118.47000122070312,53.307315826416016,15.192511558532715
2015-02-11,170.5034637451172,96.15118408203125,102.72319793701172,44.414764404296875,82.34024810791016,93.64689636230469,117.06999969482422,53.15030288696289,15.074151039123535
2015-02-12,172.1431121826172,97.27072143554688,103.89273834228516,45.104854583740234,82.37088012695312,93.33692932128906,117.33999633789062,53.7846794128418,15.302421569824219
2015-02-13,172.85169982910156,98.10579681396484,104.51192474365234,45.403656005859375,82.09512329101562,92.37855529785156,117.9800033569336,53.426639556884766,15.471506118774414
2015-02-17,173.12371826171875,98.19754028320312,104.83870697021484,45.51038360595703,81.5130615234375,90.98771667480469,116.01000213623047,53.29474639892578,15.479961395263672
2015-02-18,173.14022827148438,98.33518981933594,104.95050048828125,45.78071975708008,81.90365600585938,91.52816009521484,116.33999633789062,53.79093933105469,15.293964385986328
2015-02-19,173.0165557861328,98.821533203125,104.95909881591797,45.83762741088867,81.69685363769531,90.92281341552734,115.94000244140625,52.635250091552734,15.243241310119629
2015-02-20,174.0548553466797,99.48226165771484,105.24288940429688,46.26449203491211,81.65091705322266,91.18950653076172,115.27999877929688,53.14400863647461,15.18405818939209
2015-02-23,174.03009033203125,99.58319091796875,105.34608459472656,46.100860595703125,82.02618408203125,92.23443603515625,115.43000030517578,53.57111358642578,15.082608222961426
2015-02-24,174.52444458007812,99.6565933227539,105.48369598388672,46.38544464111328,82.57003021240234,93.44509887695312,115.26000213623047,52.51590347290039,15.09106159210205
2015-02-25,174.3761749267578,99.40886688232422,105.60409545898438,46.42100524902344,82.64665222167969,93.84864044189453,115.69999694824219,52.528465270996094,15.319330215454102
2015-02-26,174.1700897216797,99.91356658935547,105.9910888671875,46.29294967651367,82.15640258789062,92.5658950805664,116.06999969482422,51.95689392089844,15.192511558532715
2015-02-27,173.5768585205078,99.47310638427734,105.41488647460938,46.314292907714844,82.44751739501953,93.34420776367188,116.16000366210938,52.36515426635742,15.361599922180176
2015-03-02,174.67271423339844,100.37236022949219,106.18026733398438,46.38544464111328,81.83377075195312,91.60550689697266,115.68000030517578,52.66665267944336,15.141788482666016
2015-03-03,173.95591735839844,99.90435028076172,105.55249786376953,46.100860595703125,81.65727233886719,91.2733383178711,115.47000122070312,52.5661506652832,15.234784126281738
2015-03-04,173.2225341796875,99.5189437866211,105.2257080078125,45.915897369384766,81.71864318847656,91.30226135253906,115.11000061035156,52.06365966796875,15.099515914916992
2015-03-05,173.41207885742188,99.69332122802734,105.5353012084961,46.022605895996094,81.76467895507812,91.18670654296875,115.0,52.214393615722656,15.040335655212402
2015-03-06,170.97314453125,98.56459045410156,104.20233917236328,45.39654541015625,80.92852783203125,89.17223358154297,111.86000061035156,50.48084259033203,14.854339599609375
2015-03-09,171.68174743652344,98.84909057617188,104.65811157226562,45.46769714355469,81.30438232421875,89.99535369873047,111.97000122070312,50.88282775878906,14.812067985534668
2015-03-10,168.896728515625,97.01376342773438,103.45415496826172,44.478790283203125,81.64962768554688,91.17955017089844,111.41999816894531,50.84514617919922,14.617616653442383
2015-03-11,168.5012969970703,96.4540023803711,104.09053802490234,44.59261703491211,81.79540252685547,91.84378051757812,110.75,50.88911056518555,14.693704605102539
2015-03-12,170.64356994628906,97.08716583251953,105.81909942626953,45.14753341674805,81.87208557128906,91.7787857055664,110.72000122070312,51.77473831176758,14.626069068908691
2015-03-13,169.59715270996094,96.66504669189453,105.44066619873047,44.884315490722656,81.74934387207031,91.4972152709961,110.87999725341797,51.74333572387695,14.330166816711426
2015-03-16,171.86306762695312,97.91304016113281,106.05987548828125,45.389434814453125,82.03324127197266,92.3780746459961,110.80999755859375,52.277217864990234,14.313258171081543
2015-03-17,171.35214233398438,98.06906127929688,106.34366607666016,45.27560043334961,82.2020263671875,93.14347839355469,110.20999908447266,52.25837326049805,14.211806297302246
2015-03-18,173.41207885742188,99.03263092041016,107.19501495361328,46.24314498901367,83.14559936523438,94.94132232666016,112.37000274658203,53.35128402709961,14.6007080078125
2015-03-19,172.62106323242188,99.17943572998047,107.40142059326172,45.70246887207031,82.75435638427734,94.45758056640625,112.29000091552734,53.32615661621094,14.35552978515625
2015-03-20,174.14476013183594,99.8214111328125,108.3473892211914,46.712703704833984,83.09191131591797,94.95578002929688,113.56999969482422,54.664005279541016,14.549981117248535
2015-03-23,173.80543518066406,99.62825012207031,108.25276184082031,46.94746017456055,83.1993179321289,94.84024810791016,114.29000091552734,54.59493637084961,14.71906852722168
2015-03-24,172.8288116455078,99.26956939697266,108.22697448730469,46.84787368774414,83.45247650146484,95.75720977783203,114.56999969482422,54.1301383972168,14.6007080078125
2015-03-25,170.2962188720703,96.99775695800781,105.6418228149414,46.62732696533203,83.09191131591797,94.94856262207031,114.7300033569336,53.196250915527344,14.64297866821289
2015-03-26,169.89060974121094,96.66663360595703,105.51239776611328,46.22180938720703,82.6239242553711,93.46836853027344,115.4800033569336,52.91822052001953,14.820523262023926
2015-03-27,170.2796630859375,97.05293273925781,106.18524932861328,46.34275817871094,82.94615936279297,94.63085174560547,115.05999755859375,52.98771667480469,14.524619102478027
2015-03-30,172.3571014404297,98.1658706665039,107.62572479248047,46.37120819091797,82.9384536743164,94.16154479980469,113.75,53.745933532714844,14.6007080078125
2015-03-31,170.8507537841797,97.12652587890625,107.28072357177734,45.65266036987305,83.15327453613281,94.36370086669922,113.66000366210938,53.27204895019531,14.431619644165039
2015-04-01,170.24652099609375,96.62067413330078,107.32386016845703,45.97991943359375,83.54903411865234,95.60314178466797,115.5999984741211,53.196250915527344,14.693704605102539
2015-04-02,170.85902404785156,96.6850357055664,107.52224731445312,46.378326416015625,83.31077575683594,94.59015655517578,115.27999877929688,53.600643157958984,14.617616653442383
2015-04-06,172.00946044921875,97.47602844238281,107.9966812133789,46.84787368774414,83.41840362548828,94.0619888305664,116.69000244140625,54.15667724609375,14.80361270904541
2015-04-07,171.55418395996094,97.31045532226562,107.30659484863281,46.783851623535156,83.48751068115234,94.85069274902344,116.11000061035156,53.20256805419922,14.879701614379883
2015-04-08,172.133544921875,98.08307647705078,108.22958374023438,46.983036041259766,83.4107437133789,94.87958526611328,115.47000122070312,53.284706115722656,14.592254638671875
2015-04-09,172.8949737548828,98.69928741455078,107.84140014648438,47.047061920166016,83.07255554199219,93.64954376220703,114.66999816894531,52.178951263427734,14.592254638671875
2015-04-10,173.83853149414062,99.1040267944336,108.35895538330078,47.13956069946289,83.04954528808594,93.78701782226562,115.97000122070312,52.14104080200195,14.744431495666504
2015-04-13,173.05227661132812,98.85565948486328,108.42796325683594,46.84074783325195,83.21858978271484,93.91728210449219,115.13999938964844,52.002044677734375,14.676797866821289
2015-04-14,173.38336181640625,98.5705337524414,108.402099609375,47.18935012817383,83.4644775390625,94.58292388916016,114.44000244140625,52.185264587402344,14.744431495666504
2015-04-15,174.1613006591797,99.18677520751953,109.16118621826172,47.40278625488281,83.51058197021484,94.50334930419922,115.43000030517578,51.79352951049805,15.040335655212402
2015-04-16,174.11166381835938,99.04879760742188,109.10082244873047,47.53084945678711,83.572021484375,94.03306579589844,115.02999877929688,51.92619705200195,15.200966835021973
2015-04-17,172.10874938964844,97.5036392211914,107.33247375488281,46.9332389831543,83.7410659790039,95.11112213134766,115.5999984741211,51.68608474731445,15.167150497436523
2015-04-20,173.6812744140625,98.96605682373047,108.38484954833984,46.983036041259766,83.58744812011719,94.27183532714844,114.72000122070312,51.76191711425781,15.099515914916992
2015-04-21,173.47439575195312,99.3891372680664,108.27268981933594,47.40278625488281,83.4107437133789,93.84491729736328,115.37999725341797,51.85038375854492,14.989608764648438
2015-04-22,174.32684326171875,99.9317855834961,108.43656921386719,47.49527359008789,82.92657470703125,92.41227722167969,113.83000183105469,51.957786560058594,15.040335655212402
2015-04-23,174.76551818847656,100.30888366699219,108.92827606201172,47.67313766479492,83.18018341064453,92.81024932861328,114.66000366210938,52.09678268432617,15.226330757141113
2015-04-24,175.17105102539062,101.67012786865234,108.56597900390625,47.95058822631836,83.4721908569336,93.38907623291016,113.05000305175781,52.204219818115234,15.217877388000488
2015-04-27,174.44265747070312,101.41260528564453,107.36699676513672,48.18537139892578,83.341552734375,93.38907623291016,115.33000183105469,52.134735107421875,15.217877388000488
2015-04-28,174.99722290039062,101.21025085449219,107.962158203125,48.242271423339844,82.95735168457031,92.10115051269531,116.33000183105469,52.03364944458008,15.243241310119629
2015-04-29,174.27723693847656,100.57563018798828,106.78903198242188,47.82252883911133,82.64999389648438,90.9723892211914,115.51000213623047,50.984745025634766,15.344691276550293
2015-04-30,172.5308837890625,98.99365234375,104.52906036376953,47.317413330078125,82.62693786621094,91.1315689086914,113.47000122070312,50.15699005126953,15.463054656982422
2015-05-01,174.4013214111328,100.29971313476562,105.21049499511719,47.843875885009766,82.17517852783203,89.90481567382812,113.08000183105469,50.536109924316406,15.446144104003906
2015-05-04,174.89793395996094,100.46524810791016,105.5900650024414,47.79407501220703,82.00584411621094,89.05650329589844,114.0999984741211,50.586666107177734,15.437690734863281
2015-05-05,172.8949737548828,98.82804870605469,104.24440002441406,47.082645416259766,81.86734008789062,88.93323516845703,114.41999816894531,49.487220764160156,15.564507484436035
2015-05-06,172.18328857421875,98.14747619628906,104.606689453125,47.20358657836914,81.46717834472656,87.41061401367188,114.36000061035156,49.39246368408203,15.564507484436035
2015-05-07,172.87025451660156,98.7360610961914,105.00347900390625,47.047061920166016,81.81351470947266,88.58525848388672,113.41999816894531,50.15068435668945,15.319330215454102
2015-05-08,175.146240234375,99.96856689453125,105.78840637207031,48.135555267333984,82.12899017333984,88.82450866699219,113.97000122070312,50.85202407836914,15.4038724899292
2015-05-11,174.310302734375,99.58229064941406,105.84879302978516,47.715816497802734,81.32095336914062,86.66390991210938,113.52999877929688,50.08748245239258,15.336237907409668
2015-05-12,173.7888641357422,99.1316146850586,105.65906524658203,47.68735122680664,81.38252258300781,86.8886489868164,114.5,50.239139556884766,15.496870994567871
2015-05-13,173.82196044921875,99.33396911621094,105.65906524658203,48.04307556152344,81.27477264404297,86.19263458251953,116.55000305175781,49.75892639160156,15.513779640197754
2015-05-14,175.63450622558594,100.78715515136719,106.7804183959961,48.61933898925781,81.5519027709961,86.42460632324219,117.18000030517578,50.71934509277344,15.60677719116211
2015-05-15,175.8249053955078,100.78715515136719,106.65965270996094,48.67625427246094,82.13668823242188,88.15745544433594,117.52999877929688,51.23748779296875,15.598326683044434
2015-05-18,176.37112426757812,101.2286376953125,107.86727905273438,48.51262283325195,81.58260345458984,86.6784439086914,117.5199966430664,51.104766845703125,15.556051254272461
2015-05-19,176.3131561279297,101.1182861328125,107.72066497802734,48.32765197753906,81.22096252441406,85.90985870361328,115.88999938964844,50.9278678894043,15.226330757141113
2015-05-20,176.1890869140625,101.18266296386719,107.91905212402344,48.420135498046875,81.39794158935547,86.05484771728516,116.08000183105469,50.88364028930664,15.192511558532715
2015-05-21,176.70217895507812,101.7069320678711,107.79826354980469,48.67625427246094,81.88278198242188,87.25840759277344,115.69000244140625,50.643516540527344,15.378510475158691
2015-05-22,176.28012084960938,101.60575866699219,107.33247375488281,48.36321258544922,81.6980209350586,87.294677734375,115.5999984741211,50.58032989501953,15.20942211151123
2015-05-26,174.38475036621094,100.4376449584961,106.30599212646484,47.49527359008789,82.20597839355469,88.78825378417969,113.91000366210938,50.194915771484375,14.913518905639648
2015-05-27,176.04010009765625,102.05642700195312,107.60851287841797,47.95771026611328,82.15974426269531,88.99126434326172,113.88999938964844,50.687774658203125,14.710614204406738
2015-05-28,175.8414306640625,101.82649230957031,107.51360321044922,47.8723258972168,82.23675537109375,88.77375793457031,114.0199966430664,50.586666107177734,14.786704063415527
2015-05-29,174.74896240234375,101.21944427490234,106.8666763305664,47.4099006652832,82.28290557861328,88.9695053100586,114.0999984741211,50.00535202026367,14.972699165344238
2015-06-01,175.10484313964844,101.55977630615234,107.20309448242188,47.28184509277344,81.91988372802734,88.0133056640625,114.0,50.61825180053711,14.938881874084473
2015-06-02,174.9310302734375,101.23784637451172,107.41012573242188,47.50238037109375,81.3494873046875,86.78536987304688,114.45999908447266,50.15068435668945,15.116422653198242
2015-06-03,175.39447021484375,101.54139709472656,108.47969818115234,47.76561737060547,80.65573120117188,85.3902816772461,113.63999938964844,49.430355072021484,14.921976089477539
2015-06-04,173.9130859375,100.76878356933594,107.39288330078125,47.25338363647461,81.04890441894531,86.50198364257812,112.83999633789062,49.335567474365234,14.786704063415527
2015-06-05,173.61505126953125,100.52964782714844,108.16919708251953,46.69134521484375,80.46305847167969,85.44841766357422,112.23999786376953,48.78586959838867,14.854339599609375
2015-06-08,172.54739379882812,99.50871276855469,107.66889190673828,46.62732696533203,80.57870483398438,85.35395812988281,112.56999969482422,48.697410583496094,14.86279296875
2015-06-09,172.52259826660156,99.34315490722656,107.34111785888672,46.37120819091797,80.31658935546875,84.67823028564453,112.81999969482422,48.34356689453125,15.099515914916992
2015-06-10,174.59170532226562,100.70437622070312,108.67813110351562,47.34587860107422,80.0083236694336,83.93709564208984,113.77999877929688,48.68476486206055,15.158697128295898
2015-06-11,175.15455627441406,100.85155487060547,108.95413208007812,47.473934173583984,80.64034271240234,85.7027359008789,113.26000213623047,48.98173522949219,15.02342700958252
2015-06-12,173.81370544433594,100.02375793457031,108.62638092041016,47.09687423706055,80.59412384033203,85.7027359008789,113.2300033569336,48.93750762939453,14.871248245239258
2015-06-15,173.06881713867188,99.5270767211914,108.28134155273438,46.81230926513672,80.78683471679688,85.84080505371094,113.7300033569336,48.67212677001953,14.80361270904541
2015-06-16,174.01235961914062,100.06974029541016,109.0490493774414,46.798065185546875,81.09513092041016,86.51654052734375,113.31999969482422,49.06387710571289,14.845885276794434
2015-06-17,174.293701171875,100.34571075439453,108.8851547241211,46.69134521484375,81.1413345336914,85.8480224609375,113.8499984741211,49.48090744018555,14.888158798217773
2015-06-18,176.10629272460938,101.80812072753906,110.34293365478516,47.1110954284668,81.0797119140625,85.42659759521484,115.31999969482422,50.16331481933594,14.888158798217773
2015-06-19,175.32447814941406,101.30474853515625,110.29119873046875,46.99727249145508,81.51136779785156,86.52375030517578,115.12000274658203,49.777896881103516,14.752887725830078
2015-06-22,176.2227020263672,102.05146789550781,111.05023956298828,47.886558532714844,80.82536315917969,84.75813293457031,113.63999938964844,49.266082763671875,14.80361270904541
2015-06-23,176.34747314453125,102.13444519042969,111.28313446044922,48.01462173461914,80.57870483398438,84.24951934814453,112.88999938964844,48.85535430908203,14.981155395507812
2015-06-24,175.06671142578125,101.60899353027344,110.34293365478516,47.601985931396484,80.81765747070312,84.9760971069336,112.58999633789062,48.589996337890625,14.879701614379883
2015-06-25,174.534423828125,101.40615844726562,110.28253936767578,47.58100509643555,80.61724853515625,84.67823028564453,112.44000244140625,48.09714126586914,14.896612167358398
2015-06-26,174.5011749267578,100.73320007324219,109.98063659667969,47.559303283691406,80.23188018798828,83.72637176513672,112.55999755859375,48.44306182861328,14.96424674987793
2015-06-29,170.84182739257812,98.354736328125,107.20309448242188,46.09794235229492,81.16448211669922,85.9425277709961,113.06999969482422,47.68994140625,14.896612167358398
2015-06-30,171.1993865966797,98.7050552368164,107.70340728759766,45.93155288696289,80.94096374511719,85.34669494628906,112.37000274658203,47.67079544067383,15.217877388000488
2015-07-01,172.5717010498047,99.48866271972656,108.02255249023438,46.22816467285156,80.51793670654297,84.19468688964844,111.9800033569336,48.455841064453125,15.031880378723145
2015-07-02,172.4136199951172,99.51631164550781,107.2247314453125,46.28603744506836,80.80351257324219,84.47142791748047,111.76000213623047,48.577110290527344,15.00651741027832
2015-07-06,171.92300415039062,99.28584289550781,107.19007873535156,45.3527946472168,81.37480163574219,86.03697967529297,112.05999755859375,48.883460998535156,14.516164779663086
2015-07-07,173.00418090820312,99.53477478027344,107.31136322021484,45.36726379394531,81.5909652709961,86.84532928466797,110.76000213623047,49.64936065673828,14.431619644165039
2015-07-08,170.10162353515625,97.80162811279297,105.67411804199219,44.311031341552734,81.91522216796875,87.5953598022461,111.08999633789062,49.4578857421875,14.363984107971191
2015-07-09,170.40928649902344,97.7463150024414,106.05528259277344,45.041709899902344,81.34394073486328,85.86956024169922,111.36000061035156,49.22172164916992,14.533073425292969
2015-07-10,172.5550537109375,99.23975372314453,107.52792358398438,46.517539978027344,80.78034973144531,84.50778198242188,111.48999786376953,49.63022232055664,14.6007080078125
2015-07-13,174.4595947265625,100.9820785522461,108.74068450927734,46.6911735534668,80.56425476074219,84.24564361572266,110.98999786376953,49.70042037963867,14.609163284301758
2015-07-14,175.2163543701172,101.64585876464844,109.3470230102539,47.08182907104492,80.81901550292969,84.5223388671875,110.73999786376953,49.80254364013672,14.558435440063477
2015-07-15,175.15818786621094,101.75647735595703,108.76665496826172,46.90819549560547,81.12782287597656,85.4180679321289,110.16000366210938,49.8855094909668,14.3893461227417
2015-07-16,176.563720703125,103.19461822509766,109.41633605957031,47.31333541870117,81.0969009399414,86.00788879394531,109.76000213623047,50.28760528564453,14.321712493896484
2015-07-17,176.7134246826172,104.7156753540039,108.93988800048828,47.2337532043457,81.10459899902344,86.45211791992188,108.6500015258789,50.108890533447266,14.245623588562012
2015-07-20,176.8048858642578,105.07521057128906,108.35086059570312,47.35675048828125,80.94253540039062,86.08799743652344,105.69999694824219,50.166324615478516,14.017355918884277
2015-07-21,176.1062774658203,105.01072692871094,107.83976745605469,47.21928405761719,81.1664047241211,86.5540542602539,105.37000274658203,50.02590560913086,14.076536178588867
2015-07-22,175.79031372070312,103.82146453857422,108.23828125,46.85755920410156,81.26671600341797,87.09293365478516,104.80000305175781,50.2429313659668,13.873631477355957
2015-07-23,174.80055236816406,103.43428039550781,107.04283142089844,46.73457336425781,81.5986557006836,88.17789459228516,104.33000183105469,49.61743927001953,13.755270004272461
2015-07-24,172.98753356933594,102.42019653320312,105.31896209716797,46.22092819213867,81.67584991455078,88.39639282226562,105.3499984741211,49.82806396484375,13.64536190032959
2015-07-27,171.98117065429688,101.57209777832031,104.4440689086914,45.88090515136719,81.94608306884766,88.86969757080078,104.86000061035156,49.917442321777344,13.383277893066406
2015-07-28,174.0936279296875,102.44789123535156,105.33628845214844,46.45965576171875,81.71449279785156,88.22161865234375,105.0199966430664,49.94935607910156,13.493183135986328
2015-07-29,175.2912139892578,102.8350830078125,105.63079833984375,46.62605285644531,81.5986557006836,87.89391326904297,105.16999816894531,50.27484130859375,13.535455703735352
2015-07-30,175.3328857421875,103.32368469238281,105.93400573730469,46.58988571166992,81.69135284423828,88.5711669921875,104.2699966430664,50.02590560913086,13.484728813171387
2015-07-31,175.06671142578125,103.2038345336914,106.51441955566406,46.86479949951172,82.16999053955078,89.22654724121094,104.93000030517578,50.421634674072266,13.298733711242676
2015-08-03,174.47618103027344,102.88114166259766,105.9859619140625,46.74181365966797,82.42047119140625,90.1657943725586,104.0999984741211,50.7343864440918,13.078920364379883
2015-08-04,174.13525390625,102.68757629394531,105.73477935791016,46.77798080444336,81.99522399902344,89.45054626464844,104.30999755859375,50.364192962646484,13.155010223388672
2015-08-05,174.7090301513672,103.48038482666016,105.97733306884766,47.023948669433594,81.67826080322266,88.77922821044922,103.93000030517578,50.03230667114258,13.10428237915039
2015-08-06,173.27854919433594,101.82101440429688,104.54801940917969,46.82862854003906,81.9643325805664,89.56739044189453,104.38999938964844,50.10250473022461,13.09582805633545
2015-08-07,172.9459228515625,101.69193267822266,103.84635162353516,46.74181365966797,82.28904724121094,90.7423095703125,104.6500015258789,50.28760528564453,13.0451021194458
2015-08-10,175.12493896484375,102.85350036621094,105.0417709350586,47.31333541870117,81.94883728027344,89.6184310913086,105.72000122070312,50.12803649902344,13.3240966796875
2015-08-11,173.5447235107422,101.53522491455078,104.140869140625,46.58988571166992,82.49008178710938,91.04150390625,106.26000213623047,50.45994567871094,13.14655590057373
2015-08-12,173.7526092529297,101.88554382324219,103.941650390625,46.25709915161133,82.45913696289062,90.54529571533203,107.75,50.6195068359375,13.10428237915039
2015-08-13,173.536376953125,101.7195816040039,103.59513092041016,46.22816467285156,82.2426528930664,90.25333404541016,106.86000061035156,50.676944732666016,13.0451021194458
2015-08-14,174.16847229003906,101.87632751464844,104.26214599609375,46.30050277709961,82.15762329101562,90.4649658203125,106.8499984741211,50.951377868652344,12.96055793762207
2015-08-17,175.14157104492188,102.72443389892578,105.36228942871094,46.21369552612305,82.30448913574219,90.87366485595703,107.12999725341797,51.385398864746094,12.909832954406738
2015-08-18,174.63417053222656,102.19898986816406,104.52201843261719,45.86643600463867,82.17308044433594,90.15849304199219,107.11000061035156,51.52579879760742,12.842196464538574
2015-08-19,173.2537078857422,101.52603149414062,103.43923950195312,45.4613151550293,82.67561340332031,91.04888916015625,108.55000305175781,51.219459533691406,12.69847297668457
2015-08-20,169.63587951660156,98.71429443359375,100.82311248779297,44.361671447753906,82.89985656738281,91.96841430664062,110.44000244140625,50.842899322509766,12.732290267944336
2015-08-21,164.5294189453125,94.39990997314453,99.64502716064453,43.34886169433594,83.23231506347656,92.24565887451172,111.12999725341797,49.89828109741211,12.520931243896484
2015-08-24,157.6016387939453,90.76773834228516,95.75553894042969,41.851318359375,83.37147521972656,92.21651458740234,110.52999877929688,47.562286376953125,12.208118438720703
2015-08-25,155.74693298339844,90.4266357421875,95.01920318603516,42.24921798706055,82.9153060913086,90.73503875732422,109.16000366210938,46.253875732421875,12.258845329284668
2015-08-26,161.7266845703125,94.98069763183594,97.43606567382812,43.24757385253906,82.40496826171875,88.98351287841797,107.66999816894531,47.50483703613281,12.182756423950195
2015-08-27,165.72703552246094,97.38680267333984,99.17723846435547,43.77568435668945,82.35861206054688,89.03460693359375,107.7300033569336,48.42392349243164,12.622384071350098
2015-08-28,165.7353515625,97.36834716796875,100.1561279296875,43.7105712890625,82.37407684326172,89.29734802246094,108.69999694824219,48.35371398925781,12.952103614807129
2015-08-31,164.39639282226562,96.16069793701172,99.79227447509766,43.3850212097168,82.23487091064453,88.6113052368164,108.81999969482422,47.249534606933594,13.264915466308594
2015-09-01,159.48948669433594,93.15541076660156,96.93364715576172,41.93088912963867,82.60430908203125,89.24980926513672,109.19999694824219,46.349613189697266,12.825288772583008
2015-09-02,162.51678466796875,95.78273010253906,98.67483520507812,42.55305862426758,82.37969970703125,88.48187255859375,108.62000274658203,46.828304290771484,12.935195922851562
2015-09-03,162.6332244873047,95.31257629394531,98.51889038085938,42.654354095458984,82.5810775756836,88.91340637207031,107.83999633789062,46.95594787597656,13.01973819732666
2015-09-04,160.1714630126953,94.17866516113281,97.7739486694336,41.67770004272461,82.83663177490234,89.72520446777344,107.48999786376953,46.081546783447266,12.859105110168457
2015-09-08,164.19679260253906,96.83369445800781,100.00885009765625,42.90031433105469,82.47264862060547,88.40145111083984,107.5199966430664,46.77724075317383,12.952103614807129
2015-09-09,162.00111389160156,95.74585723876953,98.85675811767578,42.72669219970703,82.50360107421875,88.8256607055664,106.12999725341797,46.24110794067383,12.783015251159668
2015-09-10,162.88270568847656,96.78755950927734,99.30718231201172,43.00883102416992,82.31776428222656,88.22586822509766,106.37999725341797,46.343223571777344,12.892923355102539
2015-09-11,163.62290954589844,97.32225036621094,99.77497863769531,43.00159454345703,82.53459930419922,88.78174591064453,106.16000366210938,47.23039245605469,12.87601375579834
2015-09-14,163.01577758789062,97.02725982666016,99.31586456298828,42.676048278808594,82.61205291748047,88.92069244384766,106.22000122070312,47.255924224853516,12.715380668640137
2015-09-15,165.05340576171875,98.17040252685547,100.43331909179688,42.96541976928711,81.96154022216797,87.21658325195312,105.9000015258789,47.72184753417969,12.75765323638916
2015-09-16,166.4838104248047,98.72350311279297,101.299560546875,43.62376403808594,81.93836212158203,86.88745880126953,107.30999755859375,48.23244094848633,12.969013214111328
2015-09-17,166.109619140625,98.7603988647461,101.64605712890625,43.645469665527344,82.61979675292969,87.94791412353516,108.41000366210938,48.78132247924805,12.884469032287598
2015-09-18,163.39508056640625,97.3557357788086,100.24272918701172,42.55305862426758,83.00697326660156,89.30104064941406,109.20999908447266,48.698368072509766,12.690017700195312
2015-09-21,164.23953247070312,97.66068267822266,100.06079864501953,42.531349182128906,82.53459930419922,87.84561920166016,108.52999877929688,49.11323547363281,12.833742141723633
2015-09-22,162.1077117919922,96.20059204101562,98.54490661621094,41.51853561401367,82.9450454711914,89.0669937133789,107.79000091552734,48.49413299560547,12.75765323638916
2015-09-23,161.84852600097656,96.27452087402344,98.2503433227539,41.32320785522461,82.85212707519531,89.05965423583984,108.22000122070312,48.798377990722656,12.656201362609863
2015-09-24,161.26332092285156,95.92333984375,98.08580017089844,41.20744705200195,82.97599029541016,89.66673278808594,110.48999786376953,48.340694427490234,12.732290267944336
2015-09-25,161.22152709960938,95.1101303100586,96.79483795166016,41.569175720214844,82.75921630859375,88.89147186279297,109.80999755859375,48.53409194946289,12.808379173278809
2015-09-28,157.17530822753906,92.40247344970703,94.08436584472656,40.75168228149414,83.23157501220703,90.41275787353516,108.41999816894531,47.77988052368164,12.630838394165039
2015-09-29,157.267333984375,91.92190551757812,93.4154281616211,40.69380569458008,83.51805877685547,90.66865539550781,107.9800033569336,48.289127349853516,12.715380668640137
2015-09-30,160.20166015625,94.03820037841797,94.86621856689453,41.467899322509766,83.53356170654297,90.35421752929688,106.86000061035156,48.69525146484375,12.808379173278809
2015-10-01,160.61961364746094,94.46322631835938,94.701171875,41.598114013671875,83.59873962402344,90.73971557617188,106.7300033569336,48.93376541137695,12.723834991455078
2015-10-02,163.01893615722656,96.11740112304688,96.10848999023438,42.30707931518555,84.00199127197266,91.28936767578125,108.98999786376953,49.28831100463867,12.808379173278809
2015-10-05,165.9198455810547,97.49435424804688,98.40198516845703,43.14628601074219,83.5366439819336,90.05079650878906,108.7699966430664,50.11988067626953,12.97746753692627
2015-10-06,165.35134887695312,97.03227996826172,97.724365234375,43.19692611694336,83.7072982788086,90.43924713134766,109.86000061035156,50.00384521484375,13.231099128723145
2015-10-07,166.70565795898438,97.61448669433594,99.45317840576172,43.73950958251953,83.49786376953125,90.13876342773438,109.69999694824219,50.57758712768555,13.205735206604004
2015-10-08,168.21044921875,98.00261688232422,100.34794616699219,44.08677291870117,83.2807388305664,89.38385772705078,109.13999938964844,51.00301742553711,13.264915466308594
2015-10-09,168.31077575683594,98.44619750976562,100.54776000976562,44.16635513305664,83.3272476196289,89.6183853149414,110.87000274658203,50.91923141479492,13.3240966796875
2015-10-12,168.46958923339844,98.68647003173828,100.40009307861328,44.079532623291016,83.6064453125,90.29998016357422,111.30999755859375,51.28022766113281,13.112737655639648
2015-10-13,167.40789794921875,98.0488052368164,99.0274887084961,43.52247619628906,83.68405151367188,90.45389556884766,111.86000061035156,50.88054656982422,13.028192520141602
2015-10-14,166.60537719726562,97.89173126220703,98.05452728271484,43.60928726196289,84.14161682128906,91.245361328125,113.80999755859375,50.500213623046875,13.06201171875
2015-10-15,169.16355895996094,99.49968719482422,100.40009307861328,44.354434967041016,83.85465240478516,90.79830932617188,113.29000091552734,51.189971923828125,13.028192520141602
2015-10-16,169.9326171875,99.91553497314453,100.269775390625,44.318267822265625,83.78485107421875,90.82764434814453,112.48999786376953,51.57673645019531,13.03664779663086
2015-10-19,170.01617431640625,100.48849487304688,100.46089172363281,44.16635513305664,83.7460708618164,90.57845306396484,112.0199966430664,52.29872131347656,12.799924850463867
2015-10-20,169.7988739013672,99.97100067138672,100.32188415527344,43.98548126220703,83.45915985107422,90.02143096923828,112.7300033569336,52.279396057128906,12.825288772583008
2015-10-21,168.74546813964844,99.36105346679688,98.79290771484375,43.963783264160156,83.7460708618164,90.9156265258789,111.7300033569336,52.08598709106445,12.715380668640137
2015-10-22,171.59625244140625,101.3848648071289,99.66166687011719,44.455726623535156,83.83140563964844,91.06952667236328,111.69000244140625,52.543678283691406,12.75765323638916
2015-10-23,173.47723388671875,104.221923828125,100.64334106445312,44.89702606201172,83.35826873779297,90.29264831542969,111.5,52.034427642822266,12.681563377380371
2015-10-26,173.0508575439453,104.2865982055664,99.95703125,44.73063278198242,83.575439453125,90.89363861083984,111.43000030517578,52.021541595458984,12.647747039794922
2015-10-27,172.71644592285156,104.49916076660156,98.86243438720703,44.339962005615234,83.78485107421875,91.12080383300781,111.68000030517578,52.002197265625,12.588565826416016
2015-10-28,174.68099975585938,105.36780548095703,101.74663543701172,44.62936019897461,83.35050201416016,90.7543716430664,110.77999877929688,52.04730987548828,12.799924850463867
2015-10-29,174.58074951171875,105.20146942138672,100.66070556640625,44.303802490234375,82.838623046875,89.31053924560547,109.72000122070312,51.97640609741211,12.723834991455078
2015-10-30,173.82830810546875,104.73016357421875,100.20027923583984,44.20975112915039,83.0015640258789,89.98483276367188,109.30000305175781,51.499385833740234,12.8506498336792
2015-11-02,175.8848419189453,105.9130630493164,102.2852554321289,44.62936019897461,82.7630844116211,89.5713119506836,108.58999633789062,52.59526062011719,12.783015251159668
2015-11-03,176.3948516845703,106.28269958496094,102.8151626586914,44.6148796081543,82.54558563232422,88.83677673339844,106.9800033569336,52.06666946411133,13.011283874511719
2015-11-04,175.85983276367188,106.29191589355469,102.7630615234375,44.3689079284668,82.46012115478516,88.93964385986328,105.97000122070312,51.834598541259766,12.791470527648926
2015-11-05,175.68423461914062,106.0054702758789,102.84123229980469,44.28933334350586,82.40576934814453,88.7045669555664,105.63999938964844,52.04087829589844,12.690017700195312
2015-11-06,175.59228515625,106.07937622070312,103.57099151611328,44.08677291870117,81.84649658203125,87.40457153320312,104.0999984741211,50.422855377197266,12.613929748535156
2015-11-09,173.95376586914062,104.95196533203125,102.35472869873047,43.63099670410156,81.70669555664062,86.91246032714844,104.4000015258789,49.55907440185547,12.504022598266602
2015-11-10,174.3550262451172,104.68397521972656,102.6587905883789,43.60205841064453,81.8620376586914,87.1695327758789,104.18000030517578,50.12633514404297,12.478658676147461
2015-11-11,173.66946411132812,104.55461883544922,101.76400756835938,43.826332092285156,81.8232421875,86.98587036132812,103.83000183105469,50.184349060058594,12.351842880249023
2015-11-12,171.24513244628906,103.53807830810547,99.81803131103516,43.25480270385742,81.86978149414062,87.40457153320312,103.8499984741211,49.84268569946289,12.174301147460938
2015-11-13,169.32229614257812,101.50501251220703,99.09700775146484,42.89308547973633,82.18045806884766,87.90404510498047,103.55999755859375,49.275428771972656,12.081303596496582
2015-11-16,171.89718627929688,102.9651107788086,99.94835662841797,43.4356689453125,82.28924560546875,87.82321166992188,103.70999908447266,49.84268569946289,12.140483856201172
2015-11-17,171.77178955078125,103.02979278564453,99.56610870361328,43.551414489746094,82.26591491699219,87.97012329101562,102.33999633789062,49.84268569946289,11.954487800598145
2015-11-18,174.49713134765625,105.00743865966797,101.25146484375,43.949317932128906,82.22708892822266,88.15372467041016,102.43000030517578,50.28105163574219,12.005213737487793
2015-11-19,174.34669494628906,105.08134460449219,100.82577514648438,44.17357635498047,82.40576934814453,88.74132537841797,103.55999755859375,50.43574142456055,12.005213737487793
2015-11-20,174.98204040527344,105.79293060302734,101.47731018066406,44.072296142578125,82.29700469970703,88.4695816040039,103.08999633789062,51.06749725341797,11.98830509185791
2015-11-23,174.78134155273438,105.48796081542969,101.98119354248047,43.797386169433594,82.40576934814453,88.74132537841797,102.26000213623047,51.17707443237305,12.081303596496582
2015-11-24,175.01541137695312,105.39556121826172,102.72830963134766,43.80461883544922,82.48345184326172,88.73396301269531,102.94000244140625,50.90632629394531,12.275754928588867
2015-11-25,174.99034118652344,105.48796081542969,103.52753448486328,43.90590286254883,82.53005981445312,88.93964385986328,102.45999908447266,51.11260986328125,12.258845329284668
2015-11-27,175.19097900390625,105.63581085205078,103.91846466064453,43.91313934326172,82.61546325683594,88.8514633178711,101.25,51.557403564453125,12.07284927368164
2015-11-30,174.4636993408203,105.36780548095703,103.46675872802734,43.87696838378906,82.64655303955078,89.20407104492188,101.91999816894531,51.17707443237305,11.996758460998535
2015-12-01,176.1272735595703,106.42131042480469,104.15303039550781,44.339962005615234,83.08612060546875,90.4089584350586,102.27999877929688,51.88616180419922,12.132030487060547
2015-12-02,174.3299102783203,105.76518249511719,103.0323486328125,43.86973571777344,82.85271453857422,90.43841552734375,100.69000244140625,50.82898712158203,11.878397941589355
2015-12-03,171.8888397216797,103.97242736816406,101.29490661621094,43.6599235534668,81.98141479492188,87.97999572753906,101.76000213623047,50.02962875366211,12.013668060302734
2015-12-04,175.2411651611328,106.40283203125,102.31998443603516,44.0144157409668,82.28479766845703,88.75289154052734,104.0199966430664,50.98369216918945,11.996758460998535
2015-12-07,174.17942810058594,105.92230224609375,100.7823486328125,43.73228073120117,82.54930877685547,89.61402893066406,102.66999816894531,50.841861724853516,11.650130271911621
2015-12-08,173.00909423828125,105.93153381347656,100.22633361816406,43.088409423828125,82.59600067138672,89.65821075439453,102.83999633789062,50.79676055908203,11.590950012207031
2015-12-09,171.6630859375,104.32356262207031,99.10567474365234,42.89308547973633,82.720458984375,89.56255340576172,102.63999938964844,50.513099670410156,11.599404335021973
2015-12-10,172.106201171875,104.79486846923828,99.43582153320312,42.90031433105469,82.5415267944336,89.68025970458984,102.55000305175781,50.152122497558594,11.55713176727295
2015-12-11,168.7705841064453,102.38292694091797,97.22052764892578,42.08280944824219,83.20281219482422,91.0934829711914,103.11000061035156,50.06187438964844,11.438769340515137
2015-12-14,169.623291015625,103.15914916992188,96.5255126953125,42.14793014526367,82.58818817138672,89.91587829589844,101.79000091552734,50.29391860961914,11.36268138885498
2015-12-15,171.4039306640625,103.78760528564453,97.91548919677734,42.35773468017578,82.37815856933594,89.3858642578125,101.5199966430664,50.841861724853516,11.33731746673584
2015-12-16,173.91197204589844,105.3308334350586,99.40973663330078,43.211387634277344,82.16035461425781,89.19448852539062,102.75,51.834598541259766,11.286592483520508
2015-12-17,171.26187133789062,103.79681396484375,98.34986114501953,42.661582946777344,82.50263214111328,90.2028579711914,100.5,51.57673645019531,11.168231010437012
2015-12-18,168.21083068847656,101.80577087402344,96.84695434570312,42.21304702758789,82.79824829101562,90.70339965820312,102.04000091552734,50.97722625732422,11.218957901000977
2015-12-21,169.59835815429688,102.93663787841797,97.57669830322266,42.408626556396484,82.83720397949219,90.68130493164062,103.1500015258789,51.17707443237305,11.168231010437012
2015-12-22,171.13734436035156,103.61326599121094,98.47147369384766,42.72974395751953,82.6037826538086,90.02621459960938,102.61000061035156,51.383358001708984,11.117505073547363
2015-12-23,173.2566375732422,104.3826675415039,99.71378326416016,43.444942474365234,82.41704559326172,89.34906005859375,102.30999755859375,51.91149139404297,11.320408821105957
2015-12-24,172.97064208984375,104.36408996582031,99.90222930908203,43.37196350097656,82.56824493408203,89.86097717285156,103.05000305175781,51.91149139404297,11.320408821105957
2015-12-28,172.57542419433594,104.3084945678711,99.4398193359375,43.26979064941406,82.58377838134766,90.12646484375,102.2699966430664,52.19908905029297,11.159775733947754
2015-12-29,174.41714477539062,105.94916534423828,100.51299285888672,43.700374603271484,82.14747619628906,88.6291732788086,102.19999694824219,52.754661560058594,11.345772743225098
2015-12-30,173.18089294433594,104.99442291259766,99.50089263916016,43.437644958496094,82.17867279052734,88.5406265258789,101.41999816894531,52.57163619995117,11.235865592956543
2015-12-31,171.44857788085938,103.68744659423828,98.26193237304688,42.85380935668945,82.27214813232422,88.93895721435547,101.45999908447266,52.1141242980957,11.295045852661133
2016-01-04,169.05178833007812,101.49987030029297,95.98468780517578,42.19699478149414,82.62272644042969,89.5806884765625,102.88999938964844,51.486637115478516,11.210502624511719
2016-01-05,169.33767700195312,101.32376098632812,96.194091796875,42.13130569458008,82.59937286376953,89.21927642822266,103.18000030517578,52.48014831542969,11.10059642791748
2016-01-06,167.20166015625,100.3504409790039,94.7282943725586,41.4379997253418,83.09801483154297,90.4215087890625,104.66999816894531,52.33635330200195,10.923052787780762
2016-01-07,163.1902313232422,97.2081298828125,92.19801330566406,40.57682800292969,83.27720642089844,90.58377075195312,106.1500015258789,51.31667709350586,10.872326850891113
2016-01-08,161.39895629882812,96.41096496582031,90.61003875732422,40.087867736816406,83.48765563964844,90.98949432373047,105.68000030517578,50.63037872314453,10.821601867675781
2016-01-11,161.55873107910156,96.70758819580078,90.21739959716797,40.25571823120117,83.22265625,89.9937515258789,104.73999786376953,50.91796875,10.525697708129883
2016-01-12,162.8622283935547,97.82918548583984,90.48786926269531,40.44546890258789,83.59673309326172,91.29187774658203,104.20999908447266,50.57806396484375,10.458063125610352
2016-01-13,158.80027770996094,94.45513153076172,87.58242797851562,39.817840576171875,83.92394256591797,92.19173431396484,104.72000122070312,49.8525390625,10.398882865905762
2016-01-14,161.40733337402344,96.46659851074219,88.7951889038086,40.32870101928711,83.75252532958984,91.3287582397461,103.0199966430664,49.73488235473633,10.42424488067627
2016-01-15,157.9425506591797,93.47256469726562,87.35556030273438,38.86909866333008,84.14212036132812,92.75228118896484,104.08000183105469,49.394989013671875,10.204432487487793
2016-01-19,158.1527862548828,93.67649841308594,86.17768096923828,39.22669982910156,84.03303527832031,92.46463012695312,103.9800033569336,49.656463623046875,10.119888305664062
2016-01-20,156.1260528564453,93.38914489746094,86.535400390625,38.33635330200195,84.44599914550781,93.43829345703125,105.37000274658203,48.32305145263672,10.04379940032959
2016-01-21,157.0006103515625,93.48184204101562,86.3347396850586,38.62096405029297,84.2356185913086,92.80393981933594,105.48999786376953,48.591033935546875,10.179069519042969
2016-01-22,160.22161865234375,96.1884994506836,88.44619750976562,39.75946044921875,84.04863739013672,92.44987487792969,105.0,49.944061279296875,10.483426094055176
2016-01-25,157.7996368408203,94.76103210449219,86.48303985595703,39.22669982910156,84.32915496826172,92.9514389038086,106.08000183105469,49.630313873291016,10.255159378051758
2016-01-26,159.95248413085938,95.61382293701172,88.21064758300781,39.927303314208984,84.3914566040039,92.99577331542969,107.29000091552734,50.669578552246094,10.458063125610352
2016-01-27,158.21168518066406,93.2315444946289,86.9978256225586,39.671875,84.45379638671875,92.9735336303711,107.69000244140625,49.68914794921875,10.584878921508789
2016-01-28,159.03582763671875,94.54782104492188,86.98040008544922,39.78864288330078,84.5628433227539,93.1063461303711,106.54000091552734,49.31003952026367,10.703240394592285
2016-01-29,162.91270446777344,96.52218627929688,89.83350372314453,40.489261627197266,85.01480102539062,93.8956069946289,106.94999694824219,50.32316207885742,10.804692268371582
2016-02-01,162.85382080078125,96.78174591064453,89.42342376708984,40.44546890258789,84.81893920898438,93.60812377929688,108.05000305175781,50.40812301635742,10.601786613464355
2016-02-02,159.91879272460938,94.68687438964844,87.49514770507812,39.5040283203125,85.41976165771484,95.34469604492188,108.08999633789062,49.950592041015625,10.415790557861328
2016-02-03,160.87750244140625,94.23267364501953,87.6086196899414,39.83243179321289,85.32616424560547,94.55399322509766,109.25,50.28395462036133,10.677876472473145
2016-02-04,161.12985229492188,94.22340393066406,87.94888305664062,39.88352584838867,85.529052734375,95.01222229003906,110.56999969482422,50.310089111328125,10.660967826843262
2016-02-05,158.06027221679688,90.95128631591797,85.540771484375,39.27049255371094,85.63827514648438,95.12306213378906,112.31999969482422,49.35579299926758,10.593332290649414
2016-02-08,155.9326171875,89.56088256835938,84.1360092163086,38.54069137573242,86.27809143066406,97.17009735107422,113.83000183105469,47.94395065307617,10.542607307434082
2016-02-09,155.94102478027344,89.28279876708984,83.5688705444336,38.09551239013672,86.29373168945312,97.27350616455078,113.58000183105469,47.06154251098633,10.272067070007324
2016-02-10,155.80648803710938,89.62577056884766,83.6125259399414,38.05173110961914,86.55123901367188,98.13074493408203,114.45999908447266,47.38834762573242,10.288975715637207
2016-02-11,153.77969360351562,89.49600219726562,82.70511627197266,37.49708557128906,86.94915008544922,98.81798553466797,119.05999755859375,46.715110778808594,10.415790557861328
2016-02-12,156.9502410888672,90.85862731933594,84.27561950683594,38.15389633178711,86.2859115600586,97.17744445800781,118.36000061035156,47.2510986328125,10.567970275878906
2016-02-16,159.5992431640625,92.90711975097656,86.27367401123047,38.92748260498047,86.02841186523438,96.15021514892578,114.7699966430664,48.12042999267578,10.449607849121094
2016-02-17,162.20626831054688,95.01129913330078,87.62605285644531,39.59890365600586,85.81771850585938,95.55900573730469,115.4800033569336,48.5322151184082,10.669422149658203
2016-02-18,161.54183959960938,93.92677307128906,87.20720672607422,39.39455795288086,86.2156753540039,96.73403930664062,118.29000091552734,49.02242660522461,10.610241889953613
2016-02-19,161.46621704101562,94.20486450195312,87.64351654052734,39.35076904296875,86.2156753540039,96.81533813476562,117.58000183105469,49.30349349975586,10.517243385314941
2016-02-22,163.80410766601562,95.73429870605469,88.62073516845703,39.79594421386719,86.12983703613281,96.76358032226562,115.48999786376953,49.774112701416016,10.677876472473145
2016-02-23,161.73533630371094,94.15851593017578,87.80929565429688,39.146427154541016,86.30148315429688,97.15530395507812,117.22000122070312,49.64338684082031,10.534152030944824
2016-02-24,162.47540283203125,95.05763244628906,88.65563201904297,39.00776672363281,86.30148315429688,96.96312713623047,117.61000061035156,49.58456802368164,10.669422149658203
2016-02-25,164.44325256347656,95.9938735961914,89.46703338623047,39.47483825683594,86.55903625488281,97.31048583984375,117.91999816894531,50.59769821166992,10.660967826843262
2016-02-26,164.06480407714844,95.87335968017578,90.03416442871094,39.37266159057617,86.13764190673828,96.37191772460938,117.11000061035156,50.33622741699219,10.644060134887695
2016-02-29,162.7781219482422,95.01129913330078,89.63282012939453,39.13912582397461,86.27809143066406,96.79317474365234,118.63999938964844,50.140140533447266,10.779328346252441
2016-03-01,166.60450744628906,98.06092071533203,91.5610580444336,40.16084671020508,85.603759765625,95.08878326416016,117.7699966430664,51.55200958251953,10.7877836227417
2016-03-02,167.35301208496094,98.09801483154297,92.50335693359375,40.43815994262695,85.45529174804688,95.481201171875,118.68000030517578,51.924556732177734,10.846963882446289
2016-03-03,168.00897216796875,97.91261291503906,93.47183227539062,40.8322639465332,85.5568618774414,95.82917022705078,120.7300033569336,52.19908905029297,10.906144142150879
2016-03-04,168.55560302734375,97.9496841430664,93.98662567138672,41.1314811706543,85.26776885986328,95.21463012695312,120.54000091552734,52.205631256103516,11.117505073547363
2016-03-07,168.69015502929688,97.34716796875,95.00746154785156,41.08039474487305,85.0958251953125,95.18506622314453,121.13999938964844,52.3428840637207,11.320408821105957
2016-03-08,166.84840393066406,96.54071807861328,92.7127914428711,40.679012298583984,85.58810424804688,96.23637390136719,120.58000183105469,51.8068962097168,11.168231010437012
2016-03-09,167.67254638671875,97.16181945800781,93.1839599609375,40.8322639465332,85.2520980834961,95.65148162841797,119.58000183105469,52.094512939453125,11.33731746673584
2016-03-10,167.80709838867188,97.01348876953125,92.42485809326172,40.766578674316406,84.94734954833984,95.25907897949219,121.5,51.90496063232422,11.320408821105957
2016-03-11,170.5150146484375,98.70976257324219,94.40545654296875,41.832096099853516,84.70514678955078,94.29656219482422,119.41000366210938,53.06841278076172,11.36268138885498
2016-03-14,170.29640197753906,98.87664031982422,94.16114044189453,41.744503021240234,84.76760864257812,94.59268188476562,117.87000274658203,53.074947357177734,11.26122760772705
2016-03-15,170.01889038085938,98.83953094482422,92.69532775878906,41.350425720214844,84.75203704833984,94.68151092529297,117.95999908447266,53.10110092163086,11.168231010437012
2016-03-16,171.00282287597656,99.72012329101562,93.34968566894531,41.7153205871582,85.19742584228516,94.9629135131836,120.58999633789062,53.74164962768555,11.36268138885498
2016-03-17,172.08763122558594,99.66453552246094,94.7806396484375,42.036434173583984,85.29117584228516,95.35531616210938,120.12999725341797,54.49987030029297,11.489497184753418
2016-03-18,172.76394653320312,99.82072448730469,95.63570404052734,41.96345901489258,85.43965911865234,95.55522918701172,119.80000305175781,54.264564514160156,11.48104190826416
2016-03-21,173.009033203125,100.211181640625,95.40885162353516,41.89776611328125,85.19742584228516,94.82223510742188,118.95999908447266,53.77479553222656,11.514859199523926
2016-03-22,172.9160919189453,100.51797485351562,95.2953872680664,41.824798583984375,85.01769256591797,94.80001831054688,119.30999755859375,53.77479553222656,11.599404335021973
2016-03-23,171.77490234375,99.6905746459961,93.53378295898438,41.40150451660156,85.40843963623047,95.87355041503906,116.61000061035156,53.48398208618164,11.354227066040039
2016-03-24,171.69882202148438,99.71844482421875,93.81381225585938,41.124176025390625,85.32244873046875,95.91064453125,116.33000183105469,53.503822326660156,11.286592483520508
2016-03-28,171.8002166748047,99.57899475097656,93.9275894165039,41.372310638427734,85.44747924804688,96.03649139404297,116.5999984741211,53.98632049560547,11.320408821105957
2016-03-29,173.38941955566406,101.17806243896484,96.53545379638672,41.81749725341797,86.02568817138672,97.04341888427734,118.76000213623047,55.15617752075195,11.295045852661133
2016-03-30,174.1502227783203,101.67079162597656,96.54421997070312,42.13130569458008,85.90846252441406,96.02166748046875,117.0999984741211,55.050437927246094,11.252774238586426
2016-03-31,173.72755432128906,101.52204895019531,96.81549072265625,41.7153205871582,86.22107696533203,96.70280456542969,117.63999938964844,55.38751220703125,11.235865592956543
2016-04-01,174.9109649658203,102.60047912597656,97.24432373046875,41.270145416259766,86.196044921875,96.95509338378906,116.93000030517578,55.314796447753906,11.041417121887207
2016-04-04,174.3445587158203,102.21002960205078,96.43045806884766,41.18256378173828,86.29772186279297,97.01447296142578,116.1500015258789,55.235504150390625,10.889235496520996
2016-04-05,172.60330200195312,101.22455596923828,95.33656311035156,40.37248611450195,86.6420669555664,98.07537841796875,117.66000366210938,54.87196350097656,10.863873481750488
2016-04-06,174.48838806152344,102.88867950439453,96.4129409790039,41.0293083190918,86.45425415039062,97.36315155029297,116.94000244140625,55.004154205322266,10.982234954833984
2016-04-07,172.4004364013672,101.41045379638672,95.10897827148438,40.43087387084961,86.90034484863281,98.56505584716797,118.61000061035156,54.660484313964844,10.948416709899902
2016-04-08,172.86534118652344,101.33610534667969,95.48530578613281,41.20446014404297,86.76732635498047,97.94184875488281,118.43000030517578,54.964515686035156,11.210502624511719
2016-04-11,172.45965576171875,100.9642333984375,95.18775177001953,41.226356506347656,86.75165557861328,97.81576538085938,120.02999877929688,54.852142333984375,11.295045852661133
2016-04-12,174.06570434570312,101.81025695800781,96.211669921875,41.839385986328125,86.40730285644531,97.14055633544922,120.05000305175781,55.24871063232422,11.540224075317383
2016-04-13,175.82394409179688,103.11181640625,98.28572082519531,42.503501892089844,86.4699478149414,97.48187255859375,118.7699966430664,55.004154205322266,11.599404335021973
2016-04-14,175.8323516845703,103.12113952636719,98.16321563720703,42.64215850830078,86.26644134521484,97.01447296142578,117.11000061035156,54.70013427734375,11.506404876708984
2016-04-15,175.63796997070312,102.86079406738281,98.40823364257812,42.54728698730469,86.52472686767578,97.84542846679688,117.91999816894531,55.10993194580078,11.464134216308594
2016-04-18,176.8721466064453,103.4093017578125,99.152099609375,42.912193298339844,86.43861389160156,97.42254638671875,117.73999786376953,55.37428665161133,11.514859199523926
2016-04-19,177.4300079345703,102.77714538574219,99.2308578491211,43.65658950805664,86.29772186279297,97.11829376220703,119.58000183105469,55.400726318359375,11.76003646850586
2016-04-20,177.59909057617188,102.86079406738281,99.37962341308594,43.693084716796875,85.85950469970703,96.04994201660156,118.97000122070312,54.46218490600586,11.98830509185791
2016-04-21,176.6438751220703,102.8700942993164,98.88079833984375,43.43034362792969,85.71862030029297,95.47863006591797,119.41999816894531,53.4905891418457,11.937579154968262
2016-04-22,176.6438751220703,101.3175048828125,99.8609619140625,43.45222854614258,85.62469482421875,95.23380279541016,117.88999938964844,54.07222366333008,11.886852264404297
2016-04-25,176.339599609375,101.3175048828125,99.152099609375,43.23330307006836,85.53079986572266,94.84064483642578,118.2300033569336,54.52167892456055,11.878397941589355
2016-04-26,176.60162353515625,100.82479858398438,100.12350463867188,43.38656234741211,85.350830078125,94.41029357910156,118.69999694824219,54.733184814453125,12.030576705932617
2016-04-27,176.965087890625,100.01595306396484,100.47352600097656,43.41575622558594,85.82039642333984,95.35253143310547,119.04000091552734,54.70013427734375,12.140483856201172
2016-04-28,175.3590087890625,98.80736541748047,99.3271255493164,42.82461166381836,86.11773681640625,95.7457504272461,121.29000091552734,54.58778381347656,12.208118438720703
2016-04-29,174.41224670410156,98.28673553466797,98.43450164794922,42.64215850830078,86.0864486694336,95.9906005859375,123.6500015258789,54.08544158935547,12.326480865478516
2016-05-02,175.79855346679688,99.21641540527344,99.30961608886719,43.04355239868164,85.83645629882812,95.02409362792969,123.23999786376953,54.92485427856445,12.157393455505371
2016-05-03,174.26861572265625,98.29602813720703,97.68187713623047,42.33563995361328,86.34586334228516,96.22100830078125,122.95999908447266,55.01076889038086,11.971396446228027
2016-05-04,173.2964630126953,97.6638412475586,96.87673950195312,41.8466911315918,86.50263977050781,96.74888610839844,122.20999908447266,55.79729080200195,11.979850769042969
2016-05-05,173.26263427734375,97.63594818115234,96.49169921875,41.75910949707031,86.73776245117188,97.3956527709961,122.06999969482422,55.9559440612793,11.861489295959473
2016-05-06,173.89657592773438,98.15658569335938,97.06053924560547,41.875877380371094,86.53398895263672,96.97931671142578,123.18000030517578,56.57060241699219,11.937579154968262
2016-05-09,174.0403289794922,98.43547821044922,97.34058380126953,41.788291931152344,86.6985855102539,97.28414916992188,120.6500015258789,57.19192123413086,11.675494194030762
2016-05-10,176.2042999267578,99.78352355957031,98.32073211669922,42.38673782348633,86.68286895751953,97.29154968261719,120.9800033569336,57.18531799316406,11.96294116973877
2016-05-11,174.5559539794922,98.8817138671875,97.1042709350586,42.02183151245117,86.81612396240234,97.84170532226562,122.12000274658203,55.962528228759766,12.241935729980469
2016-05-12,174.60671997070312,98.44476318359375,96.58795928955078,42.007240295410156,86.58098602294922,97.3956527709961,121.16000366210938,56.28641128540039,12.258845329284668
2016-05-13,173.08514404296875,98.08221435546875,95.94913482666016,41.576656341552734,86.91018676757812,98.33977508544922,121.70999908447266,55.784080505371094,12.241935729980469
2016-05-16,174.7926483154297,99.30938720703125,97.1655502319336,42.07292556762695,86.5966796875,97.4922866821289,121.80000305175781,56.312843322753906,12.377206802368164
2016-05-17,173.1612091064453,98.06359100341797,95.62531280517578,41.76639938354492,86.47911834716797,97.65584564208984,122.22000122070312,55.26853942871094,12.47020435333252
2016-05-18,173.2119140625,98.41690826416016,96.12415313720703,41.7809944152832,85.7815933227539,96.26561737060547,120.0999984741211,54.40269088745117,12.377206802368164
2016-05-19,172.61175537109375,97.90553283691406,95.3540267944336,41.481781005859375,85.86778259277344,96.6819839477539,119.87000274658203,53.794612884521484,12.343389511108398
2016-05-20,173.7022247314453,98.9839859008789,96.95550537109375,41.824798583984375,85.9226303100586,96.75630187988281,119.70999908447266,54.2242431640625,12.394115447998047
2016-05-23,173.4655303955078,98.85382080078125,96.84172058105469,41.68612289428711,85.97748565673828,96.97186279296875,119.37000274658203,54.23085021972656,12.326480865478516
2016-05-24,175.7140350341797,100.83404541015625,98.83705139160156,42.2918586730957,85.83645629882812,96.54074096679688,117.30000305175781,54.90499496459961,12.326480865478516
2016-05-25,176.90591430664062,101.5592269897461,99.41461181640625,42.73704147338867,85.79727935791016,96.17640686035156,116.9800033569336,54.90499496459961,12.47020435333252
2016-05-26,176.95668029785156,101.8567123413086,99.3008804321289,42.85380935668945,86.06372833251953,96.67450714111328,116.58000183105469,55.01076889038086,12.461750030517578
2016-05-27,177.7174072265625,102.38665771484375,100.28978729248047,42.81001663208008,85.89913940429688,96.53329467773438,115.62000274658203,55.30820083618164,12.512476921081543
2016-05-31,177.3792724609375,102.58187866210938,100.63982391357422,42.60567855834961,86.00101470947266,96.76374053955078,116.05999755859375,55.30160140991211,12.43638801574707
2016-06-01,177.7427978515625,102.5911865234375,101.32239532470703,42.56918716430664,85.97196960449219,97.15630340576172,115.94000244140625,55.34785461425781,12.563201904296875
2016-06-02,178.28379821777344,102.80504608154297,102.10124969482422,42.56918716430664,86.23883056640625,97.8565444946289,115.66999816894531,55.63207244873047,12.588565826416016
2016-06-03,177.75123596191406,102.32157135009766,101.48867797851562,42.84651184082031,87.03947448730469,99.24964904785156,118.87999725341797,55.85679626464844,12.673110008239746
2016-06-06,178.6557159423828,102.6934585571289,102.58263397216797,43.087345123291016,86.81185150146484,98.51213073730469,118.91999816894531,55.427188873291016,12.825288772583008
2016-06-07,178.9346466064453,102.43314361572266,102.88014221191406,43.40115737915039,86.93743896484375,98.7505111694336,118.81999969482422,55.76426315307617,12.952103614807129
2016-06-08,179.51792907714844,102.60978698730469,103.6414794921875,43.48872756958008,87.03947448730469,99.27942657470703,120.58000183105469,56.12116241455078,13.171917915344238
2016-06-09,179.27281188964844,102.44242858886719,102.97642517089844,42.955963134765625,87.17288208007812,99.92015075683594,121.25,56.24675750732422,13.14655590057373
2016-06-10,177.57371520996094,101.28031158447266,101.57621002197266,41.70802307128906,87.47903442382812,100.40435791015625,121.73999786376953,55.98237609863281,12.985921859741211
2016-06-13,176.2042999267578,100.43428802490234,100.47352600097656,41.10227584838867,87.65170288085938,100.8512954711914,122.63999938964844,55.9955940246582,12.985921859741211
2016-06-14,175.85769653320312,100.43428802490234,100.18476104736328,40.44546890258789,87.62815856933594,100.77679443359375,122.7699966430664,55.850189208984375,12.901378631591797
2016-06-15,175.612548828125,100.14608764648438,100.2547378540039,40.71549606323242,87.89502716064453,101.16416931152344,123.68000030517578,56.378944396972656,12.833742141723633
2016-06-16,176.13668823242188,100.443603515625,100.24603271484375,40.803070068359375,87.98918914794922,101.65581512451172,122.37999725341797,56.69617462158203,12.613929748535156
2016-06-17,175.480712890625,99.26627349853516,99.81719207763672,41.20446014404297,87.69094848632812,101.02262878417969,123.94999694824219,56.603675842285156,12.909832954406738
2016-06-20,176.61077880859375,99.89083862304688,100.90232849121094,42.2261848449707,87.31419372558594,99.94242095947266,123.20999908447266,56.6829719543457,13.028192520141602
2016-06-21,177.11215209960938,100.207763671875,100.70983123779297,42.56918716430664,87.1179428100586,99.48058319091797,120.83999633789062,56.89906311035156,12.926740646362305
2016-06-22,176.82325744628906,99.96540832519531,100.31600189208984,42.54311752319336,87.2906494140625,99.64446258544922,120.9000015258789,56.81235885620117,12.8506498336792
2016-06-23,179.12596130371094,101.3916244506836,102.23255920410156,43.719905853271484,86.8746109008789,98.50466918945312,120.11000061035156,57.099124908447266,12.952103614807129
2016-06-24,172.6936492919922,97.21552276611328,98.34696960449219,39.966094970703125,88.07556915283203,101.14925384521484,126.0,56.59230041503906,12.690017700195312
2016-06-27,169.60076904296875,95.28594207763672,95.11774444580078,39.19895553588867,88.83695983886719,103.67466735839844,126.68000030517578,56.63228225708008,12.664655685424805
2016-06-28,172.65966796875,97.37397766113281,96.58795928955078,40.22677230834961,88.82121276855469,103.89070892333984,125.31999969482422,57.82603073120117,12.867559432983398
2016-06-29,175.5996551513672,99.09849548339844,98.78453826904297,40.964134216308594,88.46015930175781,103.09355926513672,125.83999633789062,58.52626419067383,13.053556442260742
2016-06-30,177.99581909179688,100.24505615234375,100.62232971191406,41.574867248535156,88.65638732910156,103.4734878540039,126.47000122070312,59.133121490478516,12.97746753692627
2016-07-01,178.3696746826172,100.7483901977539,100.9811019897461,41.574867248535156,88.8906021118164,104.91014099121094,128.41000366210938,59.15312194824219,13.138100624084473
2016-07-05,177.08663940429688,100.13318634033203,99.49339294433594,40.77048110961914,89.37796783447266,106.2236557006836,129.47000122070312,59.80669403076172,12.766107559204102
2016-07-06,178.14878845214844,100.9535140991211,100.21582794189453,40.69599914550781,89.39368438720703,106.3952865600586,130.22999572753906,59.546607971191406,12.81683349609375
2016-07-07,178.038330078125,101.25181579589844,100.42700958251953,40.53215408325195,89.2757797241211,106.38787078857422,129.74000549316406,58.93308639526367,12.453295707702637
2016-07-08,180.68939208984375,102.8178482055664,102.76763916015625,41.15032958984375,89.44873809814453,107.17146301269531,130.52000427246094,59.886714935302734,12.58011245727539
2016-07-11,181.3266143798828,103.40506744384766,103.95553588867188,41.75362777709961,88.97709655761719,106.23116302490234,129.2899932861328,60.28684616088867,12.529383659362793
2016-07-12,182.6436767578125,103.92707824707031,105.34584045410156,42.31967544555664,88.4504623413086,104.48478698730469,127.1500015258789,60.28019332885742,12.766107559204102
2016-07-13,182.61822509765625,103.67543029785156,104.9322509765625,42.274986267089844,88.67839813232422,105.71619415283203,128.32000732421875,60.613616943359375,12.605474472045898
2016-07-14,183.63783264160156,104.38387298583984,105.03787994384766,42.63993835449219,88.3089828491211,104.1788330078125,127.33000183105469,60.073448181152344,12.656201362609863
2016-07-15,183.39149475097656,104.2160873413086,105.32825469970703,42.42394256591797,87.97100830078125,103.28317260742188,126.83999633789062,60.09343719482422,12.622384071350098
2016-07-18,183.8842315673828,104.90587615966797,105.50421905517578,42.52821350097656,87.94740295410156,103.18614196777344,127.04000091552734,60.25350570678711,12.563201904296875
2016-07-19,183.69729614257812,104.523681640625,104.97627258300781,42.19306182861328,88.18321990966797,103.76829528808594,127.20999908447266,60.54692459106445,12.487113952636719
2016-07-20,184.4620819091797,105.74483489990234,105.66260528564453,42.57291030883789,88.00239562988281,103.2010726928711,125.38999938964844,60.5536003112793,12.402569770812988
2016-07-21,183.76528930664062,105.5024642944336,105.16106414794922,42.401607513427734,88.19892883300781,103.41007232666016,127.30000305175781,60.67364501953125,12.334935188293457
2016-07-22,184.5895233154297,105.9405746459961,105.94417572021484,42.48352813720703,88.12822723388672,103.58917999267578,126.3499984741211,61.207176208496094,12.309572219848633
2016-07-25,184.08819580078125,105.94991302490234,105.78582000732422,42.431392669677734,88.05743408203125,103.5145263671875,125.47000122070312,61.09380340576172,12.174301147460938
2016-07-26,184.17320251464844,106.07109069824219,106.2961654663086,42.61014175415039,88.11248016357422,103.67872619628906,126.0,60.79368209838867,12.123575210571289
2016-07-27,183.977783203125,106.80748748779297,106.59536743164062,42.76655578613281,88.48974609375,104.96988677978516,128.02999877929688,60.320194244384766,12.005213737487793
2016-07-28,184.19015502929688,107.18035125732422,106.32258605957031,42.72187042236328,88.53690338134766,104.77579498291016,127.66000366210938,60.880374908447266,11.971396446228027
2016-07-29,184.48753356933594,107.41339874267578,106.53374481201172,43.22834014892578,88.87488555908203,105.6490478515625,128.97999572753906,61.653968811035156,12.07284927368164
2016-08-01,184.33457946777344,107.9820327758789,106.62174987792969,42.9453125,88.56632995605469,104.50360107421875,129.22000122070312,61.787357330322266,11.861489295959473
2016-08-02,183.15353393554688,107.16170501708984,105.13468170166016,42.72930908203125,88.35383605957031,103.4268569946289,130.27000427246094,60.80035400390625,11.844581604003906
2016-08-03,183.68881225585938,107.51593780517578,105.98820495605469,42.580360412597656,88.4010238647461,103.48670959472656,129.64999389648438,60.44689178466797,12.039031028747559
2016-08-04,183.8842315673828,107.82355499267578,106.08499908447266,42.826148986816406,88.61360168457031,104.26429748535156,129.8699951171875,60.20014190673828,12.08975887298584
2016-08-05,185.38824462890625,108.85826110839844,107.6160888671875,43.01979064941406,88.06260681152344,103.18016815185547,127.55000305175781,60.240177154541016,12.140483856201172
2016-08-08,185.27780151367188,108.73706817626953,107.56328582763672,43.109161376953125,88.01537322998047,103.3745346069336,127.44000244140625,60.34686279296875,12.208118438720703
2016-08-09,185.38824462890625,108.98877716064453,107.67766571044922,43.451778411865234,88.33021545410156,104.39142608642578,127.95999908447266,60.67364501953125,12.174301147460938
2016-08-10,184.9293975830078,108.70911407470703,106.90333557128906,43.60073471069336,88.56632995605469,104.79517364501953,128.55999755859375,60.606956481933594,12.030576705932617
2016-08-11,185.78758239746094,109.17521667480469,107.41368103027344,43.91355895996094,88.14130401611328,103.86054992675781,127.66999816894531,59.92005157470703,12.216573715209961
2016-08-12,185.6261749267578,109.2497787475586,107.51929473876953,43.80182647705078,88.45616912841797,104.7353286743164,127.4000015258789,60.17347717285156,12.309572219848633
2016-08-15,186.16148376464844,109.7158432006836,108.58403778076172,43.9731330871582,88.19638061523438,103.74840545654297,127.83999633789062,60.11344528198242,12.512476921081543
2016-08-16,185.2013397216797,109.1099624633789,107.70404815673828,43.906097412109375,88.0468521118164,103.47171783447266,128.47000122070312,59.39321517944336,12.613929748535156
2016-08-17,185.54969787597656,109.3056869506836,107.38729858398438,43.891212463378906,88.18856811523438,104.09236907958984,128.5,59.633296966552734,12.664655685424805
2016-08-18,185.96607971191406,109.3336410522461,108.17925262451172,44.114646911621094,88.34599304199219,104.25688934326172,129.11000061035156,59.413211822509766,12.825288772583008
2016-08-19,185.69412231445312,109.3056869506836,108.17925262451172,43.78693771362305,88.0468521118164,103.71106719970703,127.97000122070312,59.033084869384766,12.783015251159668
2016-08-22,185.68560791015625,109.38959503173828,108.42562866210938,43.83161544799805,88.24365234375,104.58586883544922,127.77999877929688,59.353206634521484,12.664655685424805
2016-08-23,186.0594940185547,109.5853500366211,109.182373046875,44.017818450927734,88.23577880859375,104.69792938232422,127.76000213623047,59.386531829833984,12.715380668640137
2016-08-24,185.10784912109375,108.87690734863281,108.29363250732422,43.91355895996094,88.20426940917969,104.4512710571289,126.33999633789062,59.12645721435547,12.563201904296875
2016-08-25,184.9803466796875,108.6998062133789,108.50481414794922,43.734798431396484,88.06260681152344,104.05497741699219,126.2300033569336,59.39321517944336,12.613929748535156
2016-08-26,184.6320343017578,108.85826110839844,108.28483581542969,43.474117279052734,87.72413635253906,103.44939422607422,126.05000305175781,58.806331634521484,12.571657180786133
2016-08-29,185.54119873046875,109.0074234008789,108.84798431396484,43.608184814453125,88.08624267578125,104.83257293701172,126.30000305175781,59.386531829833984,12.520931243896484
2016-08-30,185.2353515625,108.65318298339844,109.05038452148438,43.54859924316406,88.07833862304688,104.4288330078125,125.02999877929688,59.27317428588867,12.402569770812988
2016-08-31,184.70848083496094,108.54132843017578,108.43441009521484,43.459228515625,87.97603607177734,104.57828521728516,124.77999877929688,59.33320236206055,12.165847778320312
2016-09-01,184.7169647216797,108.82096099853516,108.51359558105469,43.75714111328125,88.11394500732422,104.69371795654297,125.29000091552734,59.18648910522461,12.030576705932617
2016-09-02,185.54969787597656,109.17521667480469,109.56070709228516,44.263607025146484,87.88539123535156,103.83975219726562,126.56999969482422,59.699989318847656,12.165847778320312
2016-09-06,186.1105194091797,109.85566711425781,109.66632843017578,44.5615234375,88.29521942138672,104.59639739990234,128.7100067138672,60.16014862060547,12.250391006469727
2016-09-07,186.09352111816406,109.92092895507812,110.35267639160156,44.5838737487793,88.34255981445312,104.52142333984375,128.27000427246094,60.5202522277832,12.360297203063965
2016-09-08,185.6686553955078,109.2777328491211,110.13269805908203,44.45725631713867,87.90898895263672,103.2105941772461,127.58999633789062,59.78000259399414,12.58011245727539
2016-09-09,181.2247314453125,106.52786254882812,106.692138671875,43.59327697753906,87.49124908447266,101.51026916503906,126.75,57.412567138671875,12.385660171508789
2016-09-12,183.82481384277344,108.43877410888672,108.17925262451172,43.95078659057617,87.57010650634766,101.56273651123047,126.58999633789062,58.092796325683594,12.385660171508789
2016-09-13,181.18222045898438,107.46932220458984,106.10257720947266,43.064483642578125,87.24691772460938,100.40919494628906,125.75,56.634281158447266,12.225027084350586
2016-09-14,181.11427307128906,107.9820327758789,106.12018585205078,43.00489044189453,87.4439697265625,100.5589370727539,126.18000030517578,56.81559371948242,12.132030487060547
2016-09-15,182.9241180419922,109.659912109375,107.38729858398438,43.377296447753906,87.46763610839844,100.12452697753906,125.37000274658203,57.03046417236328,12.191210746765137
2016-09-16,182.21697998046875,109.60757446289062,107.2289047241211,42.81869125366211,87.5621566772461,100.93354797363281,125.05999755859375,57.05731201171875,12.208118438720703
2016-09-19,182.25119018554688,109.13098907470703,107.94164276123047,43.04213333129883,87.41246795654297,100.60391998291016,125.31999969482422,57.57437515258789,12.199665069580078
2016-09-20,182.25967407226562,109.33659362792969,107.48409271240234,43.30281066894531,87.54647827148438,100.95604705810547,125.44000244140625,57.487091064453125,12.241935729980469
2016-09-21,184.30929565429688,110.41124725341797,109.04157257080078,44.06251525878906,87.6883316040039,101.77247619628906,127.2699966430664,58.225738525390625,12.394115447998047
2016-09-22,185.47071838378906,111.28968811035156,110.60785675048828,44.5093879699707,87.94844055175781,102.58135223388672,127.56999969482422,59.26657485961914,12.461750030517578
2016-09-23,184.45449829101562,110.57947540283203,109.8247299194336,44.136993408203125,87.98783874511719,102.4840316772461,127.6500015258789,59.4478645324707,12.318025588989258
2016-09-26,182.95997619628906,109.65432739257812,108.7341079711914,43.72734451293945,88.24005889892578,103.13566589355469,127.55000305175781,59.58888244628906,12.402569770812988
2016-09-27,184.09580993652344,110.73833465576172,109.17530822753906,43.93589782714844,88.38984680175781,103.89220428466797,126.62000274658203,58.95766830444336,12.284208297729492
2016-09-28,185.0095977783203,110.92521667480469,110.01355743408203,44.24871063232422,88.35040283203125,103.66751098632812,126.22000122070312,59.441131591796875,12.571657180786133
2016-09-29,183.33575439453125,110.1215591430664,108.40765380859375,43.697547912597656,88.40560913085938,103.92969512939453,126.06999969482422,58.648773193359375,12.647747039794922
2016-09-30,184.7191925048828,110.94391632080078,109.59884643554688,44.040157318115234,88.18487548828125,103.00090026855469,125.63999938964844,58.245872497558594,12.690017700195312
2016-10-03,184.27513122558594,110.78507232666016,109.25470733642578,43.92100143432617,87.97967529296875,102.66091918945312,125.31999969482422,57.15805435180664,12.799924850463867
2016-10-04,183.33575439453125,110.61686706542969,108.71646118164062,43.91355895996094,87.5771713256836,101.46031188964844,120.97000122070312,56.37910842895508,12.766107559204102
2016-10-05,184.14703369140625,111.00930786132812,109.3694076538086,44.092308044433594,87.37985229492188,100.98751068115234,120.77999877929688,55.23756790161133,12.842196464538574
2016-10-06,184.27513122558594,110.95327758789062,109.25470733642578,43.85396194458008,87.19830322265625,100.42472839355469,119.66000366210938,55.2577018737793,12.867559432983398
2016-10-07,183.64317321777344,110.7103042602539,108.38115692138672,43.63052749633789,87.32461547851562,100.49229431152344,119.73999786376953,55.163700103759766,12.833742141723633
2016-10-10,184.59967041015625,111.41118621826172,109.67826080322266,43.75714111328125,87.095703125,99.89947509765625,120.16000366210938,55.506168365478516,12.97746753692627
2016-10-11,182.26820373535156,109.8225326538086,107.67525482177734,43.13895034790039,87.07206726074219,99.67435455322266,119.55000305175781,54.96895980834961,12.901378631591797
2016-10-12,182.5073699951172,109.72908020019531,107.58704376220703,43.04213333129883,87.07206726074219,99.77196502685547,119.73999786376953,55.60018539428711,12.808379173278809
2016-10-13,181.9095458984375,109.33659362792969,106.69583129882812,42.87827682495117,87.25357055664062,100.1471176147461,120.02999877929688,56.0366325378418,12.892923355102539
2016-10-14,182.00352478027344,109.46742248535156,106.26347351074219,42.952754974365234,86.9852066040039,98.74391174316406,119.36000061035156,55.7881965637207,12.901378631591797
2016-10-17,181.37155151367188,109.16838073730469,106.13996124267578,42.826148986816406,87.17462158203125,99.37422943115234,119.68000030517578,55.9090690612793,12.91828727722168
2016-10-18,182.5073699951172,110.1402587890625,106.74878692626953,43.25068664550781,87.3482666015625,99.69688415527344,120.41999816894531,56.264957427978516,12.943650245666504
2016-10-19,182.99417114257812,110.13089752197266,107.19879150390625,43.369850158691406,87.38776397705078,99.77945709228516,121.11000061035156,56.38583755493164,13.028192520141602
2016-10-20,182.6525115966797,110.00007629394531,106.88111877441406,43.43687057495117,87.30884552001953,99.88446807861328,120.73999786376953,56.25823211669922,12.909832954406738
2016-10-21,182.73793029785156,110.41124725341797,106.82817840576172,43.34005355834961,87.40349578857422,100.0345458984375,120.83000183105469,56.05008316040039,12.96055793762207
2016-10-24,183.5150909423828,111.73824310302734,107.50762939453125,43.332603454589844,87.28510284423828,99.59933471679688,120.55999755859375,56.177669525146484,12.969013214111328
2016-10-25,182.90017700195312,111.38313293457031,106.70465087890625,43.30281066894531,87.26931762695312,99.86197662353516,121.47000122070312,56.07693862915039,12.909832954406738
2016-10-26,182.5330047607422,110.6261978149414,105.64580535888672,43.109161376953125,87.0799560546875,99.18657684326172,120.79000091552734,55.344993591308594,12.825288772583008
2016-10-27,182.0461883544922,110.1215591430664,104.43695068359375,43.057029724121094,86.78002166748047,98.10611724853516,121.01000213623047,53.89458084106445,12.901378631591797
2016-10-28,181.50820922851562,109.43002319335938,104.14578247070312,43.04213333129883,86.7957992553711,97.8884506225586,121.58000183105469,54.02214813232422,12.81683349609375
2016-10-31,181.51673889160156,109.32726287841797,104.56051635742188,43.064483642578125,86.86680603027344,98.48873138427734,121.94000244140625,54.90182113647461,12.647747039794922
2016-11-01,180.20152282714844,108.50486755371094,103.28108978271484,42.87827682495117,86.86995697021484,98.49626922607422,122.7300033569336,53.706546783447266,12.706926345825195
2016-11-02,179.11703491210938,107.63579559326172,101.96635437011719,42.58780288696289,87.13076782226562,98.92486572265625,123.63999938964844,52.92088317871094,12.55474853515625
2016-11-03,178.2971649169922,106.57980346679688,101.47223663330078,42.54311752319336,87.0754623413086,98.16553497314453,124.30000305175781,52.51127243041992,12.512476921081543
2016-11-04,178.1007843017578,106.20600891113281,102.12516784667969,42.13347244262695,87.34417724609375,99.04510498046875,124.38999938964844,52.92760467529297,12.427932739257812
2016-11-07,182.02911376953125,108.72917175292969,104.62228393554688,42.71442413330078,86.98064422607422,98.20310974121094,122.1500015258789,53.854278564453125,12.478658676147461
2016-11-08,182.84893798828125,109.43936157226562,104.89582824707031,42.833587646484375,86.67241668701172,97.80453491210938,121.63999938964844,54.13631057739258,12.461750030517578
2016-11-09,184.7874755859375,109.94401550292969,108.12525177001953,42.87082290649414,85.35245513916016,93.65452575683594,121.55999755859375,53.31706619262695,12.520931243896484
2016-11-10,185.24864196777344,108.16848754882812,109.85474395751953,42.75166702270508,84.83873748779297,92.27120208740234,119.75,52.42397689819336,12.419478416442871
2016-11-11,184.82167053222656,108.21517944335938,112.37828063964844,42.4909782409668,84.66481018066406,91.75243377685547,117.0999984741211,52.73958969116211,12.182756423950195
2016-11-14,184.9668731689453,107.12181091308594,113.95771789550781,42.26008987426758,84.17478942871094,91.20362091064453,116.11000061035156,53.98857498168945,12.157393455505371
2016-11-15,186.41012573242188,108.60767364501953,114.3106460571289,42.446292877197266,84.17478942871094,91.65469360351562,117.12000274658203,53.538665771484375,12.427932739257812
2016-11-16,186.0599822998047,109.25250244140625,114.30184173583984,41.999412536621094,84.25386047363281,92.48173522949219,116.7699966430664,53.38420486450195,12.275754928588867
2016-11-17,187.0164794921875,110.04681396484375,114.97246551513672,42.31967544555664,83.88237762451172,91.12090301513672,116.16999816894531,52.840328216552734,12.301116943359375
2016-11-18,186.59803771972656,109.6356201171875,115.58130645751953,41.8578987121582,83.5108642578125,90.85777282714844,115.1500015258789,52.9947509765625,12.402569770812988
2016-11-21,188.00709533691406,110.77572631835938,116.11953735351562,42.21540069580078,83.5820541381836,91.0833511352539,115.58000183105469,52.83359909057617,12.749198913574219
2016-11-22,188.3743438720703,111.11213684082031,117.17838287353516,42.31967544555664,83.66107177734375,91.05325317382812,115.54000091552734,53.760276794433594,12.732290267944336
2016-11-23,188.476806640625,110.66358184814453,117.91071319580078,42.170711517333984,83.36071014404297,90.69989013671875,113.25,53.53194808959961,12.783015251159668
2016-11-25,189.17701721191406,111.01869201660156,118.29898834228516,42.297332763671875,83.28956604003906,90.8352279663086,112.61000061035156,53.84083938598633,12.690017700195312
2016-11-28,188.28890991210938,110.766357421875,116.76365661621094,42.07389831542969,83.66893005371094,91.5042953491211,113.80000305175781,54.089324951171875,12.732290267944336
2016-11-29,188.65615844726562,111.1495132446289,116.70188903808594,42.34201431274414,83.75594329833984,91.88776397705078,113.2699966430664,54.60636520385742,12.478658676147461
2016-11-30,188.20352172851562,109.80384063720703,116.12835693359375,42.297332763671875,83.1947250366211,90.399169921875,111.75,53.98185729980469,12.859105110168457
2016-12-01,187.51177978515625,107.90679168701172,115.56363677978516,42.13347244262695,82.87736511230469,89.44466400146484,111.54000091552734,53.18950271606445,13.09582805633545
2016-12-02,187.60568237304688,108.12174987792969,115.50184631347656,42.23774337768555,83.24934387207031,90.10005187988281,112.13999938964844,53.71998596191406,13.188827514648438
2016-12-05,188.73300170898438,108.96278381347656,117.4871597290039,42.65483474731445,83.21766662597656,90.00210571289062,111.54000091552734,54.116180419921875,13.256462097167969
2016-12-06,189.33074951171875,109.22447204589844,118.75780487060547,42.9453125,83.24934387207031,89.9343490600586,111.43000030517578,54.465328216552734,13.197280883789062
2016-12-07,191.80735778808594,110.60749816894531,119.91370391845703,43.58583450317383,83.5263671875,90.7027359008789,111.83000183105469,55.55317306518555,13.09582805633545
2016-12-08,192.27700805664062,110.80375671386719,121.802001953125,43.54859924316406,83.20978546142578,89.63302612304688,111.56999969482422,55.935935974121094,13.12119197845459
2016-12-09,193.4384765625,111.67282104492188,122.04019165039062,43.734798431396484,82.78235626220703,88.51805114746094,110.4000015258789,55.87548828125,13.188827514648438
2016-12-12,193.21644592285156,111.1681900024414,120.75194549560547,43.54114532470703,82.7982177734375,88.68382263183594,110.81999969482422,56.24482727050781,13.273370742797852
2016-12-13,194.50601196289062,112.5699691772461,120.76077270507812,44.010379791259766,82.8457260131836,89.00019836425781,110.44999694824219,56.217952728271484,13.307188987731934
2016-12-14,192.9004669189453,112.33633422851562,119.25192260742188,43.362396240234375,82.1571044921875,88.00574493408203,108.83000183105469,54.98912811279297,13.180373191833496
2016-12-15,193.6947021484375,112.5138931274414,120.14311218261719,43.26557922363281,81.92752838134766,88.45027160644531,107.33999633789062,54.66678237915039,13.163463592529297
2016-12-16,193.31590270996094,112.0968017578125,119.92254638671875,43.29536437988281,82.03044128417969,88.24681854248047,108.05000305175781,55.486000061035156,13.22264575958252
2016-12-19,193.73680114746094,112.55606842041016,120.70783233642578,43.22834014892578,82.41038513183594,89.19603729248047,108.58999633789062,56.08364486694336,13.14655590057373
2016-12-20,194.48410034179688,112.98722076416016,121.73136901855469,43.377296447753906,82.23622131347656,88.7515869140625,107.79000091552734,56.21122741699219,13.205735206604004
2016-12-21,193.94300842285156,112.90284729003906,120.93727111816406,43.389339447021484,82.37085723876953,89.143310546875,107.8499984741211,55.35843276977539,13.129646301269531
2016-12-22,193.60794067382812,112.58416748046875,119.8944320678711,43.291500091552734,82.33509063720703,88.98394012451172,107.58999633789062,55.265899658203125,13.112737655639648
2016-12-23,193.8914031982422,112.6591567993164,120.5323486328125,43.404388427734375,82.4144515991211,89.16521453857422,107.93000030517578,55.409847259521484,13.138100624084473
2016-12-27,194.37246704101562,113.24028015136719,121.07280731201172,43.35171127319336,82.29552459716797,88.87822723388672,108.55999755859375,55.52641296386719,13.341005325317383
2016-12-28,192.76608276367188,112.35923767089844,119.8324203491211,43.186161041259766,82.59674072265625,89.52778625488281,108.86000061035156,55.19047164916992,13.349459648132324
2016-12-29,192.72315979003906,112.19990539550781,119.938720703125,43.291500091552734,82.8504409790039,89.84502410888672,110.29000091552734,55.87606430053711,13.366369247436523
2016-12-30,192.0187530517578,111.04705810546875,119.47799682617188,43.44200897216797,83.09619140625,89.98099517822266,109.61000061035156,56.58221435546875,13.391732215881348
2017-01-03,193.48770141601562,112.04058837890625,120.0716552734375,43.71291732788086,83.0565185546875,90.36618041992188,110.47000122070312,56.76734161376953,13.231099128723145
2017-01-04,194.63880920410156,112.64979553222656,122.07398986816406,44.209564208984375,83.15164947509766,90.71366882324219,110.86000061035156,57.59691619873047,13.332551002502441
2017-01-05,194.48410034179688,113.2871322631836,120.66527557373047,44.585819244384766,83.690673828125,92.13359069824219,112.58000183105469,57.78202438354492,13.400187492370605
2017-01-06,195.1799774169922,114.28064727783203,120.22225189208984,44.43531036376953,83.3101806640625,91.28767395019531,111.75,57.78886032104492,13.383277893066406
2017-01-09,194.53570556640625,114.65554809570312,119.4337158203125,44.367591857910156,83.62731170654297,92.02030181884766,112.66999816894531,57.26780700683594,13.180373191833496
2017-01-10,194.53570556640625,114.90859985351562,120.57662200927734,44.37511444091797,83.58769989013672,91.95990753173828,113.1500015258789,56.78103256225586,13.12119197845459
2017-01-11,195.08547973632812,115.21788024902344,120.78926849365234,44.608394622802734,83.68281555175781,92.26962280273438,113.5,56.43138885498047,13.264915466308594
2017-01-12,194.59580993652344,115.03981018066406,119.85899353027344,44.67610549926758,83.7303695678711,92.06566619873047,113.91000366210938,56.71934509277344,13.459365844726562
2017-01-13,195.04248046875,115.43348693847656,120.72725677490234,44.84166717529297,83.54806518554688,91.6275405883789,114.20999908447266,56.637081146240234,13.434003829956055
2017-01-17,194.3552703857422,115.08670043945312,119.088134765625,44.67610549926758,83.9682388305664,92.58680725097656,115.8499984741211,57.07583999633789,13.425549507141113
2017-01-18,194.7848358154297,115.32099151611328,119.47799682617188,44.548194885253906,83.37361907958984,91.40095520019531,114.87000274658203,57.171852111816406,13.307188987731934
2017-01-19,194.06324768066406,115.2647705078125,118.50335693359375,44.43531036376953,83.0565185546875,90.77408599853516,114.7699966430664,56.589080810546875,13.264915466308594
2017-01-20,194.7761993408203,115.51783752441406,119.11471557617188,44.691165924072266,83.09619140625,90.59278869628906,115.05000305175781,57.00043487548828,13.417095184326172
2017-01-23,194.26937866210938,115.61153411865234,118.61856079101562,44.804039001464844,83.53216552734375,91.49919128417969,115.79000091552734,57.4803581237793,13.417095184326172
2017-01-24,195.5149383544922,116.38946533203125,120.43484497070312,44.91691207885742,83.21507263183594,90.87223815917969,115.2699966430664,57.49409103393555,13.450911521911621
2017-01-25,197.20729064941406,117.56104278564453,121.5689697265625,45.38346862792969,82.8028564453125,89.73174285888672,114.31999969482422,57.11699676513672,13.366369247436523
2017-01-26,197.00112915039062,117.68291473388672,121.0816650390625,45.20286560058594,82.91383361816406,90.03385162353516,113.26000213623047,57.007286071777344,13.425549507141113
2017-01-27,196.69183349609375,117.90784454345703,120.66527557373047,45.12761306762695,83.01692199707031,90.35863494873047,113.48999786376953,56.451969146728516,13.315642356872559
2017-01-30,195.47201538085938,116.98931884765625,118.98184204101562,44.804039001464844,82.99311828613281,90.08673095703125,113.97000122070312,56.068031311035156,13.239553451538086
2017-01-31,195.45481872558594,116.75502014160156,119.81465148925781,44.871768951416016,83.27849578857422,90.71366882324219,115.55000305175781,56.47254180908203,13.315642356872559
2017-02-01,195.53216552734375,117.56104278564453,119.7437744140625,45.052364349365234,83.1189193725586,90.15272521972656,115.19999694824219,55.79376220703125,13.459365844726562
2017-02-02,195.66107177734375,117.45796203613281,119.44255828857422,45.07494354248047,83.15066528320312,90.1148681640625,115.83999633789062,56.45881652832031,13.459365844726562
2017-02-03,197.0096893310547,117.79539489746094,121.2677001953125,45.25554275512695,83.2142105102539,90.07705688476562,116.12999725341797,56.76734161376953,13.450911521911621
2017-02-06,196.65750122070312,117.93596649169922,120.35516357421875,44.931968688964844,83.61119842529297,90.62203979492188,117.69999694824219,56.67135238647461,13.366369247436523
2017-02-07,196.6660919189453,118.36711883544922,119.82354736328125,44.88681411743164,83.76200103759766,91.28813171386719,117.45999908447266,56.47254180908203,13.307188987731934
2017-02-08,196.923828125,118.56392669677734,119.61089324951172,44.96207046508789,84.10343170166016,92.52954864501953,118.19000244140625,56.91816711425781,13.357914924621582
2017-02-09,198.09210205078125,118.99508666992188,121.2943115234375,45.15019607543945,83.6032485961914,91.46221923828125,117.29000091552734,57.05527877807617,13.425549507141113
2017-02-10,198.87376403808594,119.38871002197266,122.21576690673828,45.25554275512695,83.54766082763672,91.4093017578125,117.5999984741211,57.45979309082031,13.5692720413208
2017-02-13,199.95616149902344,120.06356048583984,122.5346908569336,45.43614196777344,83.42057800292969,91.12166595458984,116.80000305175781,57.4803581237793,13.417095184326172
2017-02-14,200.75506591796875,120.46656036376953,122.94224548339844,45.3684196472168,83.1189193725586,90.46306610107422,116.93000030517578,57.17869567871094,13.434003829956055
2017-02-15,201.80308532714844,121.17888641357422,123.67769622802734,45.54149627685547,82.96013641357422,90.04679107666016,117.44999694824219,56.986732482910156,13.450911521911621
2017-02-16,201.63124084472656,121.14141082763672,123.3321304321289,45.646846771240234,83.29360961914062,90.53874969482422,118.08000183105469,57.32265853881836,13.366369247436523
2017-02-17,201.9491424560547,121.666259765625,123.25244140625,45.52644348144531,83.51590728759766,91.07624053955078,117.68000030517578,57.43235778808594,13.341005325317383
2017-02-21,203.15176391601562,122.26609802246094,124.21812438964844,45.676944732666016,83.4761734008789,90.91722869873047,117.75,58.165950775146484,13.3240966796875
2017-02-22,202.97140502929688,122.31299591064453,123.66883087158203,45.676944732666016,83.61119842529297,91.0686264038086,117.91000366210938,57.97399139404297,13.256462097167969
2017-02-23,203.10879516601562,121.85371398925781,122.93338775634766,45.77476501464844,83.83344268798828,91.34114837646484,118.94000244140625,58.27565002441406,13.298733711242676
2017-02-24,203.36651611328125,122.08806610107422,122.84480285644531,45.443668365478516,84.22251892089844,92.35545349121094,119.69999694824219,58.549888610839844,13.273370742797852
2017-02-27,203.6844024658203,122.2380142211914,124.04093170166016,45.4737663269043,83.92079162597656,91.81047058105469,119.12000274658203,58.8583869934082,13.239553451538086
2017-02-28,203.1345977783203,121.8631362915039,122.12714385986328,45.406044006347656,83.88114166259766,92.15110778808594,119.2300033569336,58.45389938354492,13.29028034210205
2017-03-01,205.97796630859375,123.19403076171875,124.35986328125,45.88011932373047,83.2967758178711,90.60693359375,119.05999755859375,58.27565002441406,13.349459648132324
2017-03-02,204.68081665039062,122.57543182373047,122.93338775634766,45.57911682128906,83.05824279785156,90.28079986572266,117.58000183105469,57.96027755737305,13.138100624084473
2017-03-03,204.80966186523438,122.80035400390625,122.84480285644531,45.85002136230469,83.13770294189453,90.51599884033203,117.51000213623047,57.73402786254883,13.205735206604004
2017-03-06,204.19976806640625,122.52854919433594,122.00308990478516,45.7070426940918,83.12184143066406,90.08368682861328,116.72000122070312,57.4734992980957,13.188827514648438
2017-03-07,203.58982849121094,122.32234954833984,121.20572662353516,45.54901123046875,83.00257873535156,89.81063842773438,115.77999877929688,57.199256896972656,13.129646301269531
2017-03-08,203.2118682861328,122.53797149658203,120.4083251953125,45.38346862792969,82.72430419921875,89.32522583007812,115.05999755859375,56.14345932006836,12.833742141723633
2017-03-09,203.46961975097656,122.63162994384766,119.92984008789062,45.556549072265625,82.49376678466797,88.61231994628906,114.47000122070312,55.300167083740234,12.723834991455078
2017-03-10,204.1826171875,123.14716339111328,120.46147155761719,45.9403190612793,82.66862487792969,88.92329406738281,114.72000122070312,55.128753662109375,12.605474472045898
2017-03-13,204.2857208251953,123.35334014892578,120.7449951171875,46.18111801147461,82.46194458007812,88.362060546875,114.73999786376953,55.265899658203125,12.588565826416016
2017-03-14,203.50393676757812,123.05338287353516,120.1690673828125,45.827449798583984,82.54943084716797,88.78678131103516,114.12000274658203,55.2521858215332,12.53783893585205
2017-03-15,205.2649383544922,123.81259155273438,122.0296859741211,46.48211669921875,83.27288818359375,89.87133026123047,116.25,56.36968994140625,12.647747039794922
2017-03-16,204.86123657226562,123.72824096679688,122.18913269042969,46.7078742980957,83.04232788085938,89.41624450683594,116.7300033569336,56.25999069213867,12.630838394165039
2017-03-17,204.50146484375,123.68508911132812,122.67646026611328,46.828269958496094,83.26497650146484,89.97747802734375,116.98999786376953,56.52051544189453,12.673110008239746
2017-03-20,204.2771759033203,123.79777526855469,122.1448745727539,46.73044967651367,83.46371459960938,90.36426544189453,117.51000213623047,56.47254180908203,12.664655685424805
2017-03-21,201.6543426513672,121.91932678222656,118.69833374023438,46.519752502441406,83.7419662475586,91.11509704589844,118.54000091552734,56.22572326660156,12.597021102905273
2017-03-22,202.12881469726562,122.745849609375,118.72486877441406,46.52726745605469,83.9009780883789,91.4791030883789,118.83000183105469,56.194637298583984,12.588565826416016
2017-03-23,201.9131317138672,122.43587493896484,119.41594696044922,46.632625579833984,83.81354522705078,91.3501968383789,118.66999816894531,56.609012603759766,12.563201904296875
2017-03-24,201.7664794921875,122.68950653076172,119.50212860107422,46.76054763793945,83.86126708984375,91.67630767822266,118.86000061035156,56.54686737060547,12.605474472045898
2017-03-27,201.55941772460938,122.88671112060547,119.72428131103516,46.880950927734375,84.06792449951172,92.09347534179688,119.52999877929688,56.03580093383789,12.588565826416016
2017-03-28,203.0260772705078,123.6380844116211,120.65725708007812,47.10669708251953,83.78173065185547,91.4791030883789,119.04000091552734,56.27751159667969,12.664655685424805
2017-03-29,203.2159423828125,124.21099090576172,121.04829406738281,47.10669708251953,84.0202407836914,92.02522277832031,119.33000183105469,56.59518814086914,12.783015251159668
2017-03-30,203.8629913330078,124.41769409179688,121.96343994140625,46.941158294677734,83.78173065185547,91.28195190429688,118.47000122070312,56.69877243041992,12.833742141723633
2017-03-31,203.3885040283203,124.33309173583984,122.158935546875,46.87342834472656,83.94869995117188,91.5473861694336,118.72000122070312,57.03717041015625,12.859105110168457
2017-04-03,203.03475952148438,124.25797271728516,120.87054443359375,46.805702209472656,84.36194610595703,92.47083282470703,119.3499984741211,57.20292663574219,12.808379173278809
2017-04-04,203.16415405273438,124.4552001953125,120.72837829589844,46.790645599365234,84.24246215820312,91.96919250488281,119.62000274658203,57.20292663574219,12.935195922851562
2017-04-05,202.5602264404297,123.94805145263672,119.36001586914062,46.542320251464844,84.40174865722656,92.25041961669922,119.62000274658203,57.28580093383789,12.96055793762207
2017-04-06,203.129638671875,124.01378631591797,120.47065734863281,46.549842834472656,84.34600067138672,92.11359405517578,119.18000030517578,57.589664459228516,12.994376182556152
2017-04-07,202.92262268066406,123.94805145263672,120.41740417480469,46.519752502441406,84.0912094116211,91.74120330810547,119.45999908447266,57.67253112792969,13.028192520141602
2017-04-10,203.04336547851562,123.9950180053711,120.68395233154297,46.46707534790039,84.24246215820312,92.16680145263672,119.45999908447266,58.031654357910156,13.129646301269531
2017-04-11,202.8017578125,123.45965576171875,121.64360046386719,46.685298919677734,84.6326675415039,93.04081726074219,121.19000244140625,58.43220138549805,13.155010223388672
2017-04-12,201.9131317138672,122.96186065673828,119.99085235595703,46.647674560546875,84.89544677734375,93.54998779296875,122.0199966430664,58.3286247253418,13.155010223388672
2017-04-13,200.6017608642578,122.47344970703125,118.81800079345703,46.346675872802734,85.15021514892578,93.83885955810547,122.5999984741211,58.1973991394043,13.197280883789062
2017-04-17,202.37905883789062,123.48777770996094,120.21297454833984,46.632625579833984,85.01486206054688,93.54998779296875,122.23999786376953,58.90182876586914,13.12119197845459
2017-04-18,201.7750701904297,123.29996490478516,120.23967742919922,46.42191696166992,85.50057220458984,94.77365112304688,122.81999969482422,59.06064224243164,13.070466041564941
2017-04-19,201.4040985107422,123.49723815917969,120.65725708007812,46.23379135131836,85.27759552001953,94.25686645507812,121.7300033569336,58.97779083251953,12.842196464538574
2017-04-20,203.04336547851562,124.53035736083984,122.19453430175781,46.60252380371094,85.08650970458984,93.89201354980469,121.95999908447266,58.98469161987305,12.791470527648926
2017-04-21,202.39627075195312,124.50218963623047,121.91903686523438,46.632625579833984,85.1263656616211,93.89201354980469,122.30999755859375,58.77059555053711,12.664655685424805
2017-04-24,204.62225341796875,126.0048828125,123.43848419189453,47.81405258178711,84.95116424560547,93.42841339111328,121.4800033569336,58.121437072753906,12.622384071350098
2017-04-25,205.81285095214844,126.91600799560547,124.6380386352539,48.152679443359375,84.51322174072266,92.3035888671875,120.25,58.3631477355957,12.681563377380371
2017-04-26,205.68341064453125,126.73749542236328,125.27777862548828,48.01723098754883,84.73617553710938,92.81279754638672,120.83999633789062,57.92805480957031,12.613929748535156
2017-04-27,205.85597229003906,127.49828338623047,125.24224853515625,48.0623779296875,84.79190063476562,92.78240203857422,120.38999938964844,57.77614212036133,12.546293258666992
2017-04-28,205.40736389160156,127.72369384765625,123.56288146972656,48.009708404541016,84.87947845458984,92.98761749267578,120.7699966430664,57.1753044128418,12.512476921081543
2017-05-01,205.9249725341797,128.86016845703125,124.27371215820312,48.20534896850586,84.69609069824219,92.21456909179688,119.66999816894531,57.51368713378906,12.53783893585205
2017-05-02,206.00265502929688,129.076171875,123.642822265625,48.453678131103516,84.87152862548828,92.68678283691406,119.6500015258789,57.417015075683594,12.402569770812988
2017-05-03,205.75244140625,128.6629180908203,122.87861633300781,48.35585403442383,84.69609069824219,92.74771118164062,117.9800033569336,56.65043258666992,12.351842880249023
2017-05-04,205.9940185546875,128.70980834960938,122.70983123779297,48.81488800048828,84.50466918945312,92.29076385498047,116.79000091552734,56.37419891357422,12.055939674377441
2017-05-05,206.8050079345703,129.17942810058594,123.50070190429688,49.35668182373047,84.52066040039062,92.3745346069336,117.01000213623047,56.90595626831055,12.225027084350586
2017-05-08,206.77053833007812,129.46124267578125,122.98529052734375,48.98796463012695,84.31330871582031,91.87181854248047,116.75,56.50539779663086,12.174301147460938
2017-05-09,206.58070373535156,129.91207885742188,122.93199157714844,48.8675537109375,84.21764373779297,91.86424255371094,116.05000305175781,56.20152282714844,12.115120887756348
2017-05-10,206.95169067382812,129.9871368408203,123.69611358642578,48.942806243896484,84.18565368652344,91.75765228271484,116.04000091552734,56.64352798461914,12.309572219848633
2017-05-11,206.52894592285156,129.8838653564453,122.83428192138672,48.82240295410156,84.24955749511719,91.75765228271484,116.5,56.360382080078125,12.360297203063965
2017-05-12,206.18382263183594,130.17506408691406,122.1855697631836,49.09330749511719,84.68017578125,92.45068359375,116.83000183105469,56.13247299194336,12.360297203063965
2017-05-15,207.32272338867188,130.58827209472656,123.13632202148438,49.341636657714844,84.62432861328125,92.19935607910156,117.13999938964844,56.2982292175293,12.427932739257812
2017-05-16,207.1328887939453,131.1330108642578,123.18077850341797,49.65768051147461,84.73595428466797,92.54208374023438,117.6500015258789,55.91838073730469,12.444841384887695
2017-05-17,203.45751953125,127.79878997802734,119.8575668334961,49.09330749511719,85.41374969482422,93.89014434814453,119.79000091552734,56.14628601074219,12.529383659362793
2017-05-18,204.2771759033203,128.91647338867188,120.2929916381836,49.176082611083984,85.38985443115234,93.99673461914062,118.80999755859375,56.457069396972656,12.495567321777344
2017-05-19,205.6057586669922,129.46124267578125,120.87054443359375,49.747989654541016,85.3659439086914,94.21759033203125,119.4000015258789,56.76094436645508,12.740744590759277
2017-05-22,206.64971923828125,130.55072021484375,121.68798065185547,49.808189392089844,85.27025604248047,93.95868682861328,119.9000015258789,56.98194122314453,12.825288772583008
2017-05-23,207.10696411132812,130.68218994140625,122.08786010742188,49.815711975097656,85.04695129394531,93.3265151977539,119.13999938964844,57.030269622802734,12.783015251159668
2017-05-24,207.5901641845703,131.2832794189453,122.16785430908203,49.845802307128906,85.22240447998047,93.85201263427734,119.61000061035156,57.49296188354492,12.75765323638916
2017-05-25,208.5823211669922,132.40098571777344,122.247802734375,49.845802307128906,85.27025604248047,93.88250732421875,119.4800033569336,57.4998893737793,12.478658676147461
2017-05-26,208.53919982910156,132.63577270507812,122.21221923828125,49.70283889770508,85.3260726928711,94.0424575805664,120.54000091552734,57.085506439208984,12.571657180786133
2017-05-30,208.35800170898438,132.7484893798828,121.25260925292969,49.65016174316406,85.54137420654297,94.50701904296875,120.13999938964844,56.72639465332031,12.47020435333252
2017-05-31,208.30625915527344,132.7014923095703,121.12825775146484,49.71036148071289,85.5811996459961,94.74312591552734,120.62000274658203,56.76094436645508,12.334935188293457
2017-06-01,209.9627685546875,133.2180633544922,123.46511840820312,50.033931732177734,85.53651428222656,94.75305938720703,120.72000122070312,57.05788803100586,12.250391006469727
2017-06-02,210.66162109375,134.73963928222656,124.2648696899414,50.5832633972168,85.9118881225586,95.87491607666016,121.61000061035156,57.64491271972656,12.191210746765137
2017-06-05,210.50634765625,134.71139526367188,123.49181365966797,50.304840087890625,85.76815032958984,95.27962493896484,121.7300033569336,57.39628219604492,12.123575210571289
2017-06-06,209.8333740234375,134.17605590820312,123.37630462646484,50.161865234375,86.03968811035156,95.7986831665039,123.0999984741211,57.12004852294922,12.208118438720703
2017-06-07,210.2215576171875,134.70208740234375,123.49181365966797,50.17691421508789,85.87996673583984,95.34071350097656,122.44999694824219,57.520599365234375,12.039031028747559
2017-06-08,210.32508850097656,134.8428955078125,125.18008422851562,50.086605072021484,85.74418640136719,95.08879852294922,121.6500015258789,57.382469177246094,12.039031028747559
2017-06-09,210.00584411621094,131.47108459472656,125.82869720458984,49.89848709106445,85.66429138183594,94.94385528564453,120.54000091552734,57.78303146362305,12.106666564941406
2017-06-12,209.9627685546875,130.7667236328125,125.62432861328125,49.71036148071289,85.64835357666016,94.91329193115234,120.36000061035156,58.30097198486328,11.996758460998535
2017-06-13,210.98947143554688,131.82809448242188,126.26406860351562,50.09413528442383,85.6802978515625,94.9285888671875,120.4800033569336,58.43220138549805,12.047484397888184
2017-06-14,210.7220001220703,131.25509643554688,125.51770782470703,50.0565071105957,86.12753295898438,96.3939208984375,119.81999969482422,58.51507568359375,11.836126327514648
2017-06-15,210.31646728515625,130.6728515625,124.8779296875,49.537288665771484,85.97576904296875,96.24132537841797,119.31999969482422,58.812042236328125,11.886852264404297
2017-06-16,210.36248779296875,130.1058349609375,124.56696319580078,49.95868682861328,86.023681640625,96.43206024169922,119.33999633789062,58.66008377075195,11.937579154968262
2017-06-19,212.1137237548828,132.2813262939453,125.49108123779297,50.161865234375,85.78409576416016,96.2947006225586,118.43000030517578,58.666996002197266,11.861489295959473
2017-06-20,210.68324279785156,131.24537658691406,124.22039794921875,49.75811004638672,85.99971008300781,97.15718841552734,118.18000030517578,58.52888870239258,11.743127822875977
2017-06-21,210.6312255859375,132.54507446289062,123.90940856933594,49.69692611694336,85.99178314208984,97.35559844970703,118.5199966430664,58.41147232055664,11.616312980651855
2017-06-22,210.53582763671875,132.50733947753906,124.38034057617188,49.689292907714844,86.07164001464844,97.56929779052734,118.91999816894531,58.466739654541016,11.633221626281738
2017-06-23,210.78721618652344,133.01596069335938,125.20671844482422,49.811641693115234,86.0955810546875,97.52348327636719,119.43000030517578,58.669620513916016,11.683947563171387
2017-06-26,210.92596435546875,132.39437866210938,125.3577651977539,49.895751953125,86.16747283935547,97.88985443115234,118.36000061035156,59.08795166015625,11.709311485290527
2017-06-27,209.22669982910156,129.9928741455078,124.25594329833984,49.88810348510742,85.74418640136719,96.84426879882812,118.80999755859375,58.55805969238281,11.844581604003906
2017-06-28,211.099365234375,131.866943359375,126.15744018554688,50.3239631652832,85.66429138183594,96.5237045288086,118.9000015258789,58.69751739501953,11.920669555664062
2017-06-29,209.24403381347656,129.5784912109375,125.4111099243164,49.82693099975586,85.3448486328125,95.7147216796875,118.31999969482422,58.02820587158203,11.971396446228027
2017-06-30,209.63414001464844,129.62551879882812,125.21564483642578,49.85751724243164,85.14519500732422,95.49333190917969,118.0199966430664,58.02820587158203,12.216573715209961
2017-07-03,209.98960876464844,128.25999450683594,126.26406860351562,49.79634094238281,84.83238220214844,95.1859130859375,116.08999633789062,58.76722717285156,12.343389511108398
2017-07-05,210.47512817382812,129.52197265625,125.81096649169922,49.79634094238281,84.89640808105469,95.20882415771484,116.5199966430664,57.93754196166992,12.157393455505371
2017-07-06,208.55050659179688,128.35415649414062,124.16803741455078,49.57459259033203,84.73648071289062,94.42108154296875,116.47000122070312,56.849918365478516,12.165847778320312
2017-07-07,209.90296936035156,129.7385711669922,125.3727798461914,49.58222961425781,84.6004638671875,93.85514068603516,115.27999877929688,57.17060470581055,12.047484397888184
2017-07-10,210.12832641601562,130.58616638183594,124.82838439941406,49.70457458496094,84.71247100830078,93.99281311035156,115.47000122070312,56.64773178100586,12.098213195800781
2017-07-11,209.97230529785156,130.95350646972656,125.19430541992188,49.81928634643555,84.82445526123047,94.1534423828125,115.62000274658203,56.584983825683594,12.216573715209961
2017-07-12,211.5502471923828,132.50733947753906,126.15804290771484,50.216922760009766,85.07235717773438,94.8034896850586,116.02999877929688,57.28219223022461,12.157393455505371
2017-07-13,211.9056396484375,132.7993621826172,126.26517486572266,50.362205505371094,84.98440551757812,94.20695495605469,115.81999969482422,57.37281036376953,12.14893913269043
2017-07-14,212.8939971923828,133.84469604492188,126.47930908203125,50.71396255493164,85.1043930053711,94.32172393798828,116.7699966430664,57.92361068725586,12.284208297729492
2017-07-17,212.86798095703125,133.9105987548828,126.7738265991211,50.61456298828125,85.20840454101562,94.58171081542969,117.29000091552734,58.3907470703125,12.241935729980469
2017-07-18,212.980712890625,134.8052978515625,126.44363403320312,50.66043472290039,85.52030944824219,95.40769958496094,118.11000061035156,58.2652473449707,12.292662620544434
2017-07-19,214.1337890625,135.59645080566406,127.70191955566406,50.8821907043457,85.52030944824219,95.44596099853516,118.08000183105469,58.704471588134766,12.402569770812988
2017-07-20,214.22911071777344,135.77532958984375,127.7911148071289,51.088661193847656,85.54431915283203,95.72127532958984,118.23999786376953,58.432579040527344,12.385660171508789
2017-07-21,214.03839111328125,135.71885681152344,127.21116638183594,50.88985061645508,85.69630432128906,96.1265869140625,119.26000213623047,58.3907470703125,12.216573715209961
2017-07-24,213.9864044189453,136.34042358398438,127.38957977294922,50.75220489501953,85.64029693603516,95.7518539428711,119.30999755859375,58.27920150756836,12.241935729980469
2017-07-25,214.506591796875,135.99191284179688,128.54965209960938,50.82102584838867,85.16040802001953,94.5052261352539,118.91999816894531,58.355865478515625,12.377206802368164
2017-07-26,214.51522827148438,136.43458557128906,127.83577728271484,51.134544372558594,85.43232727050781,94.65815734863281,119.87999725341797,58.76025390625,12.495567321777344
2017-07-27,214.3158416748047,135.57760620117188,127.02372741699219,51.01984405517578,85.29633331298828,94.191650390625,119.79000091552734,58.82997131347656,12.571657180786133
2017-07-28,214.0644073486328,135.46456909179688,126.68466186523438,51.07337188720703,85.4403305053711,94.74998474121094,120.69000244140625,58.669620513916016,12.63929271697998
2017-07-31,213.94302368164062,134.89010620117188,126.28297424316406,51.18042755126953,85.46430969238281,94.86469268798828,120.75,58.74631881713867,12.715380668640137
2017-08-01,214.41989135742188,135.20083618164062,126.52397155761719,51.463356018066406,85.67657470703125,95.53073120117188,120.6500015258789,59.01125717163086,12.571657180786133
2017-08-02,214.5238800048828,135.5681610107422,125.14073944091797,51.486305236816406,85.59649658203125,95.58438873291016,120.4000015258789,58.47441101074219,12.597021102905273
2017-08-03,214.10777282714844,135.04071044921875,124.51606750488281,51.516883850097656,85.89289093017578,96.57312774658203,120.58999633789062,58.355865478515625,12.504022598266602
2017-08-04,214.4978485107422,135.28565979003906,125.1229019165039,51.5857048034668,85.66061401367188,95.75300598144531,119.6500015258789,58.55110168457031,12.529383659362793
2017-08-07,214.89671325683594,136.1426239013672,125.32811737060547,51.608646392822266,85.7086410522461,95.8603286743164,119.51000213623047,58.48835372924805,12.55474853515625
2017-08-08,214.36788940429688,135.90716552734375,124.93550872802734,51.3333625793457,85.63656616210938,95.51538848876953,119.86000061035156,58.20946502685547,12.563201904296875
2017-08-09,214.35922241210938,135.72824096679688,123.85565948486328,51.24924850463867,85.7406997680664,96.03660583496094,121.30999755859375,58.014244079589844,12.647747039794922
2017-08-10,211.33348083496094,132.81813049316406,121.60687255859375,50.522789001464844,86.0611572265625,96.85675048828125,122.20999908447266,57.595924377441406,12.453295707702637
2017-08-11,211.6455535888672,133.82586669921875,121.78532409667969,50.431034088134766,86.15731811523438,96.9027099609375,122.79000091552734,57.240360260009766,12.495567321777344
2017-08-14,213.74362182617188,135.54928588867188,123.6325912475586,50.7980842590332,85.94898986816406,96.40447235107422,121.91999816894531,58.195526123046875,12.385660171508789
2017-08-15,213.71763610839844,135.64344787597656,122.61524963378906,50.759849548339844,85.69264221191406,95.99827575683594,120.9800033569336,58.021217346191406,12.326480865478516
2017-08-16,214.09043884277344,135.87890625,122.65099334716797,51.05043029785156,85.85287475585938,96.350830078125,121.87000274658203,58.251277923583984,12.292662620544434
2017-08-17,210.7525634765625,133.10067749023438,120.41102600097656,50.476905822753906,86.15731811523438,97.0713119506836,122.48999786376953,57.88874816894531,12.326480865478516
2017-08-18,210.423095703125,133.00656127929688,120.40209197998047,50.61456298828125,86.17327880859375,97.0483169555664,122.30000305175781,57.3031005859375,12.546293258666992
2017-08-21,210.58786010742188,132.8370361328125,120.32177734375,50.59926223754883,86.22933959960938,97.28591918945312,122.76000213623047,57.9166374206543,12.394115447998047
2017-08-22,212.78997802734375,134.86183166503906,121.62469482421875,50.84395980834961,86.0611572265625,96.91034698486328,122.20999908447266,57.74931335449219,12.427932739257812
2017-08-23,212.02703857421875,134.3815155029297,121.42839050292969,50.85161590576172,86.35757446289062,97.56951904296875,122.66999816894531,58.341922760009766,12.53783893585205
2017-08-24,211.5328826904297,133.98599243164062,121.80316162109375,50.73690414428711,86.22138214111328,97.2092514038086,122.29000091552734,58.160682678222656,12.529383659362793
2017-08-25,212.02703857421875,133.70343017578125,122.15120697021484,51.042781829833984,86.36556243896484,97.58482360839844,122.73999786376953,58.43954849243164,12.504022598266602
2017-08-28,212.03567504882812,134.11781311035156,122.66878509521484,51.042781829833984,86.44564819335938,97.52352142333984,124.69000244140625,57.993324279785156,12.512476921081543
2017-08-29,212.27845764160156,134.64524841308594,122.69559478759766,50.83632278442383,86.64593505859375,97.8377914428711,124.41999816894531,57.93057632446289,12.512476921081543
2017-08-30,213.28416442871094,136.2273406982422,123.48087310791016,50.767494201660156,86.57382202148438,97.80712890625,124.36000061035156,58.258243560791016,12.419478416442871
2017-08-31,214.56723022460938,137.68710327148438,124.69453430175781,51.15748977661133,86.71002960205078,98.098388671875,125.81999969482422,58.59292984008789,12.766107559204102
2017-09-01,214.8706817626953,137.4987335205078,125.3995590209961,51.22631072998047,86.45490264892578,97.34796142578125,126.05999755859375,58.795135498046875,12.783015251159668
2017-09-05,213.32745361328125,136.26507568359375,124.19480895996094,50.8821907043457,87.05663299560547,98.89175415039062,127.45999908447266,58.6347541809082,12.808379173278809
2017-09-06,214.05572509765625,136.67942810058594,124.45359802246094,51.195716857910156,86.84805297851562,98.28499603271484,126.80999755859375,58.78815460205078,12.935195922851562
2017-09-07,214.02975463867188,136.99961853027344,124.14132690429688,51.61629867553711,87.22512817382812,99.29110717773438,128.1300048828125,59.164649963378906,12.926740646362305
2017-09-08,213.77830505371094,135.81300354003906,124.23943328857422,51.62394332885742,87.16091918945312,99.07605743408203,127.97000122070312,59.213436126708984,12.783015251159668
2017-09-11,216.05850219726562,137.3762969970703,125.54227447509766,52.02922058105469,86.66349792480469,97.89324951171875,126.19000244140625,59.75726318359375,12.808379173278809
2017-09-12,216.78671264648438,137.70596313476562,126.309814453125,52.18980026245117,86.45490264892578,97.37871551513672,126.55999755859375,59.05309295654297,12.842196464538574
2017-09-13,216.89071655273438,137.8943634033203,126.68466186523438,51.9068717956543,86.27839660644531,96.99469757080078,125.61000061035156,58.899696350097656,12.901378631591797
2017-09-14,216.8214111328125,137.08441162109375,126.56855773925781,51.9986457824707,86.29441833496094,97.39409637451172,126.16000366210938,59.38774108886719,12.909832954406738
2017-09-15,217.11329650878906,137.5552978515625,127.08612060546875,52.044525146484375,86.39871978759766,97.43244934082031,125.52999877929688,59.49929428100586,12.969013214111328
2017-09-18,217.57510375976562,137.37501525878906,127.9518051147461,52.113338470458984,86.06172943115234,96.87181854248047,124.36000061035156,59.17857360839844,12.952103614807129
2017-09-19,217.79286193847656,137.61097717285156,127.9518051147461,52.35803985595703,85.96549987792969,96.63373565673828,124.62000274658203,58.78815460205078,12.926740646362305
2017-09-20,217.87130737304688,137.18626403808594,128.3622589111328,52.24333572387695,85.79701232910156,96.70281219482422,123.62000274658203,58.627777099609375,13.03664779663086
2017-09-21,217.2875213623047,136.34622192382812,128.22845458984375,52.13627243041992,85.6846694946289,96.64908599853516,122.68000030517578,58.51624298095703,12.985921859741211
2017-09-22,217.3311004638672,136.2140655517578,128.7727813720703,52.2968635559082,85.83712005615234,96.92559814453125,123.23999786376953,58.10345458984375,13.03664779663086
2017-09-25,216.88673400878906,134.77943420410156,128.95126342773438,51.9986457824707,86.09385681152344,97.53233337402344,124.52999877929688,58.441566467285156,13.256462097167969
2017-09-26,217.01747131347656,135.12869262695312,129.36187744140625,51.88393783569336,86.02164459228516,97.35567474365234,123.13999938964844,58.540164947509766,13.138100624084473
2017-09-27,217.86257934570312,136.34622192382812,131.89344787597656,51.92216491699219,85.58040618896484,95.88874053955078,121.9800033569336,58.01191711425781,13.087372779846191
2017-09-28,218.12399291992188,136.29908752441406,132.2423553466797,52.05982208251953,85.56433868408203,95.6045913696289,122.20999908447266,58.40635681152344,13.087372779846191
2017-09-29,218.8906707763672,137.28057861328125,132.555419921875,52.36569595336914,85.46003723144531,95.81963348388672,121.58000183105469,58.526092529296875,13.01973819732666
2017-10-02,219.84036254882812,137.40330505371094,134.18356323242188,52.31980514526367,85.36286163330078,95.64414978027344,120.7699966430664,58.441566467285156,12.909832954406738
2017-10-03,220.31082153320312,137.69586181640625,134.47869873046875,52.49567794799805,85.48336029052734,95.73648071289062,120.83000183105469,58.3570556640625,12.91828727722168
2017-10-04,220.5722198486328,137.82809448242188,134.04933166503906,52.396270751953125,85.45923614501953,95.74420166015625,121.16999816894531,58.652889251708984,12.935195922851562
2017-10-05,221.8792266845703,139.17770385742188,134.41607666015625,52.36569595336914,85.3708724975586,95.38252258300781,120.5199966430664,58.864200592041016,13.078920364379883
2017-10-06,221.62644958496094,139.36647033691406,134.22825622558594,52.32746124267578,85.26642608642578,95.11308288574219,121.08999633789062,58.674015045166016,12.87601375579834
2017-10-09,221.26052856445312,139.2060546875,133.6736297607422,52.342742919921875,85.36286163330078,95.41326141357422,122.08000183105469,58.81488037109375,12.884469032287598
2017-10-10,221.84432983398438,139.30992126464844,134.05831909179688,52.83979797363281,85.39498138427734,95.56716918945312,122.4000015258789,58.99098587036133,13.03664779663086
2017-10-11,222.19281005859375,139.72512817382812,133.95989990234375,52.96977996826172,85.49134826660156,95.75190734863281,122.79000091552734,59.18819808959961,13.06201171875
2017-10-12,221.8617401123047,139.47032165527344,133.8614959716797,52.92390823364258,85.57172393798828,96.15977478027344,122.88999938964844,59.568565368652344,13.0451021194458
2017-10-13,222.13185119628906,140.00831604003906,133.6199951171875,53.199188232421875,85.8609619140625,96.85237884521484,123.81999969482422,59.72352600097656,13.171917915344238
2017-10-16,222.42807006835938,140.48965454101562,133.50364685058594,53.16096496582031,85.71641540527344,96.78312683105469,122.97000122070312,59.42770004272461,13.205735206604004
2017-10-17,222.5848846435547,140.6690216064453,133.1189727783203,53.023311614990234,85.68424987792969,96.90623474121094,122.12999725341797,59.49813461303711,13.188827514648438
2017-10-18,222.80270385742188,140.49911499023438,133.75413513183594,53.1762580871582,85.46730041503906,96.26753234863281,121.66999816894531,59.43473434448242,13.180373191833496
2017-10-19,222.86367797851562,139.97994995117188,133.54843139648438,53.09214782714844,85.55563354492188,96.43682861328125,122.38999938964844,59.258628845214844,13.12119197845459
2017-10-20,224.0137939453125,140.35752868652344,134.1656494140625,53.023311614990234,85.2021484375,95.41326141357422,121.61000061035156,58.92055892944336,13.188827514648438
2017-10-23,223.1425018310547,139.44200134277344,133.16375732421875,52.90861129760742,85.28250122070312,95.58257293701172,121.80000305175781,58.69514465332031,13.188827514648438
2017-10-24,223.5345916748047,139.67796325683594,133.4409942626953,52.992733001708984,85.02537536621094,94.9899673461914,121.33000183105469,58.34296798706055,13.3240966796875
2017-10-25,222.42807006835938,139.1494140625,132.79696655273438,52.786258697509766,84.8887710571289,94.53589630126953,121.3499984741211,58.17390060424805,13.341005325317383
2017-10-26,222.71556091308594,138.70579528808594,133.0742645263672,52.77861785888672,84.77625274658203,94.22039031982422,120.33000183105469,57.69495391845703,13.400187492370605
2017-10-27,224.53652954101562,142.745361328125,133.99566650390625,52.90097427368164,85.04947662353516,94.84378814697266,120.9000015258789,57.95553207397461,13.46782112121582
2017-10-30,223.7001190185547,143.06631469726562,132.582275390625,53.023311614990234,85.35481262207031,95.75190734863281,121.12999725341797,57.90624237060547,13.50163745880127
2017-10-31,224.0486602783203,143.6042938232422,133.52159118652344,53.24507522583008,85.29852294921875,95.78264617919922,120.66999816894531,57.89920425415039,13.535455703735352
2017-11-01,224.34486389160156,143.55712890625,132.63600158691406,53.29859924316406,85.35003662109375,96.20917510986328,121.11000061035156,58.18095016479492,13.54391098022461
2017-11-02,224.4320068359375,143.28338623046875,133.02955627441406,53.459197998046875,85.46272277832031,96.63330078125,121.19000244140625,58.674015045166016,13.628454208374023
2017-11-03,225.18128967285156,144.661376953125,132.94012451171875,53.37508773803711,85.59952545166016,96.8955307006836,120.62000274658203,58.526092529296875,13.712997436523438
2017-11-06,225.52976989746094,145.1522216796875,133.09217834472656,53.4515380859375,85.70415496826172,97.25802612304688,121.6500015258789,58.92055892944336,13.97508430480957
2017-11-07,225.37298583984375,145.23715209960938,131.4998321533203,53.25272750854492,85.73632049560547,97.6667709350586,121.20999908447266,59.3995361328125,13.89054012298584
2017-11-08,225.75628662109375,145.82235717773438,131.67872619628906,53.4286003112793,85.63172912597656,97.45081329345703,121.62999725341797,59.69536590576172,13.865177154541016
2017-11-09,224.9373016357422,145.05787658691406,131.2135467529297,53.12273025512695,85.59952545166016,97.17316436767578,122.12999725341797,59.75874328613281,13.89054012298584
2017-11-10,224.8676300048828,145.04840087890625,131.115234375,52.977439880371094,85.16497039794922,95.7078628540039,121.12999725341797,59.82213592529297,13.865177154541016
2017-11-13,225.07675170898438,145.22769165039062,131.1509552001953,52.75567626953125,85.1247329711914,95.90835571289062,121.30999755859375,60.12501907348633,13.822904586791992
2017-11-14,224.5540008544922,144.6991729736328,130.79318237304688,52.717445373535156,85.24543762207031,96.55619812011719,121.55999755859375,59.998233795166016,13.636906623840332
2017-11-15,223.43003845214844,144.01966857910156,130.27432250976562,52.46510696411133,85.5512466430664,97.60507202148438,121.41000366210938,59.392486572265625,13.619998931884766
2017-11-16,225.3293914794922,145.86004638671875,132.18869018554688,52.88567352294922,85.33397674560547,96.75674438476562,121.4000015258789,59.88550567626953,13.577726364135742
2017-11-17,224.66725158691406,145.30319213867188,132.79696655273438,52.69450759887695,85.4466323852539,97.47396087646484,122.86000061035156,59.62489700317383,13.797541618347168
2017-11-20,225.05059814453125,145.18992614746094,133.76307678222656,52.8092041015625,85.309814453125,97.4354019165039,121.30999755859375,59.44881057739258,13.687634468078613
2017-11-21,226.5230255126953,146.76614379882812,135.1585693359375,53.206844329833984,85.32593536376953,97.74383544921875,121.51000213623047,59.892574310302734,13.780632019042969
2017-11-22,226.3226776123047,146.9454803466797,134.97970581054688,53.35211944580078,85.59952545166016,98.06002807617188,122.62999725341797,59.75874328613281,13.856722831726074
2017-11-24,226.8453826904297,147.4834747314453,135.03338623046875,53.78799819946289,85.5270767211914,97.79015350341797,122.31999969482422,59.836212158203125,13.898995399475098
2017-11-27,226.73219299316406,147.4174346923828,134.62188720703125,53.46682357788086,85.58344268798828,97.65135192871094,122.83000183105469,59.55448913574219,13.873631477355957
2017-11-28,229.0323028564453,147.794921875,136.74197387695312,53.772701263427734,85.59952545166016,97.78241729736328,122.80999755859375,59.32907485961914,13.814449310302734
2017-11-29,228.8929443359375,145.21826171875,137.19821166992188,53.5586051940918,85.32593536376953,96.81842803955078,122.04000091552734,59.350215911865234,13.721452713012695
2017-11-30,230.8968505859375,146.43577575683594,137.4486541748047,53.61212158203125,85.06036376953125,96.49449157714844,121.0999984741211,59.4417610168457,13.662270545959473
2017-12-01,230.4176025390625,145.81288146972656,136.8850555419922,53.398006439208984,85.37466430664062,97.79669189453125,121.58999633789062,59.5826416015625,13.780632019042969
2017-12-04,230.13885498046875,144.13279724121094,136.3751983642578,53.206844329833984,85.33439636230469,97.84303283691406,121.18000030517578,59.28682327270508,13.61154556274414
2017-12-05,229.31118774414062,144.2272491455078,135.01547241210938,53.09214782714844,85.39888000488281,98.3298568725586,120.31999969482422,58.79376983642578,13.61154556274414
2017-12-06,229.35472106933594,144.8784637451172,134.38031005859375,52.98509216308594,85.57618713378906,98.66990661621094,120.06999969482422,58.73740768432617,13.383277893066406
2017-12-07,230.0778350830078,145.3692626953125,135.3196258544922,53.12273025512695,85.4229965209961,97.89708709716797,118.48999786376953,58.88533401489258,13.425549507141113
2017-12-08,231.33253479003906,146.01109313964844,135.44483947753906,53.40565872192383,85.35857391357422,97.90483856201172,118.4800033569336,59.18819808959961,13.493183135986328
2017-12-11,232.02951049804688,147.1436767578125,135.3912353515625,53.543304443359375,85.30211639404297,97.70390319824219,118.01000213623047,59.18115997314453,13.527000427246094
2017-12-12,232.4390106201172,146.9454803466797,134.9707489013672,53.61212158203125,85.22962188720703,97.66526794433594,118.1500015258789,59.4699592590332,13.408639907836914
2017-12-13,232.4128875732422,147.22866821289062,135.77586364746094,53.818580627441406,85.57618713378906,98.39942932128906,119.16999816894531,59.568565368652344,13.349459648132324
2017-12-14,231.46319580078125,147.12484741210938,134.27294921875,53.520362854003906,85.54391479492188,98.8167495727539,118.93000030517578,59.55448913574219,13.391732215881348
2017-12-15,233.39064025878906,148.79541015625,136.1873321533203,53.50507354736328,85.52780151367188,99.18763732910156,119.18000030517578,59.92780685424805,13.391732215881348
2017-12-18,234.87066650390625,150.04293823242188,138.0301513671875,54.13976287841797,85.33439636230469,98.28351593017578,119.7300033569336,60.322235107421875,13.450911521911621
2017-12-19,233.9687042236328,149.15380859375,136.93882751464844,53.941165924072266,84.94750213623047,97.00840759277344,119.81999969482422,59.0402946472168,13.55236530303955
2017-12-20,233.84600830078125,148.99305725097656,137.20712280273438,53.84840774536133,84.6976547241211,95.93421173095703,120.13999938964844,58.3570556640625,13.628454208374023
2017-12-21,234.32772827148438,149.01199340820312,137.80784606933594,54.04160690307617,84.75741577148438,96.4933853149414,120.30999755859375,58.131011962890625,13.636906623840332
2017-12-22,234.2664337158203,148.84170532226562,137.55642700195312,54.18071365356445,84.78970336914062,96.62501525878906,120.94000244140625,58.53158950805664,13.696089744567871
2017-12-26,233.98623657226562,148.037841796875,137.63722229003906,54.165260314941406,84.82197570800781,96.91156005859375,121.7699966430664,58.82483673095703,13.898995399475098
2017-12-27,234.10008239746094,148.05673217773438,137.50257873535156,54.26572036743164,85.18522644042969,98.17388153076172,122.2300033569336,59.01797103881836,13.932811737060547
2017-12-28,234.5816650390625,148.23643493652344,138.04132080078125,54.2966423034668,85.08030700683594,98.0887222290039,122.8499984741211,59.332698822021484,14.000446319580078
2017-12-29,233.69715881347656,147.31900024414062,136.9009552001953,54.335269927978516,85.21751403808594,98.24356079101562,123.6500015258789,59.35417175292969,14.042719841003418
2018-01-02,235.3698272705078,149.9010467529297,138.1939697265625,54.73713302612305,84.93499755859375,97.18260192871094,125.1500015258789,59.13240051269531,14.11035442352295
2018-01-03,236.85862731933594,151.3575897216797,138.33763122558594,54.9998779296875,85.02376556396484,97.6472396850586,124.81999969482422,58.960750579833984,14.194897651672363
2018-01-04,237.8568878173828,151.6223907470703,138.70579528808594,55.602664947509766,84.98344421386719,97.63177490234375,125.45999908447266,57.9450569152832,14.17798900604248
2018-01-05,239.44200134277344,153.1451416015625,138.99313354492188,55.91176986694336,84.87847137451172,97.35297393798828,125.33000183105469,57.97365188598633,14.127262115478516
2018-01-08,239.87977600097656,153.7410125732422,139.20867919921875,55.896324157714844,84.83811950683594,97.291015625,125.30999755859375,58.274078369140625,14.11880874633789
2018-01-09,240.4227752685547,153.75048828125,139.02005004882812,55.95814895629883,84.43453979492188,95.99000549316406,124.7300033569336,57.52302551269531,14.211806297302246
2018-01-10,240.0549774169922,153.39109802246094,139.03811645507812,55.84995651245117,84.41028594970703,95.87379455566406,125.02999877929688,56.8792610168457,14.262533187866211
2018-01-11,241.8064422607422,154.44091796875,141.4265899658203,56.236351013183594,84.466796875,96.26876831054688,125.44000244140625,56.68614959716797,14.254077911376953
2018-01-12,243.3828125,155.575927734375,142.0192108154297,56.80049514770508,84.41028594970703,96.43140411376953,126.95999908447266,56.228363037109375,14.347074508666992
2018-01-16,242.55079650878906,155.13134765625,140.2053985595703,56.74639892578125,84.4506607055664,96.83409881591797,127.16999816894531,56.335670471191406,14.279439926147461
2018-01-17,244.86279296875,156.805419921875,141.53433227539062,57.04005813598633,84.26499938964844,96.70246887207031,126.13999938964844,56.72906494140625,14.296348571777344
2018-01-18,244.45118713378906,156.83377075195312,140.56459045410156,56.97051239013672,83.99860382080078,95.8040771484375,125.86000061035156,55.99946594238281,14.296348571777344
2018-01-19,245.5633087158203,157.32565307617188,142.41432189941406,57.28734588623047,83.7806625366211,95.30074310302734,126.41999816894531,56.299903869628906,14.27098560333252
2018-01-22,247.5599822998047,159.00917053222656,143.17758178710938,57.581024169921875,83.74839782714844,95.3936767578125,126.6500015258789,56.81489944458008,14.304802894592285
2018-01-23,248.08541870117188,160.32388305664062,143.63555908203125,57.76648712158203,83.99055480957031,95.8040771484375,127.27999877929688,57.6016960144043,14.406255722045898
2018-01-24,247.98902893066406,159.28346252441406,142.74656677246094,57.8669548034668,83.82910919189453,95.28527069091797,128.8300018310547,57.30128479003906,14.558435440063477
2018-01-25,248.09413146972656,159.22665405273438,142.80043029785156,57.64284896850586,84.0147476196289,96.06741333007812,127.97000122070312,57.20113754272461,14.473891258239746
2018-01-26,250.96649169921875,161.6669158935547,143.3123016357422,58.15288543701172,83.76453399658203,95.71119689941406,128.07000732421875,57.00086212158203,14.5837984085083
2018-01-29,249.30267333984375,160.88189697265625,142.50413513183594,57.61966323852539,83.55464172363281,95.045166015625,127.3499984741211,56.235511779785156,14.54152774810791
2018-01-30,246.7455291748047,159.55772399902344,141.13922119140625,57.140525817871094,83.36089324951172,94.48756408691406,126.80000305175781,55.82780456542969,14.440073013305664
2018-01-31,246.86819458007812,160.21981811523438,140.40289306640625,57.06324005126953,83.38513946533203,95.045166015625,127.6500015258789,56.829185485839844,14.456981658935547
2018-02-01,246.58790588378906,158.8578643798828,140.84292602539062,57.225528717041016,82.9549789428711,93.667724609375,128.07000732421875,55.60605239868164,14.6007080078125
2018-02-02,241.21975708007812,155.6893768310547,138.131103515625,56.06633758544922,82.64773559570312,92.79855346679688,126.38999938964844,55.13397979736328,14.363984107971191
2018-02-05,231.13131713867188,149.5510711669922,132.82427978515625,53.71702575683594,83.32694244384766,93.67546081542969,126.70999908447266,53.4959831237793,14.228713989257812
2018-02-06,235.68507385253906,153.51402282714844,134.41363525390625,54.7757682800293,82.96310424804688,93.09344482421875,125.37999725341797,53.50313949584961,14.144170761108398
2018-02-07,234.4065704345703,151.52780151367188,134.54830932617188,54.196170806884766,82.72052764892578,92.20878601074219,124.79000091552734,53.27424240112305,13.983538627624512
2018-02-08,225.61422729492188,145.13412475585938,130.59730529785156,52.78194808959961,82.79330444335938,92.10787200927734,124.9800033569336,51.743553161621094,13.839814186096191
2018-02-09,229.00328063964844,147.640625,131.79159545898438,53.006072998046875,82.64773559570312,91.52587890625,124.7699966430664,53.0382080078125,13.636906623840332
2018-02-12,232.3660430908203,150.26043701171875,133.03976440429688,53.817501068115234,82.62348175048828,91.92942810058594,125.37000274658203,53.05965805053711,13.721452713012695
2018-02-13,232.94403076171875,151.03598022460938,133.32711791992188,53.65522003173828,82.76097106933594,92.3406982421875,126.08000183105469,53.431610107421875,13.746814727783203
2018-02-14,236.08790588378906,153.86398315429688,135.724609375,54.60575866699219,82.25965881347656,91.31636047363281,128.22999572753906,53.04536056518555,13.958175659179688
2018-02-15,239.10043334960938,156.72027587890625,137.2062225341797,54.94578552246094,82.28392028808594,91.6267318725586,128.3800048828125,53.56035232543945,13.983538627624512
2018-02-16,239.17047119140625,156.0203857421875,137.691162109375,55.193077087402344,82.47799682617188,92.12342071533203,127.95999908447266,53.85361862182617,14.008901596069336
2018-02-20,237.67300415039062,156.33248901367188,136.55975341796875,54.67531204223633,82.3890609741211,91.7198715209961,126.23999786376953,53.217018127441406,14.051173210144043
2018-02-21,236.4907684326172,155.8880157470703,136.70338439941406,54.412567138671875,82.146484375,90.5946273803711,125.66000366210938,52.16556167602539,14.034265518188477
2018-02-22,236.79727172851562,155.86912536621094,136.48789978027344,54.69849395751953,82.25965881347656,90.86624145507812,126.30000305175781,52.75923538208008,14.161080360412598
2018-02-23,240.57168579101562,159.05650329589844,138.2658233642578,55.131263732910156,82.57500457763672,91.67333221435547,126.13999938964844,53.603275299072266,14.254077911376953
2018-02-26,243.36524963378906,161.16561889648438,139.17274475097656,55.64902877807617,82.67205810546875,91.70430755615234,126.44999694824219,53.75349044799805,14.330166816711426
2018-02-27,240.32643127441406,159.1699676513672,137.1703338623047,54.82213592529297,82.41329193115234,91.5724105834961,125.12999725341797,52.501739501953125,14.186444282531738
2018-02-28,237.8919219970703,158.14846801757812,135.00625610351562,54.30434799194336,82.6073226928711,92.1544418334961,125.0,52.465980529785156,14.034265518188477
2018-03-01,234.43280029296875,155.56643676757812,134.6470489501953,53.39246368408203,82.96285247802734,92.78355407714844,124.72000122070312,52.51604080200195,14.059626579284668
2018-03-02,235.6412811279297,156.99461364746094,136.8021240234375,53.64748764038086,82.65511322021484,92.02924346923828,125.38999938964844,52.49458694458008,14.059626579284668
2018-03-05,238.36488342285156,158.73487854003906,138.0233917236328,53.93342971801758,82.54985046386719,91.78044128417969,125.18000030517578,53.08827590942383,14.144170761108398
2018-03-06,238.968994140625,159.4063720703125,139.5139617919922,54.25025939941406,82.54176330566406,91.865966796875,126.52999877929688,53.338626861572266,14.194897651672363
2018-03-07,238.88145446777344,159.77529907226562,140.744140625,54.234806060791016,82.54176330566406,91.76485443115234,125.72000122070312,53.667667388916016,14.042719841003418
2018-03-08,240.03750610351562,160.6549072265625,140.45681762695312,54.35073471069336,82.71183776855469,92.29362487792969,125.41999816894531,53.76778793334961,13.958175659179688
2018-03-09,244.2146759033203,163.77603149414062,142.70162963867188,54.69849395751953,82.53362274169922,91.6871109008789,125.54000091552734,54.061065673828125,14.093445777893066
2018-03-12,243.9081573486328,164.64617919921875,142.953125,54.76031494140625,82.72797393798828,92.21585083007812,125.54000091552734,54.297115325927734,14.06808090209961
2018-03-13,242.3319549560547,162.4046630859375,142.2886505126953,54.39710235595703,82.86567687988281,92.68244934082031,125.77999877929688,54.34718704223633,14.025811195373535
2018-03-14,241.08827209472656,162.37623596191406,141.6151580810547,54.528472900390625,83.02760314941406,93.49896240234375,125.69999694824219,54.39724349975586,14.025811195373535
2018-03-15,240.82568359375,162.23435974121094,140.9058074951172,54.4975700378418,82.99524688720703,93.49896240234375,124.9000015258789,54.3829460144043,14.017355918884277
2018-03-16,241.0868377685547,161.75204467773438,141.6959991455078,54.45893096923828,82.89805603027344,93.1645278930664,124.5999984741211,54.762027740478516,14.06808090209961
2018-03-19,237.82481384277344,158.3008270263672,140.33108520507812,54.01842498779297,82.81703186035156,92.86909484863281,124.87000274658203,54.289955139160156,13.97508430480957
2018-03-20,238.2292022705078,158.82191467285156,140.29518127441406,54.010704040527344,82.65511322021484,92.49581146240234,124.30999755859375,54.10397720336914,14.06808090209961
2018-03-21,237.7720184326172,158.1303253173828,141.11236572265625,54.095706939697266,82.71183776855469,92.596923828125,126.4800033569336,53.70341491699219,14.321712493896484
2018-03-22,231.82843017578125,154.22727966308594,138.01803588867188,53.091068267822266,83.0518798828125,93.51449584960938,125.9800033569336,53.388694763183594,14.211806297302246
2018-03-23,226.88706970214844,150.16314697265625,135.04795837402344,52.503753662109375,83.16526794433594,93.44449615478516,127.61000061035156,52.43736267089844,14.33862018585205
2018-03-26,233.09454345703125,155.7429962158203,138.00001525878906,53.44656753540039,82.93852233886719,93.08679962158203,128.27999877929688,53.033935546875,14.347074508666992
2018-03-27,229.1291961669922,150.7031707763672,135.32701110839844,53.052433013916016,83.40821075439453,94.08211517333984,127.48999786376953,53.23616027832031,14.287894248962402
2018-03-28,228.45208740234375,148.9695281982422,135.28199768066406,53.36154556274414,83.39199829101562,94.3309555053711,125.7300033569336,54.57229232788086,14.228713989257812
2018-03-29,231.37118530273438,151.69786071777344,136.6499786376953,53.84840774536133,83.56211853027344,94.78974914550781,125.79000091552734,54.50730514526367,14.35552978515625
2018-04-02,226.37710571289062,147.32119750976562,133.3199462890625,53.10654067993164,83.6472396850586,94.97673034667969,127.26000213623047,53.770599365234375,14.161080360412598
2018-04-03,229.278564453125,148.97898864746094,135.22796630859375,53.44656753540039,83.37956237792969,94.24425506591797,126.30000305175781,54.22563552856445,14.237170219421387
2018-04-04,231.7316436767578,151.32839965820312,136.94703674316406,53.632022857666016,83.33087921142578,94.0494384765625,126.44999694824219,54.79621124267578,14.17798900604248
2018-04-05,233.5604705810547,152.19044494628906,138.0810546875,53.98752212524414,83.11996459960938,93.34813690185547,125.80000305175781,54.7745246887207,14.245623588562012
2018-04-06,228.35543823242188,148.3822021484375,135.32701110839844,53.632022857666016,83.48500061035156,94.36894226074219,126.38999938964844,54.362850189208984,14.144170761108398
2018-04-09,229.48080444335938,149.42430114746094,135.48898315429688,54.072532653808594,83.50122833251953,94.52477264404297,126.81999969482422,54.189517974853516,14.321712493896484
2018-04-10,233.1296844482422,152.7210235595703,138.04498291015625,54.652122497558594,83.3552474975586,94.35337829589844,127.12000274658203,54.13172912597656,14.566888809204102
2018-04-11,231.90753173828125,151.8399658203125,138.34205627441406,54.44346618652344,83.43634796142578,94.68846130371094,128.11000061035156,54.247318267822266,14.676797866821289
2018-04-12,233.81541442871094,153.66836547851562,139.2870635986328,54.652122497558594,83.1362075805664,93.99490356445312,126.62000274658203,53.64060592651367,14.617616653442383
2018-04-13,233.1296844482422,152.87258911132812,138.5580596923828,54.70621871948242,83.20923614501953,94.21308898925781,127.44999694824219,53.922279357910156,14.626069068908691
2018-04-16,235.04638671875,154.0377960205078,139.83607482910156,54.79121398925781,83.16865539550781,94.24425506591797,127.62999725341797,54.254520416259766,14.575345039367676
2018-04-17,237.5609893798828,157.35350036621094,141.35716247558594,55.038516998291016,83.21733093261719,94.50140380859375,127.75,54.89008331298828,14.5837984085083
2018-04-18,237.7369384765625,157.67556762695312,141.735107421875,55.324459075927734,82.89286041259766,93.74555969238281,127.8499984741211,54.7745246887207,14.854339599609375
2018-04-19,236.4180450439453,156.2261505126953,140.75413513183594,55.11581039428711,82.66575622558594,92.98185729980469,127.5999984741211,53.980079650878906,14.795159339904785
2018-04-20,234.41329956054688,153.75363159179688,139.9980926513672,54.90714645385742,82.38996124267578,92.31166076660156,126.62999725341797,53.48173141479492,14.769795417785645
2018-04-23,234.37818908691406,153.3651885986328,139.7910614013672,54.837589263916016,82.30879211425781,92.33505249023438,125.62000274658203,53.438385009765625,14.761340141296387
2018-04-24,231.22178649902344,150.11581420898438,138.99008178710938,54.61349105834961,82.21144104003906,91.91427612304688,126.2300033569336,53.64060592651367,14.68525218963623
2018-04-25,231.79322814941406,150.29580688476562,138.78305053710938,54.520751953125,82.03300476074219,91.29866790771484,125.41000366210938,53.53951644897461,14.710614204406738
2018-04-26,234.14956665039062,153.45994567871094,139.42208862304688,54.79121398925781,82.2682876586914,91.93763732910156,124.97000122070312,54.24006652832031,14.786704063415527
2018-04-27,234.36936950683594,153.55465698242188,139.2240447998047,54.84532165527344,82.40613555908203,92.64677429199219,125.5,55.17176055908203,14.77824878692627
2018-04-30,232.56698608398438,152.46522521972656,137.9910125732422,54.66756820678711,82.4953842163086,92.8104019165039,124.58999633789062,54.9550895690918,14.845885276794434
2018-05-01,232.98023986816406,154.2082977294922,138.66600036621094,54.4743766784668,82.3661880493164,92.47615051269531,123.70999908447266,55.45344161987305,14.761340141296387
2018-05-02,231.41514587402344,153.2988739013672,139.18807983398438,54.451194763183594,82.38249206542969,92.37462615966797,123.6500015258789,55.251197814941406,14.761340141296387
2018-05-03,230.90521240234375,153.27993774414062,138.43206787109375,54.62120819091797,82.59370422363281,92.78850555419922,124.27999877929688,55.215091705322266,14.854339599609375
2018-05-04,233.89459228515625,156.18829345703125,140.1600799560547,54.81439971923828,82.60187530517578,92.92912292480469,124.54000091552734,55.82176971435547,14.955792427062988
2018-05-07,234.68594360351562,157.4861297607422,141.34808349609375,54.82213592529297,82.56120300292969,92.78075408935547,124.56999969482422,56.19734191894531,14.94733715057373
2018-05-08,234.68594360351562,157.32508850097656,142.05010986328125,54.82986831665039,82.4230728149414,92.69485473632812,124.58999633789062,55.9156608581543,14.989608764648438
2018-05-09,236.95431518554688,159.039794921875,142.81515502929688,54.96123504638672,82.23615264892578,92.14035034179688,124.33000183105469,56.291221618652344,15.1248779296875
2018-05-10,239.1700439453125,160.68814086914062,143.58018493652344,55.31673049926758,82.40681457519531,92.88224792480469,125.18000030517578,56.731788635253906,15.200966835021973
2018-05-11,239.89984130859375,160.53656005859375,143.85919189453125,55.463558197021484,82.4149398803711,93.11656188964844,125.0,56.53676986694336,15.107969284057617
2018-05-14,240.01405334472656,160.81130981445312,143.31016540527344,55.56401824951172,82.23615264892578,92.62450408935547,124.48999786376953,56.05288314819336,15.217877388000488
2018-05-15,238.36114501953125,159.0303192138672,143.337158203125,55.162174224853516,81.78103637695312,91.5701904296875,122.4800033569336,55.14287185668945,15.234784126281738
2018-05-16,239.36346435546875,160.08181762695312,144.8311309814453,55.239444732666016,81.61033630371094,91.21875762939453,122.29000091552734,54.976768493652344,15.319330215454102
2018-05-17,239.16122436523438,159.46604919433594,145.49720764160156,55.324459075927734,81.56158447265625,90.75799560546875,122.36000061035156,54.70228958129883,15.336237907409668
2018-05-18,238.56332397460938,158.64187622070312,145.68621826171875,55.1235237121582,81.87849426269531,91.53893280029297,122.41000366210938,54.7745246887207,15.344691276550293
2018-05-21,240.35699462890625,159.53240966796875,146.64920043945312,55.471282958984375,81.93545532226562,91.58582305908203,122.4800033569336,55.4245491027832,15.463054656982422
2018-05-22,239.68878173828125,159.32398986816406,145.58717346191406,55.4017333984375,81.90294647216797,91.44523620605469,122.41000366210938,55.50397872924805,15.479961395263672
2018-05-23,240.34817504882812,160.66917419433594,145.77622985839844,54.79121398925781,82.27677154541016,92.10906982421875,122.54000091552734,56.06010437011719,15.564507484436035
2018-05-24,239.85577392578125,160.621826171875,145.83018493652344,54.62120819091797,82.4880599975586,92.84317016601562,123.58999633789062,55.944541931152344,15.463054656982422
2018-05-25,239.28436279296875,160.7828826904297,145.56922912597656,54.26572036743164,82.81315612792969,93.421142578125,123.20999908447266,56.139549255371094,15.234784126281738
2018-05-29,236.53224182128906,160.0723419189453,145.3712158203125,53.16062545776367,83.70710754394531,95.46732330322266,123.19000244140625,56.40679931640625,15.09106159210205
2018-05-30,239.68878173828125,161.2186279296875,147.6752166748047,53.9720573425293,83.34950256347656,94.82689666748047,123.37000274658203,57.172367095947266,15.285511016845703
2018-05-31,238.22044372558594,161.1144561767578,146.4961700439453,53.632022857666016,83.30889129638672,94.67073059082031,123.0999984741211,56.97735595703125,15.243241310119629
2018-06-01,240.5592498779297,163.64385986328125,147.45921325683594,54.095706939697266,83.00106811523438,94.17053985595703,122.48999786376953,57.23013687133789,15.141788482666016
2018-06-04,241.70223999023438,165.12171936035156,148.2422637939453,54.25798797607422,82.70794677734375,93.48944854736328,122.37000274658203,57.728492736816406,14.96424674987793
2018-06-05,241.8780975341797,165.63330078125,149.16029357910156,54.17299270629883,82.919677734375,93.70866394042969,122.8499984741211,57.57680892944336,14.989608764648438
2018-06-06,243.90032958984375,166.59950256347656,150.24029541015625,54.65986251831055,82.58580780029297,92.94934844970703,122.91999816894531,57.71405029296875,15.040335655212402
2018-06-07,243.87388610839844,165.24485778808594,149.4213104248047,54.35073471069336,82.93592834472656,93.84957885742188,122.86000061035156,57.71405029296875,15.099515914916992
2018-06-08,244.59498596191406,165.25430297851562,149.87132263183594,54.412567138671875,82.8219223022461,93.5677719116211,123.01000213623047,57.923500061035156,15.09106159210205
2018-06-11,244.9202117919922,165.69956970214844,150.09634399414062,54.76031494140625,82.74050903320312,93.39550018310547,123.2300033569336,57.836830139160156,15.082608222961426
2018-06-12,245.23678588867188,166.5710906982422,150.7803192138672,54.412567138671875,82.691650390625,93.41902160644531,122.81999969482422,58.18349075317383,15.074151039123535
2018-06-13,244.45425415039062,166.5616912841797,150.18630981445312,54.48984146118164,82.5939712524414,93.37203979492188,123.19000244140625,57.04958724975586,15.133331298828125
2018-06-14,245.0696258544922,168.2479248046875,150.98733520507812,54.3739128112793,82.85453033447266,94.14702606201172,123.37999725341797,57.59125518798828,14.96424674987793
2018-06-15,244.757080078125,167.6605682373047,151.0323486328125,54.095706939697266,82.919677734375,94.23307800292969,121.33999633789062,57.555145263671875,14.6007080078125
2018-06-18,244.25364685058594,167.5637664794922,151.74334716796875,53.709320068359375,82.96036529541016,94.14702606201172,121.11000061035156,57.57118606567383,14.727523803710938
2018-06-19,243.3174591064453,167.08905029296875,151.75234985351562,53.21592712402344,83.18025207519531,94.69497680664062,120.80000305175781,57.51286315917969,14.575345039367676
2018-06-20,243.73251342773438,168.27577209472656,152.97640991210938,53.255340576171875,82.91150665283203,93.86520385742188,120.26000213623047,58.15433120727539,14.558435440063477
2018-06-21,242.20462036132812,166.81375122070312,151.54531860351562,52.87702178955078,83.13137817382812,94.35834503173828,120.05000305175781,58.431331634521484,14.448527336120605
2018-06-22,242.64622497558594,166.44351196289062,151.0413055419922,53.436622619628906,83.14765167236328,94.35054779052734,120.33999633789062,58.89057159423828,14.735978126525879
2018-06-25,239.34312438964844,162.69354248046875,148.57525634765625,52.69575119018555,83.26167297363281,94.56190490722656,119.88999938964844,58.73747634887695,14.566888809204102
2018-06-26,239.8730010986328,163.35806274414062,149.4392852783203,52.79033279418945,83.30239868164062,94.69497680664062,119.26000213623047,58.92699432373047,14.710614204406738
2018-06-27,237.8858642578125,161.136474609375,147.04525756835938,52.29378890991211,83.61996459960938,95.58735656738281,118.58000183105469,58.70103454589844,14.786704063415527
2018-06-28,239.24595642089844,162.5225830078125,147.49520874023438,52.49082946777344,83.53852844238281,95.61083221435547,118.22000122070312,59.225860595703125,14.77824878692627
2018-06-29,239.59039306640625,162.95933532714844,147.396240234375,52.78245162963867,83.47338104248047,95.28204345703125,118.6500015258789,59.371646881103516,14.94733715057373
2018-07-02,240.10263061523438,164.0510711669922,148.4132537841797,52.30167770385742,83.41631317138672,95.20751953125,117.45999908447266,59.04362869262695,14.63452434539795
2018-07-03,239.25479125976562,162.15234375,149.0049285888672,52.459293365478516,83.62835693359375,95.71751403808594,118.6500015258789,59.488277435302734,14.617616653442383
2018-07-05,241.20663452148438,164.16500854492188,150.70306396484375,52.979488372802734,83.63653564453125,95.99208068847656,119.05000305175781,60.19535827636719,14.70215892791748
2018-07-06,243.246826171875,166.7187957763672,151.9766845703125,53.263221740722656,83.7099609375,96.3059310913086,118.86000061035156,60.516075134277344,14.769795417785645
2018-07-09,245.43719482421875,168.21881103515625,152.9341583251953,53.77552032470703,83.4979019165039,95.6861343383789,119.1500015258789,60.034976959228516,14.845885276794434
2018-07-10,246.3203125,168.3422088623047,152.2386932373047,53.751869201660156,83.43257141113281,95.67827606201172,118.93000030517578,60.158897399902344,14.812067985534668
2018-07-11,244.51858520507812,167.48779296875,150.9469451904297,52.85337829589844,83.6039047241211,96.0470199584961,117.63999938964844,59.96207809448242,14.296348571777344
2018-07-12,246.73545837402344,170.3738555908203,151.67860412597656,53.263221740722656,83.57122802734375,96.03919219970703,118.12999725341797,60.14432144165039,14.372438430786133
2018-07-13,246.92977905273438,170.51625061035156,151.2269744873047,53.428733825683594,83.7099609375,96.28241729736328,117.61000061035156,59.96207809448242,14.397802352905273
2018-07-16,246.70887756347656,170.10804748535156,150.63990783691406,53.405094146728516,83.57122802734375,95.88227081298828,117.55000305175781,59.641353607177734,14.093445777893066
2018-07-17,247.70689392089844,171.142822265625,151.3083038330078,53.49966049194336,83.52233123779297,95.7018051147461,116.27999877929688,59.24772644042969,14.11035442352295
2018-07-18,248.2279510498047,170.82008361816406,151.73281860351562,53.50754165649414,83.45708465576172,95.31734466552734,116.30999755859375,58.985313415527344,14.237170219421387
2018-07-19,247.2917938232422,169.9656524658203,152.8077392578125,53.39719772338867,83.68550109863281,95.92151641845703,115.80999755859375,59.67780685424805,14.220260620117188
2018-07-20,247.00921630859375,169.927734375,152.18441772460938,53.649410247802734,83.39180755615234,94.7446517944336,116.55999755859375,59.10195541381836,14.321712493896484
2018-07-23,247.4683837890625,170.4687957763672,152.37413024902344,53.649410247802734,82.98392486572266,93.57562255859375,116.0,58.9780158996582,14.372438430786133
2018-07-24,248.71372985839844,171.17129516601562,150.7482147216797,53.96466827392578,83.0409927368164,93.89730834960938,116.04000091552734,58.679168701171875,14.448527336120605
2018-07-25,250.83338928222656,173.563720703125,151.29925537109375,54.36663055419922,82.98392486572266,93.74822235107422,116.68000030517578,59.14569091796875,14.64297866821289
2018-07-26,250.24160766601562,170.93405151367188,152.11219787597656,54.122310638427734,82.89415740966797,93.56779479980469,115.7699966430664,59.342498779296875,14.64297866821289
2018-07-27,248.54591369628906,168.62705993652344,149.27587890625,54.224761962890625,83.02469635009766,93.72468566894531,115.83000183105469,58.708343505859375,14.5837984085083
2018-07-30,247.2476043701172,166.244140625,148.31838989257812,54.216880798339844,82.91863250732422,93.40301513671875,115.6500015258789,58.74477767944336,14.668344497680664
2018-07-31,248.46644592285156,167.51626586914062,149.82688903808594,54.287811279296875,83.0328598022461,93.91299438476562,115.98999786376953,59.72883224487305,14.5837984085083
2018-08-01,248.05136108398438,168.15232849121094,149.72756958007812,54.011959075927734,82.83666229248047,93.14789581298828,115.13999938964844,60.15160369873047,14.372438430786133
2018-08-02,249.4025421142578,170.4403533935547,150.8204803466797,53.65730285644531,82.93476867675781,93.28160095214844,114.5199966430664,59.91106033325195,14.456981658935547
2018-08-03,250.4712371826172,170.9624481201172,150.2965850830078,53.68882369995117,83.14732360839844,93.74552154541016,114.91999816894531,60.5598030090332,14.507709503173828
2018-08-06,251.3897705078125,171.9688262939453,151.13668823242188,53.46025848388672,83.18814849853516,93.80052185058594,114.33000183105469,60.4796257019043,14.533073425292969
2018-08-07,252.219970703125,172.5954132080078,151.4979705810547,53.87796401977539,83.0165023803711,93.31303405761719,114.58999633789062,60.37028884887695,14.64297866821289
2018-08-08,252.11392211914062,172.80426025390625,151.36248779296875,53.830692291259766,83.09005737304688,93.40744018554688,114.91000366210938,60.02040481567383,14.465435981750488
2018-08-09,251.76954650878906,172.69984436035156,151.75091552734375,53.67304611206055,83.31893157958984,94.1937026977539,114.73999786376953,60.04955291748047,14.406255722045898
2018-08-10,250.08262634277344,171.3802032470703,151.32635498046875,52.60117721557617,83.67859649658203,94.8778305053711,114.69000244140625,59.5903434753418,14.406255722045898
2018-08-13,249.14645385742188,171.1903839111328,150.44110107421875,52.41202163696289,83.65409851074219,94.68122863769531,112.95999908447266,59.473697662353516,14.330166816711426
2018-08-14,250.7362518310547,172.26312255859375,151.93150329589844,52.40413284301758,83.57234191894531,94.46893310546875,113.06999969482422,59.765281677246094,14.35552978515625
2018-08-15,248.86380004882812,170.155517578125,150.02561950683594,51.64751434326172,83.77669525146484,95.01935577392578,111.19000244140625,60.224510192871094,14.042719841003418
2018-08-16,250.8775177001953,170.71563720703125,151.41665649414062,52.01005935668945,83.75215911865234,95.0114974975586,111.0999984741211,60.71287155151367,14.15262508392334
2018-08-17,251.76068115234375,170.75364685058594,152.06703186035156,52.31743621826172,83.78484344482422,95.12946319580078,112.12999725341797,61.274147033691406,14.211806297302246
2018-08-20,252.2994842529297,170.60171508789062,152.4915771484375,52.60117721557617,84.04646301269531,95.76638793945312,112.69000244140625,61.31789016723633,14.237170219421387
2018-08-21,252.89122009277344,171.22830200195312,154.2439422607422,52.924312591552734,83.9320068359375,95.44395446777344,113.0199966430664,60.94614791870117,14.262533187866211
2018-08-22,252.74105834960938,171.8928680419922,154.62327575683594,53.129241943359375,84.08729553222656,95.82144927978516,113.2699966430664,60.60353469848633,14.465435981750488
2018-08-23,252.40545654296875,171.6460418701172,154.15362548828125,52.75092315673828,84.0791244506836,95.9708023071289,112.19999694824219,60.450477600097656,14.440073013305664
2018-08-24,253.92457580566406,173.24098205566406,154.99365234375,53.05830001831055,84.10365295410156,96.1595230102539,114.16000366210938,60.807647705078125,14.549981117248535
2018-08-27,255.92930603027344,175.00682067871094,155.21946716308594,53.767635345458984,83.91566467285156,95.60912322998047,114.58999633789062,60.5889778137207,14.6007080078125
2018-08-28,256.0530090332031,175.26307678222656,155.36398315429688,53.7203483581543,83.72762298583984,95.03507995605469,113.68000030517578,61.405372619628906,14.54152774810791
2018-08-29,257.4307556152344,177.2853240966797,155.8156280517578,54.011959075927734,83.70313262939453,95.16091918945312,114.19999694824219,61.41996383666992,14.70215892791748
2018-08-30,256.3885803222656,176.97198486328125,155.68917846679688,53.49966049194336,83.85843658447266,95.36534118652344,113.63999938964844,61.02631378173828,14.676797866821289
2018-08-31,256.3974304199219,177.19976806640625,156.28536987304688,53.07406234741211,83.874755859375,95.14515686035156,113.51000213623047,61.266876220703125,14.693704605102539
2018-09-04,255.95579528808594,176.44033813476562,155.58984375,52.62480926513672,83.68310546875,94.59510040283203,112.93000030517578,60.53793716430664,14.609163284301758
2018-09-05,255.26702880859375,174.16180419921875,155.1742706298828,52.144039154052734,83.6749038696289,94.34285736083984,113.31999969482422,60.88783264160156,14.549981117248535
2018-09-06,254.4985809326172,172.60484313964844,154.12646484375,51.98640823364258,83.846923828125,94.68962860107422,113.54000091552734,61.062774658203125,14.465435981750488
2018-09-07,254.00399780273438,171.94029235839844,154.0452117919922,51.568695068359375,83.47018432617188,93.8857650756836,113.2300033569336,60.399444580078125,14.499255180358887
2018-09-10,254.4456024169922,172.51947021484375,154.2349090576172,51.88396072387695,83.5192642211914,94.23257446289062,113.1500015258789,60.669166564941406,14.549981117248535
2018-09-11,255.28469848632812,173.8485870361328,154.48780822753906,51.931236267089844,83.21627044677734,93.515380859375,113.22000122070312,60.66185760498047,14.693704605102539
2018-09-12,255.34649658203125,173.33592224121094,154.11749267578125,52.15191650390625,83.3145751953125,93.73603057861328,114.16999816894531,60.69101333618164,14.795159339904785
2018-09-13,256.856689453125,175.1871795654297,154.15362548828125,52.538124084472656,83.30634307861328,93.8779296875,113.76000213623047,60.98987579345703,14.63452434539795
2018-09-14,256.90087890625,174.674560546875,154.80397033691406,52.616939544677734,83.15071105957031,93.4286880493164,113.0199966430664,60.60353469848633,14.54152774810791
2018-09-17,255.54078674316406,172.1587371826172,153.1599884033203,52.66421890258789,83.1671142578125,93.4286880493164,113.61000061035156,60.80036544799805,14.524619102478027
2018-09-18,256.9273376464844,173.58274841308594,153.80133056640625,53.21592712402344,82.82313537597656,92.4514389038086,113.44000244140625,60.5087890625,14.65988826751709
2018-09-19,257.20111083984375,173.4497833251953,153.2412872314453,53.405094146728516,82.68387603759766,91.89978790283203,113.87999725341797,59.80171585083008,14.752887725830078
2018-09-20,259.285400390625,175.36756896972656,154.65943908691406,54.0671272277832,82.69206237792969,92.32539367675781,114.2699966430664,60.36300277709961,14.752887725830078
2018-09-21,259.048583984375,174.40869140625,153.91873168945312,54.090782165527344,82.7248306274414,92.28589630126953,113.48999786376953,60.341121673583984,14.786704063415527
2018-09-24,258.1881103515625,174.89373779296875,153.3496856689453,53.84645462036133,82.63473510742188,92.04952239990234,113.47000122070312,59.257545471191406,15.00651741027832
2018-09-25,257.94842529296875,175.13150024414062,153.58453369140625,54.11442947387695,82.5528335571289,91.95494079589844,113.6500015258789,59.26493835449219,15.040335655212402
2018-09-26,257.1766357421875,175.25515747070312,152.18072509765625,54.138065338134766,82.82313537597656,92.60118865966797,113.05000305175781,58.55533981323242,14.972699165344238
2018-09-27,257.89520263671875,176.7388458251953,152.1898193359375,54.02771759033203,82.82313537597656,92.66423797607422,112.05000305175781,58.836219787597656,15.040335655212402
2018-09-28,257.9217834472656,176.70074462890625,152.65171813964844,53.586360931396484,82.86405944824219,92.41989135742188,112.76000213623047,59.634498596191406,15.192511558532715
2018-10-01,258.8179626464844,177.0622100830078,150.64108276367188,53.649410247802734,82.65396118164062,91.74144744873047,112.56999969482422,59.08014678955078,15.479961395263672
2018-10-02,258.6671447753906,176.66273498535156,149.0108642578125,53.373558044433594,82.86736297607422,92.3022689819336,113.87000274658203,58.94709396362305,15.530688285827637
2018-10-03,258.8089599609375,176.85296630859375,150.31504821777344,53.278987884521484,82.2518310546875,90.69879150390625,113.41999816894531,58.318809509277344,15.674415588378906
2018-10-04,256.786376953125,173.45761108398438,148.20477294921875,52.65634536743164,82.0384521484375,90.05901336669922,113.4800033569336,57.830989837646484,15.505324363708496
2018-10-05,255.3490447998047,171.33668518066406,146.86441040039062,52.341087341308594,81.84143829345703,89.28500366210938,113.80000305175781,57.801422119140625,15.471506118774414
2018-10-08,255.3490447998047,170.29051208496094,146.5565185546875,52.0888786315918,81.8742904663086,88.98486328125,112.54000091552734,58.63665771484375,15.429235458374023
2018-10-09,254.97637939453125,170.84219360351562,145.9858856201172,51.95488739013672,82.03020477294922,89.88533782958984,112.5999984741211,58.717952728271484,15.539141654968262
2018-10-10,246.90301513671875,163.32862854003906,141.79263305664062,50.85147476196289,82.07124328613281,89.64044189453125,112.87999725341797,57.84577560424805,15.234784126281738
2018-10-11,241.46466064453125,161.3028106689453,139.0845947265625,50.14214324951172,82.40776062011719,90.7304458618164,115.77999877929688,56.190059661865234,15.00651741027832
2018-10-12,244.8181610107422,165.7919158935547,139.1118621826172,50.32341003417969,82.30927276611328,90.41445922851562,115.2300033569336,56.0422248840332,15.1248779296875
2018-10-15,243.44302368164062,163.78517150878906,139.62806701660156,50.20519256591797,82.35847473144531,90.37501525878906,116.0,56.41920852661133,15.158697128295898
2018-10-16,248.76609802246094,168.55007934570312,143.6764373779297,51.06428146362305,82.35028839111328,90.58036804199219,115.80000305175781,57.57967758178711,15.226330757141113
2018-10-17,248.81044006347656,168.61663818359375,143.0605926513672,50.77266311645508,82.1123275756836,90.04327392578125,115.79000091552734,57.35791015625,15.09106159210205
2018-10-18,245.2173614501953,164.7076873779297,140.3797607421875,49.95298385620117,82.26000213623047,90.01167297363281,115.91999816894531,57.24705123901367,14.921976089477539
2018-10-19,245.0843505859375,164.55552673339844,138.8944854736328,50.236724853515625,82.1615219116211,89.81420135498047,116.01000213623047,57.742279052734375,15.00651741027832
2018-10-22,243.98422241210938,165.40199279785156,138.5955810546875,50.01603698730469,82.17792510986328,89.69573211669922,115.70999908447266,56.93659591674805,15.02342700958252
2018-10-23,242.74215698242188,164.7933349609375,137.3548126220703,49.543148040771484,82.39134216308594,89.98006439208984,116.38999938964844,57.187923431396484,14.693704605102539
2018-10-24,235.38742065429688,157.25125122070312,132.1833953857422,48.1402473449707,82.83453369140625,90.65933990478516,116.66000366210938,57.72749710083008,14.592254638671875
2018-10-25,239.6103515625,162.69143676757812,135.04537963867188,48.74711227416992,82.63754272460938,90.28023529052734,116.4000015258789,58.466644287109375,14.651433944702148
2018-10-26,235.39627075195312,158.5066680908203,133.56912231445312,48.41609573364258,83.0068588256836,90.82524871826172,116.7699966430664,57.06227111816406,14.761340141296387
2018-10-29,234.0920867919922,155.2444610595703,132.8354949951172,48.282108306884766,82.9986572265625,90.61984252929688,116.30999755859375,57.7866325378418,14.609163284301758
2018-10-30,237.5609893798828,157.80287170410156,135.60682678222656,48.86533737182617,82.81809997558594,90.16962432861328,115.80000305175781,58.577518463134766,14.533073425292969
2018-10-31,240.09841918945312,161.51210021972656,135.87860107421875,49.22788619995117,82.61296081542969,89.71153259277344,115.1500015258789,57.890113830566406,14.33862018585205
2018-11-01,242.65347290039062,163.64251708984375,139.01220703125,49.858402252197266,82.68367004394531,89.79467010498047,116.62999725341797,58.16360092163086,14.237170219421387
2018-11-02,241.21620178222656,161.0936279296875,139.4740753173828,49.92933654785156,82.22308349609375,88.67826080322266,116.6500015258789,57.68315505981445,14.203351974487305
2018-11-05,242.5469970703125,160.6941375732422,139.3654022216797,49.92933654785156,82.27239990234375,89.02664184570312,116.37000274658203,58.54057312011719,14.194897651672363
2018-11-06,244.081787109375,161.9115447998047,140.05372619628906,50.134254455566406,82.18194580078125,88.97118377685547,116.04000091552734,58.836219787597656,14.13571548461914
2018-11-07,249.3073272705078,166.9902801513672,142.56248474121094,50.8041877746582,82.18194580078125,89.08998107910156,116.02999877929688,59.53843307495117,14.101900100708008
2018-11-08,248.85476684570312,165.92510986328125,142.18211364746094,50.307655334472656,82.06681060791016,89.08203887939453,115.77999877929688,59.5827751159668,14.017355918884277
2018-11-09,246.42396545410156,163.12887573242188,139.54652404785156,49.976627349853516,82.3875503540039,89.74720001220703,114.4800033569336,59.575355529785156,13.865177154541016
2018-11-12,241.81948852539062,158.19284057617188,136.78424072265625,49.156951904296875,82.63433074951172,90.33304595947266,113.66000366210938,59.69363021850586,13.831358909606934
2018-11-13,241.36705017089844,158.32595825195312,136.34954833984375,49.36975860595703,82.70013427734375,90.27759552001953,113.69999694824219,59.634498596191406,13.450911521911621
2018-11-14,239.71688842773438,157.1180877685547,135.35328674316406,49.40916442871094,82.872802734375,90.33304595947266,114.63999938964844,59.486663818359375,13.5692720413208
2018-11-15,242.21868896484375,159.86669921875,137.2823486328125,49.56679153442383,82.93040466308594,90.29348754882812,114.7699966430664,59.08014678955078,13.54391098022461
2018-11-16,242.84861755371094,159.30557250976562,137.60841369628906,49.6219596862793,83.18537902832031,90.8160171508789,115.62000274658203,59.7158088684082,13.628454208374023
2018-11-19,238.7408905029297,154.13169860839844,134.8189239501953,49.188480377197266,83.30874633789062,91.06939697265625,115.66999816894531,59.7971305847168,13.628454208374023
2018-11-20,234.32273864746094,151.37356567382812,132.21961975097656,48.3372802734375,83.29228210449219,91.10108947753906,115.66999816894531,59.183616638183594,13.214190483093262
2018-11-21,235.12120056152344,152.52435302734375,134.06723022460938,49.01508712768555,83.27584838867188,91.06939697265625,115.86000061035156,59.23537063598633,13.3240966796875
2018-11-23,233.5509033203125,151.42117309570312,133.94041442871094,48.69194412231445,83.32518005371094,91.16439819335938,115.7699966430664,59.117103576660156,12.935195922851562
2018-11-26,237.32144165039062,154.9210968017578,135.6793212890625,49.4249267578125,83.2594223022461,90.95854187011719,115.63999938964844,59.22798156738281,12.994376182556152
2018-11-27,238.119873046875,155.44419860839844,134.55630493164062,49.23577117919922,83.34162902832031,91.06147766113281,114.94999694824219,59.479286193847656,12.943650245666504
2018-11-28,243.60264587402344,160.44692993164062,137.88011169433594,49.93722915649414,83.3333969116211,90.61811065673828,115.37999725341797,60.01146697998047,12.901378631591797
2018-11-29,243.07041931152344,159.92376708984375,137.50877380371094,49.68501281738281,83.5472640991211,90.97439575195312,115.73999786376953,60.02627182006836,12.985921859741211
2018-11-30,244.55191040039062,161.0841064453125,138.2242431640625,49.47221755981445,83.7117691040039,91.31484985351562,115.54000091552734,60.59539794921875,12.926740646362305
2018-12-03,247.79017639160156,163.8992919921875,139.54652404785156,50.12638473510742,83.89473724365234,91.96321105957031,116.41000366210938,60.92062759399414,13.22264575958252
2018-12-04,239.76121520996094,157.61264038085938,133.60531616210938,48.825931549072266,84.28211975097656,93.50284576416016,117.12000274658203,60.01884841918945,13.231099128723145
2018-12-06,239.39743041992188,158.7253875732422,133.31544494628906,48.368804931640625,84.49638366699219,93.79644775390625,117.13999938964844,61.50453567504883,13.12119197845459
2018-12-07,233.83480834960938,153.4849853515625,130.43545532226562,47.880149841308594,84.74365234375,93.9710464477539,118.08999633789062,60.698883056640625,13.273370742797852
2018-12-10,234.27841186523438,155.09228515625,130.0550994873047,47.50971984863281,84.79306030273438,94.35997009277344,117.68000030517578,60.30712890625,13.06201171875
2018-12-11,234.3315887451172,155.60586547851562,129.91921997070312,47.65946960449219,84.57881927490234,94.34406280517578,117.54000091552734,60.3366813659668,13.138100624084473
2018-12-12,235.51158142089844,156.97544860839844,131.1599884033203,48.36091995239258,84.34799194335938,93.92342376708984,117.79000091552734,59.40537643432617,13.09582805633545
2018-12-13,235.43174743652344,157.0229949951172,129.30337524414062,48.27421951293945,84.39747619628906,93.7012710571289,117.52999877929688,59.74867630004883,13.264915466308594
2018-12-14,231.08457946777344,153.19964599609375,127.34707641601562,47.65158462524414,84.5293197631836,94.0266342163086,117.05999755859375,59.57666778564453,13.06201171875
2018-12-17,226.55105590820312,149.72824096679688,124.5110092163086,47.273277282714844,84.77662658691406,94.57418060302734,117.87000274658203,57.33270263671875,12.909832954406738
2018-12-18,226.30259704589844,150.66981506347656,124.3565444946289,47.3115119934082,84.98556518554688,95.14059448242188,118.1500015258789,57.923614501953125,12.63929271697998
2018-12-19,222.91357421875,146.97007751464844,121.76673889160156,46.85743713378906,85.28289031982422,96.39747619628906,117.43000030517578,57.287837982177734,12.690017700195312
2018-12-20,219.28501892089844,144.83970642089844,119.75848388671875,46.66625213623047,85.17552947998047,96.04744720458984,119.23999786376953,56.42765808105469,12.571657180786133
2018-12-21,214.79202270507812,140.35060119628906,116.65070343017578,45.85368728637695,85.24983978271484,96.03153991699219,118.72000122070312,55.642276763916016,12.461750030517578
2018-12-24,209.1165313720703,136.8701934814453,114.3880386352539,45.319950103759766,85.46461486816406,96.50886535644531,120.0199966430664,53.660125732421875,12.323867797851562
2018-12-26,219.68212890625,145.41622924804688,119.88568878173828,46.37149429321289,85.05987548828125,95.4747085571289,119.66000366210938,55.45528793334961,12.597921371459961
2018-12-27,221.3687286376953,145.9789276123047,120.3855209350586,46.506919860839844,85.27465057373047,95.49061584472656,120.56999969482422,55.44780349731445,12.478021621704102
2018-12-28,221.08314514160156,145.9026336669922,120.7308120727539,46.753875732421875,85.73710632324219,96.2940673828125,121.05999755859375,55.62730407714844,12.375252723693848
2018-12-31,223.01954650878906,147.13307189941406,121.67587280273438,46.825565338134766,86.05926513671875,96.66001892089844,121.25,55.77690887451172,12.40950870513916
2019-01-02,223.25155639648438,147.72445678710938,122.3664779663086,46.729976654052734,86.24093627929688,97.16905975341797,121.33000183105469,54.565181732177734,12.443765640258789
2019-01-03,217.9241943359375,142.89820861816406,120.17650604248047,46.307769775390625,86.92644500732422,98.27483367919922,122.43000030517578,54.9466552734375,12.54653549194336
2019-01-04,225.2237091064453,149.0120086669922,124.66552734375,47.72575759887695,86.22441864013672,97.13727569580078,121.44000244140625,55.589908599853516,12.717819213867188
2019-01-07,226.9994659423828,150.7860870361328,126.84638977050781,47.90898132324219,85.98493957519531,96.85091400146484,121.86000061035156,56.135955810546875,12.812026023864746
2019-01-08,229.1322479248047,152.15000915527344,128.7910919189453,48.219661712646484,85.77018737792969,96.59636688232422,121.52999877929688,57.295318603515625,12.9404878616333
2019-01-09,230.20310974121094,153.38998413085938,129.85421752929688,48.76137161254883,85.8197250366211,96.44522094726562,122.30999755859375,57.21302795410156,13.197413444519043
2019-01-10,231.01515197753906,153.82875061035156,130.5266876220703,48.95255661010742,85.77843475341797,95.82471466064453,121.58999633789062,57.990936279296875,13.16315746307373
2019-01-11,231.1044158935547,153.2659912109375,130.56301879882812,48.61797332763672,86.03449249267578,96.19859313964844,121.80000305175781,58.155494689941406,13.120335578918457
2019-01-14,229.69442749023438,151.91160583496094,129.26356506347656,48.39491271972656,85.98493957519531,95.84062194824219,122.08999633789062,57.961002349853516,13.009001731872559
2019-01-15,232.32693481445312,154.87789916992188,130.35398864746094,48.64984130859375,85.90232849121094,95.49061584472656,121.87999725341797,58.514522552490234,13.111772537231445
2019-01-16,232.88916015625,154.8493194580078,131.32630920410156,48.7852668762207,85.85276794433594,95.58606719970703,122.2699966430664,58.92588424682617,13.18028450012207
2019-01-17,234.65591430664062,156.07017517089844,132.51678466796875,48.96052169799805,85.69585418701172,95.6099624633789,122.11000061035156,59.210140228271484,13.188848495483398
2019-01-18,237.77923583984375,157.61529541015625,133.8798065185547,49.454429626464844,85.42326354980469,95.10877227783203,121.0199966430664,59.41209030151367,13.325878143310547
2019-01-22,234.56678771972656,154.4582061767578,131.7625274658203,48.689674377441406,85.72064971923828,95.75310516357422,121.44999694824219,59.23258590698242,13.231671333312988
2019-01-23,235.05758666992188,154.6585235595703,131.39903259277344,48.91272735595703,85.67932891845703,95.71334075927734,121.27999877929688,59.24006652832031,13.214542388916016
2019-01-24,235.18246459960938,155.6599884033203,132.18959045410156,48.96849060058594,85.951904296875,96.34176635742188,121.08999633789062,59.44203567504883,13.248799324035645
2019-01-25,237.1724395751953,157.5198974609375,133.8888397216797,49.526119232177734,85.75365447998047,95.88041687011719,122.86000061035156,60.182525634765625,13.317314147949219
2019-01-28,235.36990356445312,155.57421875,133.17095947265625,49.25527572631836,85.77843475341797,95.7849349975586,123.29000091552734,60.7734375,13.137465476989746
2019-01-29,235.05758666992188,154.1053466796875,132.85293579101562,49.36680221557617,86.02619934082031,96.27021026611328,123.9800033569336,61.252113342285156,13.2659273147583
2019-01-30,238.77871704101562,158.0254364013672,134.30691528320312,49.908504486083984,86.22441864013672,96.19859313964844,124.69000244140625,61.745784759521484,13.36013412475586
2019-01-31,240.8757781982422,160.39085388183594,135.45187377929688,49.932403564453125,86.6208724975586,97.02597045898438,124.75,62.38906478881836,13.291620254516602
2019-02-01,240.9918212890625,159.7136688232422,135.56089782714844,49.91646957397461,86.1573715209961,96.43990325927734,124.5,61.99263000488281,13.411519050598145
2019-02-04,242.68727111816406,161.69760131835938,137.1784210205078,50.09969711303711,85.96700286865234,96.0093765258789,123.95999908447266,62.45636749267578,13.420083045959473
2019-02-05,243.70448303222656,163.128173828125,137.32379150390625,50.49003601074219,86.11599731445312,96.44788360595703,124.27999877929688,62.81543731689453,13.36013412475586
2019-02-06,243.3833465576172,162.64186096191406,137.15110778808594,50.23512649536133,86.18218994140625,96.49571228027344,123.44000244140625,62.404029846191406,13.377262115478516
2019-02-07,241.06317138671875,160.45762634277344,136.0243377685547,49.56596374511719,86.463623046875,97.13358306884766,123.73999786376953,62.920127868652344,13.248799324035645
2019-02-08,241.35768127441406,160.7723846435547,136.1697235107422,49.40663528442383,86.57953643798828,97.54814910888672,124.20999908447266,62.920127868652344,13.2659273147583
2019-02-11,241.49151611328125,160.61976623535156,137.30564880371094,49.35883712768555,86.44702911376953,97.1654281616211,123.5999984741211,63.09215545654297,13.188848495483398
2019-02-12,244.59690856933594,162.9947052001953,139.0230712890625,49.932403564453125,86.3311996459961,96.91825866699219,123.86000061035156,62.69575881958008,13.2659273147583
2019-02-13,245.39111328125,163.10919189453125,139.41380310058594,49.94036865234375,86.11599731445312,96.55150604248047,123.37000274658203,63.017372131347656,13.343005180358887
2019-02-14,244.8468017578125,163.3094940185547,139.7318572998047,49.956302642822266,86.52155303955078,97.10161590576172,124.05999755859375,63.219322204589844,13.377262115478516
2019-02-15,247.51495361328125,163.9962158203125,141.95822143554688,50.68123245239258,86.43878173828125,97.25312805175781,124.80000305175781,63.64567565917969,13.62562370300293
2019-02-19,247.9432830810547,164.32049560546875,142.3489532470703,50.87241744995117,86.58773040771484,97.50032043457031,126.69999694824219,63.630706787109375,13.659879684448242
2019-02-20,248.44296264648438,164.2919158935547,143.02137756347656,51.01580810546875,86.57121276855469,97.22126770019531,126.4800033569336,63.234283447265625,13.7027006149292
2019-02-21,247.55960083007812,163.69102478027344,142.47616577148438,50.91225814819336,86.31463623046875,96.35218811035156,125.05000305175781,63.29410934448242,13.745521545410156
2019-02-22,249.09445190429688,164.90232849121094,143.7119598388672,51.07954788208008,86.57121276855469,96.92620849609375,125.5,63.66810989379883,13.779778480529785
2019-02-25,249.43353271484375,165.50318908691406,143.7483673095703,51.23090744018555,86.43878173828125,96.63925170898438,125.37000274658203,63.16695022583008,13.574239730834961
2019-02-26,249.25503540039062,165.67489624023438,142.75784301757812,51.477848052978516,86.6953353881836,97.11758422851562,125.58000183105469,62.972496032714844,13.634187698364258
2019-02-27,249.1480255126953,165.57000732421875,142.95779418945312,51.27073669433594,86.38910675048828,96.01734924316406,124.69000244140625,62.65834045410156,13.7027006149292
2019-02-28,248.6839599609375,165.18844604492188,142.46707153320312,51.199039459228516,86.16565704345703,95.69047546386719,123.98999786376953,62.822879791259766,13.668444633483887
2019-03-01,250.23667907714844,166.3330841064453,143.7937774658203,51.477848052978516,85.88294982910156,94.80599975585938,121.87999725341797,62.628395080566406,13.514288902282715
2019-03-04,249.3264923095703,166.3616485595703,142.49432373046875,51.286659240722656,86.14825439453125,95.54902648925781,121.55999755859375,62.91264724731445,13.557110786437988
2019-03-05,248.9873046875,166.48561096191406,141.8309783935547,51.334468841552734,86.19795989990234,95.74879455566406,121.72000122070312,63.084651947021484,13.62562370300293
2019-03-06,247.47921752929688,165.54139709472656,139.05035400390625,51.207000732421875,86.43846130371094,96.1003189086914,121.61000061035156,62.792964935302734,13.548545837402344
2019-03-07,245.40896606445312,163.50978088378906,137.83262634277344,50.553768157958984,86.72872924804688,96.72348022460938,121.51000213623047,62.65834045410156,13.514288902282715
2019-03-08,244.9181365966797,163.26174926757812,137.79632568359375,50.56174087524414,86.85309600830078,97.1309814453125,122.83999633789062,62.725650787353516,13.505724906921387
2019-03-11,248.4697265625,166.6573486328125,140.20437622070312,50.9998779296875,86.78678894042969,96.8434066772461,122.23999786376953,63.64567565917969,13.522852897644043
2019-03-12,249.40672302246094,167.5729522705078,140.27708435058594,50.968013763427734,87.02722930908203,97.52251434326172,122.9800033569336,63.9373893737793,13.60849666595459
2019-03-13,251.05763244628906,168.83201599121094,140.83139038085938,51.40615463256836,86.99406433105469,97.33876037597656,123.83999633789062,64.25152587890625,13.694136619567871
2019-03-14,250.89703369140625,168.54583740234375,140.25892639160156,51.39820098876953,86.86962890625,96.63565063476562,122.41000366210938,64.34877014160156,13.634187698364258
2019-03-15,252.13650512695312,170.1100616455078,140.6314697265625,51.95582962036133,87.14330291748047,97.27484130859375,122.97000122070312,64.14680480957031,13.634187698364258
2019-03-18,253.05081176757812,170.51519775390625,141.5310516357422,52.13905715942383,87.02722930908203,97.21887969970703,123.04000091552734,63.825164794921875,13.7027006149292
2019-03-19,253.113525390625,171.08851623535156,140.8131866455078,52.24261474609375,86.96919250488281,97.003173828125,123.37999725341797,63.630706787109375,13.736959457397461
2019-03-20,252.35174560546875,171.76693725585938,139.63967895507812,52.26651382446289,87.5744857788086,98.0178451538086,124.18000030517578,63.825164794921875,13.839727401733398
2019-03-21,255.20191955566406,174.4520263671875,141.47108459472656,52.23465347290039,87.53303527832031,98.23360443115234,123.68000030517578,64.96210479736328,13.771214485168457
2019-03-22,250.29017639160156,170.62037658691406,136.3231964111328,51.23090744018555,88.17987060546875,99.7596206665039,123.97000122070312,64.4908676147461,13.651315689086914
2019-03-25,250.10205078125,170.29542541503906,136.9245147705078,51.30259323120117,88.4037094116211,99.91937255859375,124.91999816894531,64.57316589355469,13.7027006149292
2019-03-26,251.96632385253906,171.08851623535156,138.3640899658203,51.55752182006836,88.32911682128906,99.84750366210938,124.30000305175781,65.0892562866211,13.728395462036133
2019-03-27,250.648681640625,169.9897003173828,137.82650756835938,51.5814208984375,88.58617401123047,100.76631927490234,123.6500015258789,64.90225982666016,13.651315689086914
2019-03-28,251.598876953125,170.3814239501953,139.05654907226562,51.45396041870117,88.59445190429688,101.11785888671875,121.9000015258789,65.53206634521484,13.60849666595459
2019-03-29,253.18527221679688,171.67140197753906,139.48480224609375,51.669044494628906,88.45348358154297,101.02200317382812,122.01000213623047,65.4717788696289,13.617058753967285
2019-04-01,256.18780517578125,173.94558715820312,141.00637817382812,52.33024978637695,87.84526824951172,99.58708190917969,121.52999877929688,65.43412780761719,13.745521545410156
2019-04-02,256.31329345703125,174.60491943359375,140.64195251464844,52.34617233276367,87.99482727050781,99.7712631225586,121.9800033569336,65.89366149902344,13.779778480529785
2019-04-03,256.71661376953125,175.60821533203125,141.37083435058594,52.75245666503906,87.72062683105469,98.90646362304688,121.80000305175781,65.81832885742188,13.796907424926758
2019-04-04,257.3978576660156,175.54135131835938,142.0633087158203,52.640926361083984,87.81200408935547,99.18672180175781,122.11000061035156,65.71285247802734,13.805472373962402
2019-04-05,258.64373779296875,176.44906616210938,143.3935089111328,52.77634811401367,87.853515625,99.3148422241211,121.9800033569336,66.17239379882812,13.84829330444336
2019-04-08,258.8408203125,176.898193359375,143.1566619873047,52.80821228027344,87.71228790283203,98.96253967285156,122.51000213623047,65.8032455444336,13.899678230285645
2019-04-09,257.514404296875,176.27706909179688,141.40725708007812,52.473636627197266,87.87019348144531,99.2748031616211,123.1500015258789,65.45671844482422,13.87398624420166
2019-04-10,258.3927917480469,177.2230682373047,143.3297882080078,52.67280197143555,88.07792663574219,99.51502227783203,123.52999877929688,66.05938720703125,13.99388313293457
2019-04-11,258.321044921875,176.8026885986328,143.1475067138672,52.5612678527832,87.87849426269531,98.93049621582031,121.94999694824219,66.01417541503906,13.925370216369629
2019-04-12,260.0687561035156,177.56707763671875,143.6668701171875,52.9277229309082,87.47134399414062,98.225830078125,121.83000183105469,66.33058166503906,13.968192100524902
2019-04-15,259.8985290527344,177.59573364257812,143.2021942138672,52.951622009277344,87.58767700195312,98.47405242919922,121.5999984741211,65.9916000366211,13.942499160766602
2019-04-16,260.0687561035156,178.207275390625,143.53933715820312,52.99143600463867,87.28858947753906,97.85749816894531,120.51000213623047,64.49999237060547,13.89111328125
2019-04-17,259.4325256347656,178.828369140625,142.22732543945312,53.14279556274414,87.30514526367188,97.89752960205078,120.27999877929688,63.91239929199219,13.839727401733398
2019-04-18,259.9432373046875,179.05772399902344,141.80819702148438,53.110931396484375,87.51286315917969,98.41002655029297,120.37000274658203,64.40206146240234,13.882549285888672
2019-04-22,260.1673278808594,179.5641632080078,141.4345703125,53.02329635620117,87.38825988769531,97.93756866455078,120.37000274658203,63.69394302368164,13.951064109802246
2019-04-23,262.5066833496094,181.8478546142578,143.566650390625,53.12687301635742,87.546142578125,98.14576721191406,120.12000274658203,64.53766632080078,13.968192100524902
2019-04-24,261.92401123046875,181.2745361328125,144.0131072998047,52.76042175292969,87.87849426269531,98.94650268554688,120.47000122070312,65.01226043701172,13.916807174682617
2019-04-25,261.76275634765625,182.01031494140625,142.81954956054688,52.72059631347656,87.77046966552734,98.80237579345703,120.56999969482422,64.87666320800781,13.89111328125
2019-04-26,262.98175048828125,182.17269897460938,144.20443725585938,52.9356689453125,88.00312042236328,99.13866424560547,121.37000274658203,65.38892364501953,13.728395462036133
2019-04-29,263.39410400390625,182.5262908935547,144.8968963623047,53.1507682800293,87.82034301757812,98.50609588623047,120.83000183105469,64.74858856201172,13.736959457397461
2019-04-30,263.5284118652344,181.11209106445312,144.22267150878906,53.18263626098633,87.99482727050781,99.01054382324219,121.19999694824219,65.36631774902344,13.779778480529785
2019-05-01,261.54754638671875,180.52923583984375,142.85597229003906,52.879913330078125,87.954833984375,99.41898345947266,120.4000015258789,65.41905975341797,13.736959457397461
2019-05-02,260.98297119140625,179.7456512451172,143.5211181640625,52.800254821777344,87.70503997802734,98.94554901123047,119.94000244140625,65.48685455322266,13.582801818847656
2019-05-03,263.5374755859375,182.61228942871094,146.26361083984375,53.36585235595703,87.82162475585938,99.22642517089844,120.6500015258789,66.0443115234375,13.5913667678833
2019-05-06,262.4529724121094,181.4943389892578,146.42762756347656,52.76042175292969,88.04645538330078,99.49921417236328,120.80999755859375,65.83338165283203,13.634187698364258
2019-05-07,258.070068359375,177.95887756347656,143.5302276611328,51.83633804321289,88.34619903564453,100.26152038574219,121.20999908447266,64.64313507080078,13.462904930114746
2019-05-08,257.7115478515625,177.50975036621094,142.82861328125,51.90007019042969,88.17967987060547,99.82821655273438,120.91000366210938,64.5753173828125,13.480032920837402
2019-05-09,256.9317321777344,176.55418395996094,142.30926513671875,51.661075592041016,88.41278839111328,100.23741912841797,121.19999694824219,64.74105834960938,13.411519050598145
2019-05-10,258.22247314453125,176.77394104003906,142.70108032226562,52.04345703125,88.35450744628906,100.10103607177734,121.43000030517578,65.43412780761719,13.437211036682129
2019-05-13,251.7332000732422,170.63941955566406,138.15457153320312,50.83258819580078,88.79576873779297,100.88740539550781,122.66999816894531,65.36631774902344,13.368697166442871
2019-05-14,254.0098114013672,172.5122528076172,139.894775390625,51.342430114746094,88.71253204345703,100.59051513671875,122.45999908447266,65.6073989868164,13.548545837402344
2019-05-15,255.49766540527344,174.9488983154297,140.35035705566406,51.52565002441406,88.99562072753906,101.20834350585938,122.38999938964844,66.05187225341797,13.668444633483887
2019-05-16,257.8638916015625,176.7070770263672,141.2250518798828,51.93989944458008,88.82075500488281,100.87137603759766,121.51000213623047,66.31551361083984,13.745521545410156
2019-05-17,256.19677734375,174.901123046875,139.2570037841797,51.597347259521484,88.86239624023438,101.09603118896484,120.6500015258789,66.18745422363281,13.617058753967285
2019-05-20,254.5028076171875,171.94851684570312,138.29122924804688,51.390228271484375,88.71253204345703,100.88740539550781,120.63999938964844,65.2307357788086,13.677008628845215
2019-05-21,256.79730224609375,173.74490356445312,140.1499481201172,51.73277282714844,88.61258697509766,100.72689056396484,120.36000061035156,65.78819274902344,13.685571670532227
2019-05-22,256.0086364746094,172.97091674804688,138.97459411621094,51.52565002441406,88.87901306152344,101.30464935302734,120.23999786376953,65.98404693603516,13.488595962524414
2019-05-23,252.8804473876953,170.32411193847656,136.11363220214844,51.05564880371094,89.42022705078125,102.444091796875,121.16999816894531,66.13471984863281,13.205978393554688
2019-05-24,253.4541778564453,170.2381134033203,137.38919067382812,51.60531997680664,89.39523315429688,102.53234100341797,121.30000305175781,66.33810424804688,13.38582706451416
2019-05-28,251.09690856933594,169.59786987304688,136.29583740234375,51.10344314575195,89.78656768798828,103.27054595947266,120.83000183105469,65.68270874023438,13.497160911560059
2019-05-29,249.41188049316406,168.20281982421875,135.1569366455078,50.776832580566406,89.75324249267578,103.58350372314453,120.87000274658203,64.8088607788086,13.445775985717773
2019-05-30,250.09298706054688,168.90992736816406,134.7833709716797,50.968013763427734,90.07795715332031,104.47416687011719,121.69000244140625,65.0800552368164,13.308748245239258
2019-05-31,246.7229766845703,166.21530151367188,132.89735412597656,50.505977630615234,90.67745208740234,105.7821273803711,123.33000183105469,65.45671844482422,12.95761775970459
2019-06-03,246.09555053710938,162.5556182861328,133.36199951171875,50.80073547363281,91.11369323730469,106.48968505859375,125.11000061035156,65.61492156982422,12.914796829223633
2019-06-04,251.43746948242188,167.13258361816406,136.81520080566406,51.382259368896484,90.7800521850586,105.2755355834961,125.1500015258789,65.32113647460938,12.991874694824219
2019-06-05,253.61537170410156,168.3748321533203,136.84254455566406,51.3663330078125,90.7800521850586,104.68058776855469,125.47000122070312,66.68465423583984,12.726383209228516
2019-06-06,255.26475524902344,169.71253967285156,136.48716735839844,51.573448181152344,90.76333618164062,105.01822662353516,125.87999725341797,66.81271362304688,12.949051856994629
2019-06-07,257.81903076171875,172.99005126953125,137.45298767089844,52.2266845703125,91.1220703125,105.92682647705078,126.58999633789062,67.06128692626953,12.991874694824219
2019-06-10,259.002197265625,175.0062713623047,138.26388549804688,52.37007522583008,90.67159271240234,104.92981719970703,125.33000183105469,66.84285736083984,12.95761775970459
2019-06-11,258.9394226074219,175.24510192871094,137.85389709472656,52.632965087890625,90.67159271240234,104.99413299560547,125.18000030517578,67.02364349365234,13.043258666992188
2019-06-12,258.4823913574219,174.23226928710938,138.00880432128906,52.24261474609375,90.90515899658203,105.07449340820312,125.83000183105469,67.2496566772461,12.863411903381348
2019-06-13,259.54888916015625,175.2642059326172,139.46658325195312,52.290409088134766,91.13043212890625,105.4364013671875,126.5999984741211,67.53589630126953,13.026130676269531
2019-06-14,259.2620544433594,174.51890563964844,138.24571228027344,51.90803527832031,91.19715881347656,105.70172119140625,126.55999755859375,67.57357025146484,13.077516555786133
2019-06-17,259.3607177734375,175.5699920654297,139.19927978515625,51.94546890258789,91.18050384521484,105.88666534423828,126.4800033569336,68.2967529296875,13.017565727233887
2019-06-18,262.0764465332031,178.1212615966797,140.8177032470703,52.637203216552734,91.35565948486328,106.41731262207031,127.12000274658203,68.22896575927734,13.171721458435059
2019-06-19,262.6680908203125,178.79014587402344,141.32058715820312,52.962730407714844,91.60592651367188,106.57010650634766,127.88999938964844,68.59807586669922,13.146029472351074
2019-06-20,265.177734375,180.45281982421875,141.988037109375,53.426605224609375,91.75605010986328,106.8515396118164,131.11000061035156,68.94463348388672,13.411519050598145
2019-06-21,264.7921447753906,180.18524169921875,140.76284790039062,53.198734283447266,91.38066101074219,105.67757415771484,131.97999572753906,67.97284698486328,13.445775985717773
2019-06-24,264.4678955078125,180.1909942626953,139.05308532714844,53.31267166137695,91.69770050048828,106.4655990600586,133.94000244140625,67.73930358886719,13.505724906921387
2019-06-25,261.8741455078125,177.0977325439453,138.20265197753906,52.99528121948242,91.83953094482422,106.79522705078125,134.1999969482422,66.73739624023438,13.548545837402344
2019-06-26,261.61285400390625,177.9213409423828,137.8826904296875,53.060386657714844,91.46412658691406,106.11180877685547,132.97000122070312,65.40399932861328,13.617058753967285
2019-06-27,262.54052734375,178.60130310058594,140.47024536132812,53.19059753417969,91.73941040039062,106.85955047607422,132.83999633789062,66.24593353271484,13.617058753967285
2019-06-28,263.89154052734375,178.8311309814453,142.18008422851562,53.49170684814453,91.78109741210938,106.78716278076172,133.1999969482422,66.47412872314453,13.471467971801758
2019-07-01,266.28729248046875,181.244384765625,142.7287139892578,53.74398422241211,91.6657943725586,106.5374526977539,130.6199951171875,66.44369506835938,13.462904930114746
2019-07-02,266.9808044433594,181.96261596679688,141.8600311279297,53.89861297607422,91.9917221069336,107.35916137695312,133.41000366210938,67.59976959228516,13.240235328674316
2019-07-03,269.1153564453125,183.3320770263672,142.8749542236328,54.264827728271484,92.16718292236328,108.12454986572266,133.6300048828125,68.40597534179688,13.368697166442871
2019-07-05,268.80914306640625,182.95858764648438,143.25897216796875,53.84977722167969,91.58221435546875,106.69049835205078,132.13999938964844,68.16259765625,13.394392013549805
2019-07-08,267.3320007324219,181.67535400390625,141.8966522216797,53.5405387878418,91.49029541015625,106.83555603027344,131.2899932861328,68.40597534179688,13.377262115478516
2019-07-09,267.665283203125,182.58511352539062,142.088623046875,53.31267166137695,91.4317626953125,106.79524230957031,131.75,68.63414001464844,13.420083045959473
2019-07-10,268.9442443847656,184.40460205078125,142.33551025390625,53.49984359741211,91.48192596435547,106.20711517333984,133.8300018310547,69.0296401977539,13.711265563964844
2019-07-11,269.5746765136719,184.2705535888672,141.64059448242188,53.48357009887695,91.03068542480469,104.7891845703125,132.6999969482422,68.13215637207031,13.719830513000488
2019-07-12,270.7815246582031,185.33355712890625,142.73780822753906,53.548683166503906,91.13091278076172,104.9100570678711,133.52999877929688,68.04090118408203,13.754085540771484
2019-07-15,270.8716125488281,185.92723083496094,141.988037109375,53.597503662109375,91.32315063476562,105.5143051147461,133.52999877929688,67.98765563964844,13.60849666595459
2019-07-16,269.9979248046875,184.96961975097656,141.9423828125,53.377769470214844,91.12255859375,105.20010375976562,132.39999389648438,67.82793426513672,13.462904930114746
2019-07-17,268.1606140136719,184.05990600585938,140.92745971679688,53.30453109741211,91.54879760742188,106.3360366821289,134.5800018310547,67.59976959228516,13.343005180358887
2019-07-18,269.142333984375,184.2705535888672,141.457763671875,53.46728515625,91.7744140625,106.34405517578125,136.47999572753906,67.59976959228516,13.248799324035645
2019-07-19,267.6472473144531,182.92025756835938,140.64402770996094,53.31267166137695,91.6072769165039,106.09435272216797,134.47000122070312,66.49693298339844,13.325878143310547
2019-07-22,268.30474853515625,184.37591552734375,140.51596069335938,53.36963653564453,91.64906311035156,106.29579162597656,134.4499969482422,66.43607330322266,13.283056259155273
2019-07-23,270.2231750488281,185.58250427246094,141.44857788085938,53.703304290771484,91.4986572265625,105.71571350097656,133.69000244140625,67.18904113769531,13.368697166442871
2019-07-24,271.49310302734375,186.8849334716797,143.78927612304688,53.74398422241211,91.63233947753906,106.17486572265625,134.3699951171875,67.2423095703125,13.308748245239258
2019-07-25,270.1961669921875,185.11329650878906,142.0520477294922,53.198734283447266,91.4735336303711,105.66738891601562,133.4199981689453,66.84679412841797,13.257362365722656
2019-07-26,272.0064392089844,187.0189971923828,143.73446655273438,53.30453109741211,91.45687103271484,105.91712188720703,133.63999938964844,67.15103149414062,13.274491310119629
2019-07-29,271.51104736328125,186.37741088867188,142.77438354492188,53.41846466064453,91.54044342041016,105.9493408203125,134.52999877929688,67.33357238769531,13.325878143310547
2019-07-30,270.8446044921875,185.572998046875,144.31961059570312,52.79996871948242,91.58221435546875,106.20711517333984,134.97999572753906,67.87356567382812,13.402955055236816
2019-07-31,267.8813781738281,183.00645446777344,143.14926147460938,52.45002746582031,91.81620788574219,107.06110382080078,133.2100067138672,67.60738372802734,13.317314147949219
2019-08-01,265.5487976074219,182.0966796875,141.07369995117188,52.30354309082031,92.85761260986328,109.18739318847656,136.41000366210938,67.60738372802734,12.949051856994629
2019-08-02,263.54937744140625,179.41531372070312,139.51022338867188,51.83967208862305,93.05017852783203,110.19638061523438,135.88999938964844,67.93441009521484,12.966181755065918
2019-08-05,255.62356567382812,173.07565307617188,135.32249450683594,50.54571533203125,93.8538589477539,112.10148620605469,137.7899932861328,66.59581756591797,12.854846954345703
2019-08-06,259.2080993652344,175.49850463867188,136.5660400390625,50.88751220703125,94.00454711914062,112.99761962890625,138.91000366210938,67.33357238769531,12.786334037780762
2019-08-07,259.36126708984375,176.4465789794922,136.5294952392578,51.08283233642578,94.00454711914062,113.03791046142578,141.02000427246094,67.98765563964844,12.623613357543945
2019-08-08,264.4499816894531,180.28672790527344,139.4736328125,51.57925033569336,94.0129165649414,113.28004455566406,141.72999572753906,69.18177032470703,12.69212532043457
2019-08-09,262.64862060546875,178.59169006347656,137.7180633544922,51.22117614746094,93.87055969238281,113.0540542602539,141.25999450683594,69.09809112548828,12.803462028503418
2019-08-12,259.4513244628906,176.5422821044922,135.93515014648438,50.81427764892578,94.46498107910156,115.41122436523438,142.6300048828125,68.9155502319336,12.709254264831543
2019-08-13,263.4862060546875,180.4112548828125,137.39805603027344,51.29441833496094,94.13008117675781,115.01569366455078,141.77999877929688,69.01444244384766,13.009001731872559
2019-08-14,255.69566345214844,175.01966857910156,133.5578155517578,49.88652801513672,94.75799560546875,117.60692596435547,142.75,67.96485137939453,12.812026023864746
2019-08-15,256.3711242675781,174.81861877441406,133.02752685546875,50.05742645263672,95.3607177734375,118.91462707519531,143.6999969482422,68.6417465209961,12.709254264831543
2019-08-16,260.1538391113281,177.62448120117188,135.8985137939453,50.6596565246582,95.10960388183594,117.96208190917969,142.77999877929688,69.34909057617188,12.700690269470215
2019-08-19,263.2881164550781,180.4495391845703,137.27008056640625,50.968902587890625,94.65751647949219,116.27495574951172,141.11000061035156,69.85105895996094,12.760641098022461
2019-08-20,261.2707214355469,179.05137634277344,136.3740234375,50.79798889160156,95.07610321044922,117.47771453857422,142.2100067138672,69.35669708251953,12.79489803314209
2019-08-21,263.396240234375,180.64108276367188,137.4986572265625,51.15608215332031,94.82494354248047,116.69471740722656,141.75999450683594,69.64570617675781,12.837718963623047
2019-08-22,263.3150634765625,180.05686950683594,137.17861938476562,51.05841827392578,94.61566162109375,115.91978454589844,141.39999389648438,69.96514129638672,12.777769088745117
2019-08-23,256.5511779785156,174.35890197753906,132.97262573242188,50.42364501953125,95.25192260742188,117.82487487792969,144.1699981689453,68.9840087890625,12.683563232421875
2019-08-26,259.3883056640625,176.99249267578125,134.4356231689453,50.83868408203125,95.15983581542969,117.34859466552734,144.19000244140625,69.51640319824219,12.674999237060547
2019-08-27,258.3705749511719,176.61891174316406,132.4423370361328,50.79798889160156,95.5700454711914,119.15679931640625,145.57000732421875,69.31865692138672,12.760641098022461
2019-08-28,260.18988037109375,177.25100708007812,133.987548828125,50.79798889160156,95.60350036621094,119.31016540527344,145.16000366210938,69.54682922363281,12.87197494506836
2019-08-29,263.5133361816406,179.96116638183594,136.33743286132812,51.237457275390625,95.4193344116211,118.85812377929688,144.1199951171875,70.08685302734375,12.906232833862305
2019-08-30,263.396240234375,179.53016662597656,136.09054565429688,51.44091033935547,95.4444351196289,118.89042663574219,143.75,70.14008331298828,12.700690269470215
2019-09-03,261.85601806640625,177.78726196289062,134.0972900390625,51.34325408935547,95.65406799316406,119.04405975341797,145.75,70.83981323242188,12.632177352905273
2019-09-04,264.8282165527344,180.3538055419922,135.17620849609375,52.067535400390625,95.80503845214844,119.22193145751953,146.66000366210938,71.43305969238281,12.931924819946289
2019-09-05,268.2327575683594,183.65765380859375,137.6906280517578,52.34423828125,95.03357696533203,117.06283569335938,143.13999938964844,70.91584777832031,12.914796829223633
2019-09-06,268.4398498535156,183.47569274902344,137.0597686767578,52.515132904052734,95.0922622680664,117.895751953125,141.9199981689453,71.07559967041016,12.949051856994629
2019-09-09,268.5748596191406,183.0926971435547,138.8975372314453,52.66975784301758,94.50526428222656,115.80126190185547,141.38999938964844,70.73331451416016,13.068951606750488
2019-09-10,268.5118713378906,182.56594848632812,140.67140197753906,52.75928497314453,93.81767272949219,113.77154541015625,140.17999267578125,70.00318145751953,13.086080551147461
2019-09-11,270.4212646484375,184.28005981445312,143.55160522460938,53.052249908447266,93.72539520263672,113.56934356689453,141.02999877929688,70.07923889160156,12.991874694824219
2019-09-12,271.35797119140625,185.04627990722656,143.58816528320312,53.36150360107422,93.51578521728516,112.82537841796875,141.32000732421875,70.45191955566406,12.9404878616333
2019-09-13,271.1778259277344,184.38548278808594,143.83505249023438,53.6626091003418,92.66043853759766,110.41556549072266,140.14999389648438,69.69895935058594,12.9404878616333
2019-09-16,270.3401794433594,183.56190490722656,144.3744659423828,53.182456970214844,93.06291961669922,111.8226547241211,141.32000732421875,70.30740356445312,13.514288902282715
2019-09-17,271.0247497558594,184.4429473876953,143.99961853027344,53.36150360107422,93.30615234375,112.42915344238281,141.60000610351562,71.06798553466797,13.257362365722656
2019-09-18,271.18682861328125,184.36634826660156,143.1127166748047,53.296390533447266,93.33966064453125,112.90624237060547,140.7100067138672,70.82460021972656,13.171721458435059
2019-09-19,271.16876220703125,184.67276000976562,142.4178009033203,53.475425720214844,93.38159942626953,113.2458724975586,141.27999877929688,71.07559967041016,13.240235328674316
2019-09-20,269.8875427246094,182.71913146972656,142.1160430908203,53.35335922241211,93.91826629638672,114.74197387695312,142.9499969482422,71.07559967041016,13.257362365722656
2019-09-23,269.8241882324219,182.7997589111328,142.00633239746094,53.21501159667969,94.05245971679688,114.71771240234375,143.75,71.18966674804688,13.291620254516602
2019-09-24,267.7070007324219,180.3720245361328,139.86289978027344,53.011566162109375,94.52205657958984,116.1005630493164,144.50999450683594,71.03175354003906,13.137465476989746
2019-09-25,269.2904968261719,182.3967742919922,141.395263671875,52.856937408447266,93.90150451660156,114.40231323242188,141.8300018310547,71.16974639892578,13.060386657714844
2019-09-26,268.7294006347656,181.7250518798828,139.81703186035156,53.052249908447266,94.10277557373047,115.13817596435547,141.7899932861328,71.76771545410156,13.060386657714844
2019-09-27,267.2817687988281,179.4700164794922,138.69766235351562,52.873207092285156,94.2369384765625,115.4212417602539,141.05999755859375,71.36905670166016,13.009001731872559
2019-09-30,268.521240234375,181.17807006835938,138.86280822753906,53.06852340698242,94.31238555908203,115.7042465209961,138.8699951171875,71.49174499511719,12.880538940429688
2019-10-01,265.32733154296875,179.7003631591797,136.1376495361328,52.547691345214844,94.5735855102539,116.0526351928711,139.6300048828125,70.81707000732422,12.87197494506836
2019-10-02,260.64044189453125,176.61048889160156,135.10997009277344,51.47346878051758,94.90115356445312,116.33611297607422,141.25999450683594,70.51807403564453,12.760641098022461
2019-10-03,262.7757568359375,178.54885864257812,135.55963134765625,51.81525802612305,95.39663696289062,117.39733123779297,141.89999389648438,71.20040893554688,12.743513107299805
2019-10-04,266.33172607421875,181.17807006835938,136.84417724609375,52.222164154052734,95.58139038085938,118.26412963867188,141.89999389648438,71.6297378540039,12.846282958984375
2019-10-07,265.18255615234375,180.63108825683594,136.6056365966797,52.15705871582031,95.26224517822266,117.28387451171875,140.69000244140625,71.47642517089844,12.829154014587402
2019-10-08,261.065673828125,177.9251251220703,134.38514709472656,51.66878128051758,95.46381378173828,117.59984588623047,141.9199981689453,71.1007308959961,12.820590019226074
2019-10-09,263.5447692871094,179.66192626953125,134.99986267089844,52.04311752319336,95.22026062011719,116.9355697631836,142.0500030517578,71.23872375488281,12.854846954345703
2019-10-10,265.32733154296875,181.05332946777344,135.541259765625,52.40933609008789,94.62401580810547,115.1939468383789,140.80999755859375,71.35375213623047,12.9404878616333
2019-10-11,268.0780029296875,183.3851318359375,137.8351593017578,53.3452262878418,93.97730255126953,113.76814270019531,140.02999877929688,71.32308197021484,13.094643592834473
2019-10-14,267.7794189453125,183.36590576171875,137.3304443359375,53.12549591064453,94.2376480102539,114.59442138671875,140.58999633789062,71.35375213623047,13.03469467163086
2019-10-15,270.4304504394531,185.6977081298828,138.9086456298828,53.74398422241211,93.78414154052734,113.2092056274414,139.61000061035156,71.44574737548828,13.00043773651123
2019-10-16,269.9962463378906,185.2371063232422,139.0554656982422,53.82536315917969,93.96891021728516,113.34693145751953,140.41000366210938,71.45340728759766,13.017565727233887
2019-10-17,270.7924499511719,185.72647094726562,140.69789123535156,53.9555778503418,93.93531799316406,113.0714340209961,140.61000061035156,71.92108154296875,13.068951606750488
2019-10-18,269.60711669921875,183.941650390625,140.02810668945312,53.9311637878418,94.01933288574219,113.0714340209961,140.4600067138672,72.47306823730469,13.060386657714844
2019-10-21,271.4348449707031,185.57296752929688,141.34019470214844,54.22414016723633,93.67496490478516,112.22091674804688,139.7899932861328,73.02508544921875,13.043258666992188
2019-10-22,270.5481262207031,184.09521484375,141.4961700439453,54.093936920166016,93.89334106445312,112.8770523071289,140.1999969482422,72.81041717529297,13.060386657714844
2019-10-23,271.3352355957031,184.45025634765625,141.6704864501953,54.386898040771484,93.9269027709961,112.9905014038086,140.52999877929688,72.97140502929688,13.223106384277344
2019-10-24,271.77874755859375,186.24462890625,141.4686737060547,54.48455047607422,93.91017150878906,112.76370239257812,141.52999877929688,72.78742980957031,13.291620254516602
2019-10-25,272.8915710449219,187.7320098876953,142.22105407714844,54.54152297973633,93.70853424072266,112.21281433105469,141.86000061035156,72.16639709472656,13.368697166442871
2019-10-28,274.4297790527344,189.58401489257812,143.4505615234375,54.78565979003906,93.3558120727539,111.19207763671875,140.63999938964844,71.72940826416016,13.317314147949219
2019-10-29,274.3482971191406,188.11582946777344,143.9185333251953,54.7693977355957,93.4398422241211,111.2650375366211,140.25,72.16639709472656,13.291620254516602
2019-10-30,275.1897888183594,189.02745056152344,143.44139099121094,54.997249603271484,93.89334106445312,112.89322662353516,141.02000427246094,72.42708587646484,13.205978393554688
2019-10-31,274.4568786621094,189.1138153076172,142.6339111328125,54.867042541503906,94.4896011352539,114.4162826538086,142.42999267578125,72.29673767089844,13.128899574279785
2019-11-01,276.9993896484375,190.8314208984375,145.06549072265625,55.35533142089844,94.311279296875,114.06401824951172,142.55999755859375,72.28141784667969,13.368697166442871
2019-11-04,278.11236572265625,192.01174926757812,145.84539794921875,55.640174865722656,93.83186340332031,112.562744140625,142.14999389648438,71.77540588378906,13.454339981079102
2019-11-05,277.8047180175781,192.1172637939453,146.02891540527344,55.534366607666016,93.32726287841797,111.29685974121094,139.85000610351562,70.556396484375,13.488595962524414
2019-11-06,277.8680725097656,191.6854705810547,145.18475341796875,55.50994873046875,93.59636688232422,111.97034454345703,140.4499969482422,70.70974731445312,13.343005180358887
2019-11-07,278.84521484375,192.32835388183594,145.5701141357422,55.680850982666016,92.84779357910156,109.94161987304688,138.27000427246094,70.00440216064453,13.334441184997559
2019-11-08,279.5329284667969,193.0960693359375,145.96466064453125,55.64829635620117,92.72158813476562,109.4791030883789,137.38999938964844,69.83572387695312,13.368697166442871
2019-11-11,278.9991455078125,192.8369903564453,145.68942260742188,55.575069427490234,92.82259368896484,109.5521240234375,137.05999755859375,69.98906707763672,13.283056259155273
2019-11-12,279.5872497558594,193.39353942871094,145.7352752685547,55.5994758605957,92.86460876464844,110.05525207519531,137.42999267578125,69.4600830078125,13.291620254516602
2019-11-13,279.6777038574219,193.4414825439453,145.111328125,55.404170989990234,93.11692810058594,110.76939392089844,137.97999572753906,70.09640502929688,13.317314147949219
2019-11-14,280.08489990234375,193.2879638671875,145.06549072265625,55.249534606933594,93.58793640136719,111.91352844238281,138.55999755859375,70.64073181152344,13.274491310119629
2019-11-15,282.1116943359375,194.70816040039062,145.81788635253906,55.5994758605957,93.51228332519531,111.7918701171875,138.2100067138672,71.02405548095703,13.343005180358887
2019-11-18,282.3196716308594,194.8616485595703,145.45086669921875,55.664573669433594,93.67207336425781,111.99463653564453,138.6199951171875,71.36905670166016,13.205978393554688
2019-11-19,282.23828125,195.14955139160156,145.99221801757812,55.59133529663086,93.84867858886719,112.927978515625,138.69000244140625,71.49174499511719,13.086080551147461
2019-11-20,281.188720703125,193.97886657714844,145.4416961669922,55.241397857666016,94.19356536865234,114.09650421142578,138.75999450683594,71.45340728759766,13.257362365722656
2019-11-21,280.7362365722656,193.5470428466797,144.72596740722656,55.168155670166016,93.95804595947266,113.38240814208984,138.0,70.4490737915039,13.377262115478516
2019-11-22,281.360595703125,193.67181396484375,145.17556762695312,55.322776794433594,93.94121551513672,113.52841186523438,137.74000549316406,70.18840789794922,13.368697166442871
2019-11-25,283.5411682128906,195.96519470214844,148.25856018066406,55.762237548828125,93.98329162597656,113.8612060546875,137.0800018310547,70.41072845458984,13.368697166442871
2019-11-26,284.18365478515625,196.33944702148438,148.35948181152344,55.72969055175781,94.159912109375,114.52658081054688,137.74000549316406,71.34606170654297,13.445775985717773
2019-11-27,285.45037841796875,197.71157836914062,149.405517578125,55.87617111206055,93.91600799560547,114.19386291503906,137.00999450683594,71.68342590332031,13.377262115478516
2019-11-29,284.3917236328125,196.80963134765625,148.4329376220703,55.48553466796875,93.8403091430664,113.950439453125,137.86000061035156,71.35375213623047,13.111772537231445
2019-12-02,281.97589111328125,194.79452514648438,146.98313903808594,55.20071029663086,93.50334930419922,112.43115997314453,137.7899932861328,70.27275085449219,13.094643592834473
2019-12-03,280.08489990234375,193.26876831054688,146.51519775390625,54.997249603271484,94.33726501464844,114.78853607177734,139.11000061035156,70.72505950927734,13.103208541870117
2019-12-04,281.81304931640625,194.24754333496094,147.5244903564453,55.50181579589844,93.9750747680664,113.642333984375,138.9199981689453,71.01641082763672,13.308748245239258
2019-12-05,282.3196716308594,194.63136291503906,147.67135620117188,55.39602279663086,93.75603485107422,113.08952331542969,139.0,71.05475616455078,13.334441184997559
2019-12-06,284.89849853515625,196.71365356445312,149.39634704589844,55.90058517456055,93.46967315673828,112.46363067626953,137.6199951171875,71.20040893554688,13.420083045959473
2019-12-09,284.0027160644531,195.82125854492188,149.11187744140625,55.60761260986328,93.54546356201172,112.70746612548828,137.5800018310547,71.33842468261719,13.402955055236816
2019-12-10,283.6860656738281,195.6581268310547,149.20364379882812,55.63202667236328,93.43594360351562,112.71566772460938,137.97000122070312,70.92440032958984,13.462904930114746
2019-12-11,284.4913024902344,196.69447326660156,149.1577606201172,55.92500305175781,93.8234634399414,113.6016845703125,138.9199981689453,70.20374298095703,13.402955055236816
2019-12-12,286.9432373046875,198.16262817382812,150.44236755371094,56.299354553222656,93.08222198486328,111.73204040527344,138.42999267578125,69.25308227539062,13.522852897644043
2019-12-13,287.11529541015625,198.81517028808594,149.86428833007812,56.68998336791992,93.62969970703125,113.02452850341797,139.0500030517578,69.26840209960938,13.5913667678833
2019-12-16,289.0877685546875,200.8110809326172,150.92059326171875,57.29568862915039,93.19170379638672,112.00840759277344,139.0399932861328,69.76673126220703,13.685571670532227
2019-12-17,289.15106201171875,200.9261932373047,151.6757354736328,56.966495513916016,93.20013427734375,111.85399627685547,139.00999450683594,69.10740661621094,13.745521545410156
2019-12-18,289.1692199707031,201.07974243164062,151.970458984375,56.89243698120117,92.94746398925781,110.93539428710938,139.02000427246094,69.94973754882812,13.754085540771484
2019-12-19,290.3544616699219,202.3368377685547,152.624267578125,56.89243698120117,93.01998138427734,111.11288452148438,139.3800048828125,70.56964111328125,13.814034461975098
2019-12-20,291.6275329589844,203.15243530273438,152.84530639648438,56.93358612060547,93.01998138427734,111.25946044921875,139.52000427246094,70.95708465576172,13.796907424926758
2019-12-23,292.0729064941406,203.68907165527344,153.1492156982422,57.02410888671875,92.9356689453125,111.09659576416016,139.9499969482422,70.60063934326172,13.800387382507324
2019-12-24,292.08209228515625,203.79483032226562,153.49913024902344,56.966495513916016,93.09590911865234,111.4141845703125,141.27000427246094,70.78658294677734,13.861298561096191
2019-12-26,293.6368713378906,205.59310913085938,153.49913024902344,57.21339797973633,93.23087310791016,111.6828384399414,142.3800048828125,71.09656524658203,13.965713500976562
2019-12-27,293.5641174316406,205.4200897216797,152.74400329589844,57.3121452331543,93.36585998535156,111.80500793457031,142.3300018310547,71.32129669189453,13.99181842803955
2019-12-30,291.94573974609375,204.07371520996094,152.35719299316406,56.88420867919922,93.30680847167969,111.39793395996094,142.6300048828125,71.39102935791016,13.965713500976562
2019-12-31,292.6549377441406,204.45835876464844,152.5690155029297,57.147560119628906,92.96936798095703,110.30681610107422,142.89999389648438,71.9024658203125,13.878700256347656
2020-01-02,295.3917541503906,207.8722686767578,152.6703338623047,57.723636627197266,93.3995590209961,111.55255889892578,143.9499969482422,71.05781555175781,13.896102905273438
2020-01-03,293.1549987792969,205.96815490722656,152.07177734375,57.00764083862305,94.02373504638672,113.27046966552734,145.86000061035156,71.49950408935547,14.061429023742676
2020-01-06,294.27337646484375,207.2952423095703,152.2743682861328,57.22985076904297,93.92253875732422,112.62724304199219,147.38999938964844,71.58473205566406,14.087533950805664
2020-01-07,293.4458923339844,207.26644897460938,151.76780700683594,57.073486328125,93.78754425048828,112.0736083984375,147.97000122070312,70.78658294677734,14.078832626342773
2020-01-08,295.0098571777344,208.82431030273438,152.23751831054688,57.23807907104492,93.56822204589844,111.3327407836914,146.86000061035156,71.00357055664062,13.869998931884766
2020-01-09,297.0102844238281,210.59375,152.4216766357422,57.36975860595703,93.63571166992188,111.72352600097656,146.02999877929688,70.96482849121094,13.809089660644531
2020-01-10,296.15557861328125,210.0552520751953,151.85072326660156,57.155784606933594,93.83817291259766,112.71687316894531,146.91000366210938,71.50721740722656,13.809089660644531
2020-01-13,298.1922912597656,212.47862243652344,152.8361358642578,57.45204162597656,93.72852325439453,112.3749008178711,145.82000732421875,72.36738586425781,13.704672813415527
2020-01-14,297.73773193359375,211.64195251464844,153.3978729248047,57.50966262817383,93.91407012939453,112.95297241210938,145.69000244140625,72.09618377685547,13.765583038330078
2020-01-15,298.41046142578125,211.7284698486328,154.1345977783203,57.50966262817383,94.1502914428711,113.70201110839844,146.5399932861328,72.7470932006836,13.695972442626953
2020-01-16,300.89288330078125,213.7576141357422,156.12379455566406,57.74834060668945,93.95626831054688,113.34379577636719,146.30999755859375,73.32823944091797,13.678569793701172
2020-01-17,301.8292541503906,214.8154296875,155.7001495361328,57.9211540222168,93.88036346435547,112.3749008178711,146.5800018310547,73.39798736572266,13.722075462341309
2020-01-21,301.23834228515625,214.71929931640625,154.41085815429688,57.46028518676758,94.25152587890625,113.55546569824219,146.74000549316406,74.09539794921875,13.643763542175293
2020-01-22,301.2747497558594,215.2866668701172,154.3095703125,57.57550048828125,94.26832580566406,113.95445251464844,146.7899932861328,73.59947204589844,13.461034774780273
2020-01-23,301.620361328125,215.97911071777344,154.20826721191406,57.43559646606445,94.50454711914062,114.7523193359375,147.1199951171875,74.2193832397461,13.347916603088379
2020-01-24,298.9379577636719,214.16148376464844,152.3112030029297,57.188697814941406,94.84190368652344,115.6805419921875,147.97999572753906,73.96367645263672,13.147784233093262
2020-01-27,294.14605712890625,209.73788452148438,150.579833984375,56.00362777709961,95.48299407958984,117.47989654541016,148.99000549316406,73.60720825195312,12.904145240783691
2020-01-28,297.2285461425781,212.95944213867188,151.83229064941406,56.53032302856445,95.16244506835938,116.55982971191406,147.66000366210938,73.90167999267578,12.965056419372559
2020-01-29,296.9830322265625,213.3056182861328,150.9665985107422,56.538551330566406,95.61793518066406,117.69967651367188,148.4600067138672,73.63046264648438,12.904145240783691
2020-01-30,297.94677734375,214.0653533935547,150.9665985107422,56.489173889160156,95.71072387695312,117.71598815917969,148.47000122070312,73.68467712402344,12.791028022766113
2020-01-31,292.5367736816406,210.67068481445312,147.83547973632812,55.534523010253906,96.19152069091797,118.79069519042969,149.3300018310547,72.78582000732422,12.686612129211426
2020-02-03,294.7098083496094,213.85379028320312,149.48399353027344,55.666202545166016,96.10956573486328,118.69451141357422,148.36000061035156,73.02605438232422,12.451675415039062
2020-02-04,299.2015686035156,218.74864196777344,151.74017333984375,56.59614944458008,95.55213165283203,117.0960464477539,146.42999267578125,73.77771759033203,12.469077110290527
2020-02-05,302.6567687988281,219.46986389160156,154.07936096191406,57.13932800292969,95.13826751708984,115.81565856933594,146.61000061035156,73.82416534423828,12.660507202148438
2020-02-06,303.67510986328125,221.36434936523438,153.7293701171875,57.29568862915039,95.2058334350586,116.33750915527344,147.39999389648438,74.0721664428711,12.712715148925781
2020-02-07,302.0566711425781,220.4123077392578,151.841552734375,56.75251388549805,95.66193389892578,117.78926849365234,147.7899932861328,74.05665588378906,12.643104553222656
2020-02-10,304.3116149902344,223.0760955810547,152.6979217529297,56.86774826049805,95.8477554321289,118.11551666259766,148.1699981689453,74.88578796386719,12.529986381530762
2020-02-11,304.8390197753906,223.1145477294922,153.7570343017578,57.25453186035156,95.61966705322266,117.52011108398438,147.66000366210938,75.45146942138672,12.573493957519531
2020-02-12,306.80303955078125,225.28790283203125,154.8160858154297,57.45204162597656,95.37480163574219,116.92483520507812,147.5399932861328,75.90090942382812,12.747520446777344
2020-02-13,306.4756164550781,224.99940490722656,155.22128295898438,57.048789978027344,95.45923614501953,117.3732681274414,148.3800048828125,76.35811614990234,12.75622272491455
2020-02-14,306.96673583984375,225.64376831054688,154.6226806640625,56.95002746582031,95.69571685791016,117.88713073730469,149.0,77.14848327636719,12.747520446777344
2020-02-18,306.17559814453125,225.73025512695312,154.2911376953125,56.587928771972656,95.8477554321289,118.69451141357422,150.91000366210938,77.06324768066406,12.843235969543457
2020-02-19,307.6394958496094,227.89404296875,155.08314514160156,56.77721405029297,95.83084869384766,118.6863021850586,151.7899932861328,76.0248794555664,12.965056419372559
2020-02-20,306.3756103515625,225.77835083007812,155.46070861816406,56.439796447753906,96.10956573486328,119.61609649658203,152.41000366210938,76.93152618408203,12.912846565246582
2020-02-21,303.2205505371094,221.44131469726562,153.8859405517578,56.17644500732422,96.49810791015625,120.73332977294922,154.6999969482422,77.15624237060547,12.860638618469238
2020-02-24,293.1641845703125,212.90171813964844,149.25372314453125,53.929710388183594,97.24982452392578,122.53571319580078,156.08999633789062,76.10237121582031,12.617000579833984
2020-02-25,284.28057861328125,207.112548828125,143.94923400878906,53.0408935546875,97.52011108398438,123.18817138671875,153.3000030517578,74.0411605834961,12.382062911987305
2020-02-26,283.2350158691406,208.18002319335938,142.2823486328125,53.10673141479492,97.46944427490234,122.53571319580078,153.97000122070312,73.24302673339844,12.260244369506836
2020-02-27,270.5144348144531,197.755615234375,137.2725067138672,51.53485107421875,97.94242095947266,123.86504364013672,154.0,69.34530639648438,12.051411628723145
2020-02-28,269.3778076171875,197.9094696044922,134.75845336914062,51.22211837768555,99.0404281616211,126.66239929199219,148.3800048828125,67.6715316772461,11.84257698059082
2020-03-02,281.04364013671875,208.12228393554688,139.08673095703125,51.880496978759766,98.97278594970703,125.73046875,149.1999969482422,70.56187438964844,12.112320899963379
2020-03-03,272.9967041015625,201.4484100341797,136.2502899169922,51.460777282714844,100.12281036376953,127.68246459960938,153.88999938964844,70.39913940429688,12.13842487335205
2020-03-04,284.4715576171875,209.85328674316406,140.12744140625,52.99974822998047,99.90299987792969,126.32672119140625,154.16000366210938,73.05704498291016,12.147125244140625
2020-03-05,275.0152282714844,203.47747802734375,135.67015075683594,51.59245681762695,100.79088592529297,129.4712371826172,157.49000549316406,71.49175262451172,12.016606330871582
2020-03-06,270.4689025878906,200.0443572998047,132.9810333251953,50.81885528564453,101.8140869140625,136.2094268798828,157.5500030517578,70.25965881347656,11.625042915344238
2020-03-09,249.34678649902344,186.1484375,120.0512924194336,46.876792907714844,102.72736358642578,139.9010772705078,157.80999755859375,64.8431625366211,10.720099449157715
2020-03-10,262.24920654296875,196.28427124023438,123.7994613647461,48.605045318603516,100.84162139892578,132.73004150390625,154.47999572753906,67.58269500732422,11.059453964233398
2020-03-11,249.46498107910156,187.73512268066406,115.92556762695312,46.12788772583008,99.83533477783203,127.8458480834961,153.92999267578125,63.52180480957031,10.859321594238281
2020-03-12,225.5968475341797,170.5214080810547,103.11557006835938,41.058345794677734,99.88603210449219,128.63815307617188,147.7899932861328,57.08684539794922,10.4242525100708
2020-03-13,244.88229370117188,184.9655303955078,110.02246856689453,43.543739318847656,99.23494720458984,125.73046875,143.27999877929688,62.069244384765625,10.537370681762695
2020-03-16,218.08636474609375,162.80892944335938,95.42586517333984,39.05027389526367,101.85637664794922,133.87344360351562,141.63999938964844,51.065792083740234,9.902170181274414
2020-03-17,229.86129760742188,175.1566162109375,99.80023956298828,40.95135498046875,99.30255889892578,124.94639587402344,143.55999755859375,54.01774597167969,9.745545387268066
2020-03-18,218.22271728515625,169.8290252685547,92.06450653076172,38.605873107910156,97.92422485351562,117.89785766601562,140.6999969482422,48.879146575927734,9.423593521118164
2020-03-19,218.6864776611328,170.84837341308594,95.6561050415039,39.206642150878906,98.2455062866211,121.10765838623047,138.0399932861328,49.05095291137695,9.623725891113281
2020-03-20,209.2623748779297,164.1552276611328,93.3814468383789,38.72108459472656,100.74862670898438,130.2144317626953,140.11000061035156,46.60660934448242,9.519309043884277
2020-03-23,203.91184997558594,164.27371215820312,92.00005340576172,38.26844787597656,101.94098663330078,135.58050537109375,146.3000030517578,44.44340896606445,9.632427215576172
2020-03-24,222.38694763183594,176.9947052001953,100.41726684570312,41.51097869873047,101.24752044677734,133.0567169189453,153.39999389648438,48.44181442260742,9.84126091003418
2020-03-25,225.71615600585938,175.68409729003906,101.6653060913086,42.86066818237305,101.3067398071289,132.75460815429688,151.3000030517578,51.0501708984375,10.006587028503418
2020-03-26,238.89566040039062,184.9356689453125,107.98877716064453,44.7782096862793,101.55194854736328,133.40792846679688,153.24000549316406,54.65030288696289,9.971780776977539
2020-03-27,231.78005981445312,178.57516479492188,104.05970764160156,43.502586364746094,102.3045425415039,136.9689178466797,152.25,54.704978942871094,9.936975479125977
2020-03-30,239.30723571777344,185.0706024169922,106.35245513916016,44.3831672668457,102.54132843017578,135.841796875,152.9199981689453,55.899810791015625,9.910871505737305
2020-03-31,235.74026489257812,183.49012756347656,105.81622314453125,43.996376037597656,102.72736358642578,134.73922729492188,148.0500030517578,54.54877471923828,9.78905200958252
2020-04-01,225.13076782226562,175.69369506835938,98.60530090332031,42.04591751098633,103.14566040039062,136.6269989013672,149.4499969482422,50.96426010131836,9.510608673095703
2020-04-02,230.32579040527344,179.25942993164062,99.53899383544922,42.868892669677734,103.16254425048828,137.49403381347656,151.89999389648438,51.13606643676758,9.693338394165039
2020-04-03,226.9966278076172,176.71522521972656,96.71932983398438,41.889549255371094,103.2387466430664,137.82127380371094,152.64999389648438,50.3941650390625,9.936975479125977
2020-04-06,242.24310302734375,189.34945678710938,104.12443542480469,44.11158752441406,102.77313232421875,137.46128845214844,156.8800048828125,54.127071380615234,9.98918342590332
2020-04-07,242.4900665283203,189.2723388671875,104.39251708984375,44.358482360839844,102.31588745117188,136.02171325683594,156.0399932861328,54.62688446044922,10.058795928955078
2020-04-08,250.63009643554688,193.29104614257812,109.15361785888672,44.7205924987793,102.18891906738281,135.0320281982422,154.64999389648438,58.35198211669922,10.032690048217773
2020-04-09,254.44406127929688,193.57052612304688,114.37692260742188,45.732852935791016,102.40904998779297,135.27748107910156,158.69000244140625,61.624122619628906,10.058795928955078
2020-04-13,252.12088012695312,195.6617431640625,111.2799072265625,45.29668045043945,102.18891906738281,134.04234313964844,161.41000366210938,59.03139114379883,10.23282241821289
2020-04-14,259.5565490722656,204.1713104248047,113.53565216064453,46.10319900512695,102.32439422607422,134.00961303710938,162.67999267578125,60.68698501586914,10.145808219909668
2020-04-15,254.0415802001953,201.8294677734375,108.90398406982422,44.66298294067383,103.2387466430664,137.5594482421875,161.85000610351562,58.281673431396484,9.936975479125977
2020-04-16,255.26712036132812,205.51084899902344,108.08123016357422,44.68767547607422,103.34880065917969,139.12173461914062,161.7100067138672,57.617889404296875,9.910871505737305
2020-04-17,262.1632995605469,207.47683715820312,112.8423080444336,45.87276840209961,103.077880859375,137.25685119628906,158.57000732421875,59.43748474121094,9.954378128051758
2020-04-20,257.5445556640625,205.0193634033203,111.51103973388672,45.189693450927734,103.34880065917969,138.36097717285156,159.6999969482422,57.2274169921875,9.78905200958252
2020-04-21,249.72457885742188,197.45425415039062,108.84852600097656,44.309112548828125,103.63665771484375,140.10316467285156,158.61000061035156,56.18876266479492,9.327878952026367
2020-04-22,255.26712036132812,203.3135986328125,110.17054748535156,45.058013916015625,103.31493377685547,138.67189025878906,161.72999572753906,57.04779815673828,9.458399772644043
2020-04-23,255.2488250732422,202.8799591064453,111.25220489501953,44.91810607910156,103.38269805908203,139.4080047607422,163.33999633789062,56.57143020629883,9.432295799255371
2020-04-24,258.8066711425781,206.07943725585938,113.1658935546875,45.43658447265625,103.4080581665039,139.73513793945312,162.63999938964844,56.81352615356445,9.310476303100586
2020-04-27,262.53826904296875,207.7369842529297,117.64959716796875,46.037353515625,102.85772705078125,137.13414001464844,161.55999755859375,58.758052825927734,9.136449813842773
2020-04-28,261.33099365234375,203.82435607910156,119.35989379882812,46.38301086425781,103.30644989013672,138.71266174316406,160.83999633789062,59.24224853515625,9.145151138305664
2020-04-29,268.1722717285156,211.05218505859375,125.23038482666016,47.54340744018555,103.25567626953125,137.9928741455078,161.72999572753906,60.13251876831055,9.310476303100586
2020-04-30,265.6754150390625,210.9654541015625,120.46927642822266,46.55583190917969,103.01014709472656,136.38165283203125,158.8000030517578,59.43748474121094,9.484503746032715
2020-05-01,258.6421203613281,205.0193634033203,115.6896743774414,45.543575286865234,103.15255737304688,137.549560546875,159.77999877929688,57.43045425415039,9.362685203552246
2020-05-04,259.3554992675781,207.40936279296875,116.18891906738281,45.52711868286133,103.16951751708984,136.9025115966797,160.33999633789062,57.14932632446289,9.475802421569824
2020-05-05,261.7518005371094,209.76083374023438,117.0856704711914,45.609405517578125,103.09321594238281,136.0261688232422,161.02000427246094,57.43045425415039,9.719441413879395
2020-05-06,259.9773864746094,211.05218505859375,116.22591400146484,45.313140869140625,102.71179962158203,133.83131408691406,158.9499969482422,56.399620056152344,9.528010368347168
2020-05-07,263.1144104003906,213.76983642578125,117.81600189208984,45.996212005615234,103.3390121459961,136.06712341308594,161.38999938964844,57.20399475097656,9.588919639587402
2020-05-08,267.46807861328125,216.6995086669922,122.36444854736328,46.778038024902344,102.99996948242188,134.2981414794922,160.4199981689453,58.56282424926758,9.78905200958252
2020-05-11,267.5229187011719,218.6365509033203,121.75430297851562,46.73689270019531,102.71179962158203,133.24977111816406,159.4199981689453,57.71159744262695,9.658531188964844
2020-05-12,262.1907653808594,214.05897521972656,117.38151550292969,46.14433670043945,103.05081176757812,134.61753845214844,160.0399932861328,55.08763885498047,9.580219268798828
2020-05-13,257.5537109375,211.3798065185547,113.45248413085938,45.790470123291016,103.2626953125,135.559326171875,161.5800018310547,53.752227783203125,9.484503746032715
2020-05-14,260.6358642578125,213.7794952392578,113.822265625,45.35429000854492,103.42377471923828,136.88612365722656,163.00999450683594,53.93965148925781,9.649829864501953
2020-05-15,261.83404541015625,215.167236328125,115.63424682617188,45.39543914794922,103.35591125488281,136.53395080566406,163.92999267578125,53.72880172729492,9.745545387268066
2020-05-18,269.8094177246094,219.1762237548828,122.66029357910156,47.230674743652344,102.72028350830078,133.53646850585938,162.69000244140625,56.907230377197266,10.0239896774292
2020-05-19,267.0382080078125,218.62692260742188,120.23815155029297,46.58052062988281,103.00845336914062,134.0360565185547,164.25999450683594,56.14191818237305,9.997884750366211
2020-05-20,271.5745544433594,222.99252319335938,123.88062286376953,47.5516357421875,103.03384399414062,134.4373321533203,164.64999389648438,56.64170837402344,10.17191219329834
2020-05-21,269.6997375488281,220.56393432617188,124.10247802734375,47.000240325927734,103.10171508789062,134.7731170654297,162.25,56.68855285644531,10.128406524658203
2020-05-22,270.2118835449219,221.32530212402344,124.70342254638672,46.86857223510742,103.296630859375,135.58396911621094,163.2100067138672,57.453887939453125,10.050093650817871
2020-05-26,273.5409851074219,220.72781372070312,128.2996368408203,48.21002197265625,103.02544403076172,133.76585388183594,160.88999938964844,59.601478576660156,10.154509544372559
2020-05-27,277.61102294921875,221.9324188232422,132.2841796875,48.79433059692383,103.11017608642578,133.5200958251953,161.17999267578125,60.788516998291016,10.0239896774292
2020-05-28,277.09881591796875,221.64334106445312,129.1501922607422,49.25520324707031,103.01696014404297,133.02865600585938,161.72000122070312,61.077449798583984,10.076197624206543
2020-05-29,278.33355712890625,224.8909912109375,128.41058349609375,49.082374572753906,103.34747314453125,133.97869873046875,162.91000366210938,60.46831512451172,10.250225067138672
2020-06-01,279.45849609375,225.56565856933594,129.64013671875,50.176937103271484,103.3067398071289,133.07667541503906,163.66000366210938,61.86619186401367,10.311136245727539
2020-06-02,281.7724304199219,227.0786590576172,130.7125701904297,50.646034240722656,103.13707733154297,132.5928192138672,162.60000610351562,62.36601257324219,10.4242525100708
2020-06-03,285.5224304199219,228.10020446777344,133.8650360107422,51.85580825805664,102.52621459960938,130.82969665527344,159.60000610351562,64.36521911621094,10.4242525100708
2020-06-04,284.77239990234375,226.50039672851562,133.67086791992188,51.63360595703125,102.1190414428711,128.9354248046875,161.27999877929688,63.72483825683594,10.511266708374023
2020-06-05,292.07098388671875,230.9913330078125,138.8386993408203,52.52241134643555,101.6100082397461,128.0170135498047,158.00999450683594,66.1379623413086,10.720099449157715
2020-06-08,295.6015319824219,232.7838592529297,141.52896118164062,53.20549392700195,101.72029876708984,128.50904846191406,159.72000122070312,67.77793884277344,10.650487899780273
2020-06-09,293.397216796875,234.47032165527344,138.91273498535156,52.514190673828125,102.0851058959961,129.96873474121094,161.25999450683594,66.65338134765625,10.685294151306152
2020-06-10,291.760009765625,237.2843475341797,135.14080810546875,52.39897537231445,102.8486328125,131.89576721191406,163.57000732421875,64.958740234375,10.754904747009277
2020-06-11,274.94036865234375,225.52706909179688,124.83283996582031,49.592620849609375,103.21341705322266,134.3887176513672,162.38999938964844,60.788516998291016,10.40684986114502
2020-06-12,278.23284912109375,227.31961059570312,127.82809448242188,50.448516845703125,102.98441314697266,133.09310913085938,162.6199951171875,62.96733474731445,10.450357437133789
2020-06-15,280.8304748535156,230.0854034423828,130.7835693359375,50.65550994873047,102.8995132446289,133.16688537597656,162.3300018310547,63.857608795166016,10.546072006225586
2020-06-16,286.2357177734375,234.03663635253906,133.92811584472656,51.2815055847168,102.68743133544922,131.12501525878906,162.25,65.11492919921875,10.633086204528809
2020-06-17,285.046875,234.77867126464844,131.507080078125,51.473480224609375,102.8486328125,131.6661834716797,162.55999755859375,64.16997528076172,10.580877304077148
2020-06-18,285.1565246582031,235.41470336914062,131.460693359375,51.19804382324219,103.07768249511719,133.06024169921875,162.24000549316406,63.467124938964844,10.6417875289917
2020-06-19,283.52691650390625,235.3761749267578,130.7835693359375,50.9476432800293,103.11163330078125,133.16688537597656,164.02999877929688,62.545623779296875,10.728800773620605
2020-06-22,285.34576416015625,238.198974609375,132.0914306640625,51.556941986083984,103.01830291748047,133.183349609375,165.08999633789062,62.483158111572266,10.8419189453125
2020-06-23,286.6593933105469,240.22630310058594,132.6479949951172,51.840728759765625,102.98441314697266,132.2730255126953,166.47999572753906,62.2254524230957,10.789710998535156
2020-06-24,279.3470458984375,235.27383422851562,128.3439178466797,50.51362228393555,103.1794662475586,133.69171142578125,165.89999389648438,60.452701568603516,10.519968032836914
2020-06-25,282.3418884277344,237.51353454589844,130.28257751464844,51.23142623901367,103.1964340209961,134.07713317871094,165.8000030517578,61.224815368652344,10.615682601928711
2020-06-26,275.6358337402344,231.90467834472656,126.77622985839844,50.48857116699219,103.47643280029297,135.51220703125,166.5399932861328,60.049678802490234,10.485161781311035
2020-06-29,279.68707275390625,234.43392944335938,130.9226531982422,50.89756393432617,103.57820892333984,135.08580017089844,166.6300048828125,61.20905303955078,10.659189224243164
2020-06-30,283.2696228027344,239.02923583984375,132.8149871826172,50.805747985839844,103.3916015625,134.42970275878906,167.3699951171875,61.93462371826172,10.711398124694824
2020-07-01,285.2538757324219,241.8191680908203,131.55345153808594,50.997711181640625,103.23025512695312,134.1686553955078,166.6199951171875,63.36210632324219,10.798412322998047
2020-07-02,286.8248596191406,243.46031188964844,132.0914306640625,51.556941986083984,103.35760498046875,134.30825805664062,166.97999572753906,63.18072509765625,10.8419189453125
2020-07-06,291.2526550292969,249.44570922851562,133.04689025878906,52.39995193481445,103.20480346679688,133.75808715820312,167.97999572753906,63.14918899536133,10.928933143615723
2020-07-07,288.2486572265625,247.7273406982422,130.69073486328125,51.63206100463867,103.53594207763672,135.63827514648438,169.0399932861328,61.895198822021484,10.937634468078613
2020-07-08,290.45330810546875,250.9903106689453,131.66476440429688,52.06609344482422,103.37458038330078,135.09640502929688,170.08999633789062,61.808441162109375,11.076855659484863
2020-07-09,288.7998352050781,253.10447692871094,129.00253295898438,51.473480224609375,103.7057876586914,137.24740600585938,169.6300048828125,61.4219970703125,10.946335792541504
2020-07-10,291.74859619140625,254.8325653076172,131.08033752441406,52.02435302734375,103.50198364257812,136.55776977539062,169.19000244140625,61.61128616333008,11.015947341918945
2020-07-13,289.2223815917969,249.59051513671875,129.419921875,51.690494537353516,103.61236572265625,137.00936889648438,169.39999389648438,60.8777961730957,10.902828216552734
2020-07-14,292.9703063964844,251.35716247558594,131.56268310546875,52.450035095214844,103.60387420654297,137.20628356933594,170.19000244140625,61.39044952392578,10.955038070678711
2020-07-15,295.6620788574219,251.86875915527344,136.38626098632812,53.04264450073242,103.5699462890625,136.56600952148438,170.33999633789062,61.989837646484375,11.085556983947754
2020-07-16,294.68829345703125,250.15045166015625,135.57925415039062,52.700435638427734,103.6463394165039,137.21458435058594,168.72999572753906,61.24847412109375,10.998544692993164
2020-07-17,295.5425720214844,250.4400634765625,135.97811889648438,53.009246826171875,103.62081909179688,136.92723083496094,170.1199951171875,62.0450439453125,11.015947341918945
2020-07-20,297.9310607910156,257.5453186035156,135.39373779296875,53.26799392700195,103.68880462646484,137.26388549804688,170.94000244140625,61.30367660522461,11.007245063781738
2020-07-21,298.56494140625,254.861572265625,137.31387329101562,53.376502990722656,103.79914093017578,137.34600830078125,173.0,61.453529357910156,11.163869857788086
2020-07-22,300.2643127441406,255.75930786132812,137.3881378173828,53.51839828491211,103.83313751220703,137.7563934326172,175.6300048828125,62.39207077026367,11.233480453491211
2020-07-23,296.6816711425781,249.07887268066406,137.52723693847656,53.09272003173828,103.93507385253906,139.3656463623047,177.17999267578125,62.13179397583008,11.207376480102539
2020-07-24,294.77099609375,246.71368408203125,135.5050506591797,52.80059051513672,103.88404083251953,139.35739135742188,178.6999969482422,61.67436981201172,11.22477912902832
2020-07-27,296.9205627441406,251.1158447265625,136.9149932861328,53.49335479736328,103.72274017333984,138.84022521972656,182.22999572753906,62.25797653198242,11.329197883605957
2020-07-28,295.037353515625,247.92041015625,135.55145263671875,53.15114974975586,103.96900939941406,139.80078125,183.75,63.496192932128906,11.26828670501709
2020-07-29,298.66595458984375,250.7779541015625,138.53831481933594,53.71036148071289,104.10485076904297,139.56271362304688,185.1300048828125,64.72652435302734,11.329197883605957
2020-07-30,297.6003723144531,252.09085083007812,137.99102783203125,52.917442321777344,104.24922943115234,140.48214721679688,183.75999450683594,64.30855560302734,11.198676109313965
2020-07-31,299.9519958496094,256.589599609375,136.69235229492188,51.790645599365234,104.27470397949219,140.391845703125,185.42999267578125,64.19023132324219,11.259584426879883
2020-08-03,302.0373840332031,260.0552673339844,138.91864013671875,52.80059051513672,104.22367858886719,139.68495178222656,185.63999938964844,63.338462829589844,11.372703552246094
2020-08-04,303.2039794921875,261.02069091796875,139.8740234375,53.09272003173828,104.58060455322266,141.01657104492188,189.58999633789062,64.28487396240234,11.433613777160645
2020-08-05,305.0871887207031,261.6674499511719,142.65687561035156,53.26799392700195,104.23219299316406,139.78367614746094,191.35000610351562,63.961524963378906,11.529328346252441
2020-08-06,307.12652587890625,265.1331787109375,142.60122680664062,53.32642364501953,104.35120391845703,140.56446838378906,193.88999938964844,64.06404113769531,11.616342544555664
2020-08-07,307.3470764160156,262.0728454589844,144.86459350585938,53.109405517578125,104.13021087646484,139.62744140625,190.80999755859375,64.97891998291016,11.459716796875
2020-08-10,308.26568603515625,260.95306396484375,146.36734008789062,53.28469467163086,104.019775390625,139.00283813476562,190.14999389648438,65.08143615722656,11.520626068115234
2020-08-11,305.72100830078125,256.0103454589844,145.52322387695312,53.47665786743164,103.66280364990234,137.35076904296875,179.94000244140625,64.14291381835938,11.337897300720215
2020-08-12,309.9834289550781,262.4493713378906,146.11688232421875,54.66188049316406,103.35684967041016,136.10142517089844,179.10000610351562,64.78962707519531,11.459716796875
2020-08-13,309.4230651855469,263.0479736328125,145.810791015625,54.41981887817383,103.14441680908203,134.64666748046875,183.3300018310547,63.99306869506836,11.520626068115234
2020-08-14,309.4323425292969,262.7390441894531,145.718017578125,54.085968017578125,103.19541931152344,134.12063598632812,182.5399932861328,64.00096893310547,11.520626068115234
2020-08-17,310.415283203125,265.78961181640625,146.46934509277344,54.49494552612305,103.36532592773438,134.45761108398438,186.5,64.521484375,11.712057113647461
2020-08-18,311.0857849121094,268.347900390625,145.0686492919922,54.46156692504883,103.54380798339844,135.4192352294922,188.17999267578125,64.21390533447266,11.738160133361816
2020-08-19,309.7905578613281,266.5426330566406,145.0779571533203,54.21950912475586,103.40785217285156,134.57276916503906,182.24000549316406,63.08608627319336,11.70335578918457
2020-08-20,310.7551574707031,270.2401123046875,144.48428344726562,54.04423522949219,103.70526885986328,135.7891387939453,183.5,63.68548583984375,11.685953140258789
2020-08-21,311.8575134277344,272.11285400390625,143.41757202148438,53.76879119873047,103.78179168701172,136.60284423828125,182.02999877929688,63.78800582885742,11.572834968566895
2020-08-24,315.0176696777344,273.81201171875,144.92027282714844,54.4782600402832,103.63728332519531,136.38082885742188,181.0,64.19810485839844,11.633745193481445
2020-08-25,316.1199645996094,275.9647216796875,145.0779571533203,54.511634826660156,103.39086151123047,135.33706665039062,181.22000122070312,64.3637466430664,11.729458808898926
2020-08-26,319.2893371582031,281.8536376953125,144.1688995361328,54.828819274902344,103.348388671875,134.8192596435547,183.36000061035156,63.77224349975586,11.755563735961914
2020-08-27,319.9874267578125,280.97509765625,144.52142333984375,54.26958465576172,102.98291778564453,132.5261688232422,181.24000549316406,64.71077728271484,11.712057113647461
2020-08-28,322.0542907714844,282.4039306640625,145.74583435058594,54.65353775024414,103.15288543701172,132.427490234375,184.38999938964844,65.13664245605469,11.790369033813477
2020-08-31,320.8876037597656,284.6725769042969,144.1781768798828,54.236202239990234,103.26335906982422,133.3069305419922,184.8300018310547,64.4741439819336,11.781667709350586
2020-09-01,323.9100036621094,289.5380554199219,145.82933044433594,54.29462432861328,103.60186767578125,134.83164978027344,185.0500030517578,64.521484375,11.799071311950684
2020-09-02,328.59503173828125,292.2798156738281,146.9888153076172,55.020790100097656,103.7464599609375,136.1152801513672,182.6199951171875,65.72028350830078,11.642446517944336
2020-09-03,317.2867126464844,277.46124267578125,142.64759826660156,53.77714538574219,103.88249969482422,136.50209045410156,181.13999938964844,64.93160247802734,11.538029670715332
2020-09-04,314.6960754394531,273.76373291015625,141.73855590820312,53.85225296020508,103.30419921875,133.9100799560547,181.63999938964844,64.59244537353516,11.433613777160645
2020-09-08,306.09765625,260.6055603027344,139.01138305664062,53.19287872314453,103.52532196044922,134.73291015625,181.2899932861328,63.80379867553711,11.155167579650879
2020-09-09,312.142333984375,268.2610778808594,141.11703491210938,54.186119079589844,103.47429656982422,134.3708953857422,183.0500030517578,64.4347152709961,11.259584426879883
2020-09-10,306.722412109375,262.9128112792969,139.28041076660156,53.55178451538086,103.60186767578125,135.05384826660156,182.4600067138672,63.64604949951172,11.146467208862305
2020-09-11,306.8785400390625,261.0882263183594,138.35281372070312,54.085968017578125,103.7634506225586,135.34185791015625,182.4499969482422,63.29115295410156,11.22477912902832
2020-09-14,310.9205017089844,265.6351623535156,141.9983367919922,54.37809371948242,103.66990661621094,135.3335723876953,183.88999938964844,64.83695983886719,11.233480453491211
2020-09-15,312.49139404296875,269.4002685546875,142.26730346679688,54.72865676879883,103.61885833740234,135.00445556640625,183.4499969482422,65.61772918701172,11.294389724731445
2020-09-16,311.25128173828125,265.104248046875,143.61236572265625,54.72865676879883,103.55934143066406,134.60128784179688,183.97000122070312,65.96477508544922,11.50322437286377
2020-09-17,308.51373291015625,260.9627380371094,142.5641632080078,54.80378723144531,103.59337615966797,135.01271057128906,182.9600067138672,64.67922973632812,11.633745193481445
2020-09-18,304.96185302734375,257.6321716308594,142.19309997558594,54.36139678955078,103.49981689453125,134.59310913085938,183.1999969482422,63.22018051147461,11.685953140258789
2020-09-21,301.5677185058594,258.2499694824219,137.2118377685547,52.984214782714844,103.68695831298828,135.27601623535156,179.52000427246094,61.319461822509766,11.398807525634766
2020-09-22,304.6390686035156,263.0479736328125,138.26931762695312,52.9675178527832,103.68695831298828,135.16908264160156,178.64999389648438,62.05293273925781,11.346599578857422
2020-09-23,297.57415771484375,255.0159149169922,134.14999389648438,52.52515411376953,103.68695831298828,135.3500518798828,174.7899932861328,60.18376541137695,11.216078758239746
2020-09-24,298.3673400878906,256.20343017578125,134.14999389648438,52.475067138671875,103.73796081542969,135.86843872070312,175.44000244140625,60.50712966918945,11.26828670501709
2020-09-25,303.1911315917969,262.1597900390625,136.32876586914062,52.65035629272461,103.82298278808594,135.86843872070312,174.94000244140625,61.75493621826172,11.26828670501709
2020-09-28,308.22686767578125,267.6046447753906,139.69024658203125,53.44327926635742,103.80599212646484,135.48165893554688,176.6999969482422,63.018646240234375,11.36400318145752
2020-09-29,306.54827880859375,266.3978271484375,139.05706787109375,53.38484573364258,103.88249969482422,135.6380157470703,178.19000244140625,62.56562423706055,11.233480453491211
2020-09-30,308.8725280761719,268.222412109375,139.47608947753906,53.12610626220703,103.60186767578125,134.33795166015625,177.1199951171875,62.75636291503906,11.36400318145752
2020-10-01,310.85546875,272.4797668457031,141.70150756835938,53.43492889404297,103.66059875488281,134.55955505371094,178.6999969482422,64.01213836669922,11.22477912902832
2020-10-02,307.9040832519531,264.8146057128906,142.32537841796875,53.32642364501953,103.55844116210938,134.0570831298828,178.5399932861328,65.11691284179688,11.085556983947754
2020-10-05,313.3641052246094,270.4621887207031,146.25482177734375,54.13604736328125,102.90320587158203,131.43771362304688,179.41000366210938,65.49044799804688,11.372703552246094
2020-10-06,308.909423828125,265.6351623535156,145.83578491210938,53.560123443603516,103.14146423339844,132.14613342285156,177.3000030517578,65.06124114990234,11.416210174560547
2020-10-07,314.2864685058594,270.2303466796875,149.02027893066406,54.01919937133789,102.84361267089844,131.18238830566406,177.22000122070312,65.15663146972656,11.459716796875
2020-10-08,317.07177734375,271.6688232421875,150.71498107910156,54.3947868347168,103.03083801269531,131.8907928466797,177.85000610351562,66.24549102783203,11.572834968566895
2020-10-09,319.90338134765625,275.8199768066406,151.49713134765625,54.820465087890625,102.97978973388672,131.8660125732422,181.0800018310547,65.98320007324219,11.607640266418457
2020-10-12,325.0498046875,284.33477783203125,152.51210021972656,55.137638092041016,103.0904312133789,132.28611755371094,180.55999755859375,66.29315948486328,11.485820770263672
2020-10-13,322.92852783203125,284.32489013671875,151.49713134765625,54.519989013671875,103.32015991210938,133.23342895507812,177.72000122070312,65.15663146972656,11.51192569732666
2020-10-14,320.8994140625,281.9502258300781,149.9980010986328,54.42818069458008,103.35421752929688,133.5381622314453,178.27000427246094,64.36185455322266,11.59023666381836
2020-10-15,320.5027770996094,280.0580139160156,151.54367065429688,53.78549575805664,103.24359130859375,133.30755615234375,178.9199981689453,64.6956558227539,11.625042915344238
2020-10-16,320.30914306640625,278.5231018066406,151.1712646484375,54.035884857177734,103.18401336669922,132.9368438720703,178.3000030517578,64.23468780517578,11.546731948852539
2020-10-19,315.4393310546875,273.97607421875,149.36483764648438,53.83556365966797,103.01382446289062,132.43441772460938,178.38999938964844,63.23323059082031,11.555432319641113
2020-10-20,316.702880859375,274.56500244140625,149.69068908691406,54.10265350341797,102.79256439208984,131.17416381835938,179.25,63.68627166748047,11.685953140258789
2020-10-21,316.1033935546875,274.3526306152344,148.40576171875,53.84391784667969,102.65641021728516,130.7211151123047,180.60000610351562,63.495521545410156,11.59023666381836
2020-10-22,317.8373107910156,274.3429260253906,150.96641540527344,53.88564682006836,102.29895782470703,129.36204528808594,178.8300018310547,63.487571716308594,11.625042915344238
2020-10-23,318.91644287109375,274.8836364746094,151.84169006347656,54.236202239990234,102.44364166259766,130.15267944335938,178.63999938964844,63.86907196044922,11.538029670715332
2020-10-26,313.02294921875,270.7613220214844,148.56405639648438,53.2596549987793,102.71597290039062,131.3636016845703,178.5500030517578,62.955074310302734,11.372703552246094
2020-10-27,311.9437255859375,272.8755798339844,147.28836059570312,52.84232711791992,102.94571685791016,132.24496459960938,179.02000427246094,61.94568634033203,11.451016426086426
2020-10-28,301.281982421875,262.23699951171875,142.7537078857422,51.26481246948242,102.93721771240234,132.36846923828125,176.1300048828125,60.46739959716797,11.146467208862305
2020-10-29,304.3439636230469,266.82269287109375,144.45770263671875,51.50686264038086,102.50323486328125,131.0835418701172,175.39999389648438,61.27804946899414,11.007245063781738
2020-10-30,301.17120361328125,260.0552673339844,142.54885864257812,51.239768981933594,102.1713638305664,129.79037475585938,176.1999969482422,60.87273025512695,11.007245063781738
2020-11-02,304.546875,260.634521484375,145.09083557128906,51.90749740600586,102.34676361083984,130.7624969482422,177.91000366210938,62.327171325683594,11.207376480102539
2020-11-03,309.9239196777344,265.14288330078125,149.20655822753906,53.26799392700195,102.11682891845703,130.00389099121094,178.9199981689453,63.527313232421875,11.276987075805664
2020-11-04,316.8504943847656,276.978515625,149.3740997314453,53.85225296020508,102.97686767578125,132.82388305664062,178.82000732421875,63.63859939575195,11.398807525634766
2020-11-05,323.0299377441406,284.19952392578125,153.5549774169922,55.14597702026367,102.95983123779297,133.0548095703125,182.92999267578125,63.940589904785156,11.451016426086426
2020-11-06,322.9560852050781,284.41192626953125,152.3538055419922,55.26283645629883,102.61072540283203,131.44688415527344,183.19000244140625,63.50347137451172,11.40750789642334
2020-11-09,327.0142822265625,278.6003723144531,157.87550354003906,56.87372970581055,101.85285949707031,128.6845703125,175.0800018310547,65.75270080566406,11.546731948852539
2020-11-10,326.5348205566406,273.6093444824219,160.80859375,57.38286590576172,101.5633316040039,127.94244384765625,175.66000366210938,66.71441650390625,11.772965431213379
2020-11-11,328.9603576660156,279.7298583984375,160.74339294433594,57.86697006225586,101.7251205444336,128.4041748046875,174.89999389648438,66.96875762939453,11.764266014099121
2020-11-12,325.7691955566406,278.4168395996094,158.27584838867188,57.02397537231445,102.30419158935547,130.58938598632812,175.9600067138672,66.09447479248047,11.668549537658691
2020-11-13,330.2792663574219,280.8593444824219,161.55349731445312,57.900360107421875,102.16790008544922,130.41616821289062,177.16000366210938,67.85890197753906,11.616342544555664
2020-11-16,334.4019775390625,283.0506896972656,165.3991241455078,58.50130844116211,102.09126281738281,130.10279846191406,177.14999389648438,68.62189483642578,11.720758438110352
2020-11-17,332.60357666015625,282.1529235839844,166.17201232910156,58.44289779663086,102.3552474975586,130.95220947265625,176.5,68.68547821044922,11.755563735961914
2020-11-18,328.6007080078125,280.0676574707031,163.8441162109375,58.134071350097656,102.3211669921875,131.3314971923828,175.49000549316406,67.3502426147461,11.772965431213379
2020-11-19,329.9841613769531,282.2591552734375,165.1011962890625,58.54304885864258,102.43191528320312,132.0076446533203,175.16000366210938,67.61251831054688,11.772965431213379
2020-11-20,327.7245178222656,280.3283386230469,165.27809143066406,58.71831512451172,102.61072540283203,133.1785125732422,175.69000244140625,67.24691772460938,11.83387565612793
2020-11-23,329.6890563964844,280.3380126953125,168.36947631835938,58.64320755004883,102.40634155273438,132.56838989257812,172.22999572753906,67.37407684326172,11.868682861328125
2020-11-24,335.00152587890625,284.2767333984375,171.53536987304688,59.51960754394531,102.24455261230469,131.24900817871094,169.58999633789062,67.73174285888672,12.12102222442627
2020-11-25,334.4850769042969,286.0241394042969,170.94876098632812,59.44447326660156,102.27863311767578,130.84494018554688,169.50999450683594,67.77147674560547,12.225438117980957
2020-11-27,335.4165344238281,288.65960693359375,171.67501831054688,59.85346984863281,102.58516693115234,132.11485290527344,167.7899932861328,67.46945190429688,12.199335098266602
2020-11-30,333.9316711425781,289.24853515625,168.5557098388672,58.5513916015625,102.51703643798828,131.94989013671875,166.6699981689453,66.7620849609375,12.12972354888916
2020-12-01,337.583984375,292.95562744140625,170.1200408935547,59.92858123779297,101.97173309326172,130.00442504882812,170.17999267578125,67.62047576904297,12.094917297363281
2020-12-02,338.2941589355469,293.33209228515625,170.2969512939453,59.93693161010742,101.80130004882812,128.9725799560547,171.4600067138672,67.08797454833984,12.147125244140625
2020-12-03,338.2019348144531,293.7471618652344,171.2560272216797,60.03708267211914,102.07400512695312,130.0126953125,172.80999755859375,67.65227508544922,12.164527893066406
2020-12-04,341.1164855957031,294.9442138671875,175.24131774902344,60.546234130859375,101.6734619140625,128.1059112548828,172.32000732421875,68.68547821044922,12.216736793518066
2020-12-07,340.4154357910156,296.6143493652344,175.408935546875,60.05379104614258,101.98877716064453,129.26153564453125,174.88999938964844,68.08938598632812,12.216736793518066
2020-12-08,341.41156005859375,297.6182861328125,177.6622772216797,60.26243591308594,102.09097290039062,129.872314453125,175.5,67.85094451904297,12.234139442443848
2020-12-09,338.34954833984375,290.8799133300781,176.3679962158203,60.345916748046875,101.94613647460938,129.443115234375,172.5,67.42971801757812,12.242840766906738
2020-12-10,338.23876953125,292.048095703125,178.07200622558594,60.429378509521484,102.17620849609375,130.5904541015625,172.1699981689453,67.13565826416016,12.425570487976074
2020-12-11,337.84222412109375,291.4013366699219,177.19674682617188,60.245758056640625,102.38072967529297,131.05270385742188,172.49000549316406,67.07208251953125,12.390764236450195
2020-12-14,336.3296813964844,293.5155029296875,177.40408325195312,60.2828369140625,102.32105255126953,130.68948364257812,171.5399932861328,66.7779769897461,12.425570487976074
2020-12-15,340.8766174316406,296.6529846191406,181.84083557128906,60.8980598449707,102.21882629394531,130.25201416015625,173.94000244140625,68.14502716064453,12.521286010742188
2020-12-16,341.41156005859375,298.2845153808594,181.18698120117188,61.1340217590332,102.13361358642578,129.90533447265625,174.89999389648438,68.22451782226562,12.590896606445312
2020-12-17,343.32073974609375,300.23455810546875,183.34463500976562,61.56382751464844,102.0594253540039,129.56158447265625,176.74000549316406,68.88418579101562,12.73882007598877
2020-12-18,341.9499816894531,299.32708740234375,182.457275390625,61.24357986450195,101.97418975830078,129.17323303222656,176.44000244140625,67.5012435913086,12.782326698303223
2020-12-21,340.7272644042969,298.7671813964844,182.36390686035156,60.459808349609375,102.0423583984375,129.6855010986328,175.8800048828125,67.1197509765625,12.651805877685547
2020-12-22,340.1529846191406,299.57958984375,184.43748474121094,60.30811309814453,102.2129135131836,130.35487365722656,174.49000549316406,67.58867645263672,12.512584686279297
2020-12-23,340.4587097167969,298.0707702636719,186.00669860839844,60.9570426940918,101.99974060058594,129.4541473388672,175.64999389648438,67.15153503417969,12.669209480285645
2020-12-24,341.78326416015625,299.3861389160156,185.88525390625,60.98233413696289,102.14469909667969,129.96644592285156,176.35000610351562,67.73944854736328,12.704014778137207
2020-12-28,344.71942138671875,302.40350341796875,185.1940460205078,61.479549407958984,102.15321350097656,130.0243682861328,175.7100067138672,68.14325714111328,12.625702857971191
2020-12-29,344.06170654296875,302.67431640625,181.60731506347656,61.875648498535156,102.13619232177734,129.85906982421875,176.35000610351562,67.56181335449219,12.660507202148438
2020-12-30,344.5527038574219,302.6840515136719,183.4567413330078,61.959930419921875,102.20439147949219,130.1400146484375,177.6999969482422,67.93328094482422,12.73882007598877
2020-12-31,346.30328369140625,303.4286804199219,183.1298065185547,61.48798751831055,102.27259063720703,130.3300323486328,178.36000061035156,68.58740234375,12.791028022766113
2021-01-04,341.58868408203125,299.14434814453125,180.7386474609375,61.808231353759766,102.29815673828125,130.17300415039062,182.3300018310547,66.3585205078125,12.721416473388672
2021-01-05,343.94134521484375,301.6105041503906,183.53146362304688,62.44873809814453,102.0594253540039,129.20631408691406,182.8699951171875,66.45539855957031,13.078173637390137
2021-01-06,345.9975891113281,297.43243408203125,191.04124450683594,63.16508102416992,101.46260833740234,126.553955078125,179.89999389648438,66.5684814453125,13.095576286315918
2021-01-07,351.1382751464844,304.6280212402344,194.44117736816406,63.23249435424805,101.10452270507812,125.43836975097656,179.47999572753906,66.43924713134766,13.156485557556152
2021-01-08,353.1388854980469,308.5447998046875,194.02085876464844,63.82243728637695,100.81461334228516,125.03355407714844,173.33999633789062,67.08533477783203,13.260902404785156
2021-01-11,350.7585144042969,304.08636474609375,193.85267639160156,62.988094329833984,100.61851501464844,124.82697296142578,173.0,66.19698333740234,13.16518783569336
2021-01-12,350.83258056640625,303.602783203125,197.32733154296875,63.27464294433594,100.6014175415039,124.727783203125,174.1199951171875,66.35041809082031,13.417527198791504
2021-01-13,351.77734375,305.6531066894531,195.9169464111328,63.19036865234375,100.95101165771484,126.132568359375,173.3699951171875,67.15798950195312,13.382721900939941
2021-01-14,350.5455322265625,304.0187072753906,199.8306427001953,63.69602966308594,100.7208251953125,124.95098114013672,173.27999877929688,67.55371856689453,13.504541397094727
2021-01-15,347.9890441894531,301.6105041503906,196.85096740722656,62.701568603515625,100.99363708496094,125.44666290283203,171.1300048828125,68.3289794921875,13.313111305236816
2021-01-19,350.72137451171875,306.01092529296875,199.37290954589844,63.15666580200195,101.0533218383789,125.85160064697266,172.5800018310547,68.13517761230469,13.35661792755127
2021-01-20,355.57501220703125,313.1290588378906,200.2509307861328,63.58646011352539,101.095947265625,125.97547149658203,175.38999938964844,69.43537139892578,13.36531925201416
2021-01-21,355.8991394042969,315.6340026855469,198.51361083984375,63.637027740478516,100.95101165771484,125.09133911132812,175.27999877929688,69.10425567626953,13.35661792755127
2021-01-22,354.639404296875,314.724853515625,200.8207244873047,63.33363723754883,101.10452270507812,125.49626922607422,173.89999389648438,69.26578521728516,13.130382537841797
2021-01-25,356.0380554199219,317.326416015625,200.6245574951172,63.25778579711914,101.51375579833984,126.97531127929688,174.0500030517578,69.79070281982422,13.269603729248047
2021-01-26,355.482421875,317.7906188964844,199.2328338623047,63.350486755371094,101.47964477539062,126.73571014404297,173.6199951171875,70.28330993652344,13.295708656311035
2021-01-27,346.794189453125,308.93170166015625,195.58071899414062,61.900943756103516,101.59899139404297,127.05796813964844,172.52000427246094,69.0396499633789,13.260902404785156
2021-01-28,349.7766418457031,310.7595520019531,194.95486450195312,62.29703903198242,101.33468627929688,126.35557556152344,172.67999267578125,69.4111328125,13.199994087219238
2021-01-29,342.77423095703125,304.22174072265625,192.00328063964844,61.00761032104492,101.15564727783203,125.59544372558594,172.61000061035156,68.61163330078125,13.217395782470703
2021-02-01,348.47991943359375,311.823486328125,196.72027587890625,61.73237991333008,101.28189849853516,125.7409896850586,174.22999572753906,70.1783218383789,13.469734191894531
2021-02-02,353.40753173828125,316.91064453125,199.5224151611328,62.35603332519531,101.02597045898438,124.93034362792969,172.11000061035156,70.59825897216797,13.574152946472168
2021-02-03,353.6853942871094,315.65325927734375,200.1201629638672,62.50773239135742,100.7785415649414,123.82177734375,171.85000610351562,70.42062377929688,13.669867515563965
2021-02-04,357.7053527832031,319.386474609375,204.20196533203125,62.57514190673828,100.74439239501953,123.49090576171875,168.14999389648438,70.90514373779297,13.73947811126709
2021-02-05,359.1131591796875,320.4695739746094,207.03216552734375,62.96281814575195,100.5311279296875,122.45687866210938,169.80999755859375,71.15550994873047,13.809089660644531
2021-02-08,361.7066955566406,322.6166076660156,212.31884765625,63.401065826416016,100.5737533569336,122.99458312988281,171.52000427246094,71.54312133789062,14.02662467956543
2021-02-09,361.4657897949219,322.5490417480469,213.31829833984375,63.7465934753418,100.65055084228516,123.08553314208984,172.0800018310547,71.79348754882812,14.078832626342773
2021-02-10,361.3084411621094,321.8139953613281,211.917236328125,63.52745819091797,100.90647888183594,123.90453338623047,172.7100067138672,72.1811294555664,14.052726745605469
2021-02-11,361.8919677734375,323.58380126953125,211.6743621826172,63.957279205322266,100.82969665527344,123.22613525390625,171.2100067138672,72.33456420898438,14.02662467956543
2021-02-12,363.6795349121094,325.39239501953125,212.27215576171875,64.31124114990234,100.49699401855469,121.69578552246094,170.69000244140625,72.35071563720703,14.200652122497559
2021-02-16,363.3646545410156,324.51220703125,210.93649291992188,64.7747573852539,99.7717514038086,119.84276580810547,168.24000549316406,71.79348754882812,14.392082214355469
2021-02-17,363.447998046875,322.95513916015625,209.28321838378906,64.39553833007812,99.84008026123047,120.60387420654297,166.3300018310547,71.70465087890625,14.435589790344238
2021-02-18,361.9012145996094,321.54315185546875,206.04202270507812,64.07526397705078,99.83150482177734,120.11576080322266,166.32000732421875,71.39777374267578,14.383380889892578
2021-02-19,361.2620544433594,320.1407470703125,210.3386688232422,64.26067352294922,99.43051147460938,118.51920318603516,167.00999450683594,71.80964660644531,14.374679565429688
2021-02-22,358.4832458496094,311.8427429199219,208.97494506835938,64.10055541992188,99.26837158203125,117.61748504638672,169.50999450683594,72.40725708007812,14.696629524230957
2021-02-23,358.918701171875,310.9143371582031,207.13490295410156,64.15955352783203,99.3451919555664,117.27828216552734,169.1199951171875,72.85948181152344,14.766240119934082
2021-02-24,362.8737487792969,313.4773254394531,212.02931213378906,64.36180877685547,99.20866394042969,116.50896453857422,169.0,73.41671752929688,14.992476463317871
2021-02-25,354.13006591796875,302.5485534667969,204.19265747070312,63.26622772216797,97.88621520996094,114.60633087158203,165.82000732421875,72.01152801513672,14.870656967163086
2021-02-26,352.3052673339844,303.81561279296875,203.9123992919922,62.37289047241211,98.7650375366211,118.39508819580078,161.80999755859375,70.96170043945312,14.55740737915039
2021-03-01,360.84527587890625,312.95501708984375,211.16065979003906,63.54432678222656,98.654052734375,116.83135223388672,161.52999877929688,71.27662658691406,14.435589790344238
2021-03-02,358.0295104980469,307.93560791015625,207.09751892089844,63.47688674926758,98.83334350585938,116.83969116210938,162.41000366210938,70.59020233154297,14.496498107910156
2021-03-03,353.287109375,298.9992980957031,204.85581970214844,63.08924102783203,98.30402374267578,115.57244873046875,160.6199951171875,70.18641662597656,14.583512306213379
2021-03-04,348.9153137207031,294.10552978515625,199.1300811767578,62.490875244140625,97.8174057006836,114.8270492553711,159.0399932861328,69.38691711425781,14.809746742248535
2021-03-05,355.3341979980469,298.5350036621094,203.3519744873047,62.8953971862793,97.68080139160156,115.05067443847656,159.13999938964844,70.14603424072266,15.114297866821289
2021-03-08,353.56494140625,290.0822448730469,204.31407165527344,62.67628860473633,97.29666900634766,114.1561508178711,157.49000549316406,70.75172424316406,14.905463218688965
2021-03-09,358.6130676269531,301.5234375,208.61068725585938,63.51905059814453,97.75762176513672,115.73811340332031,160.83999633789062,71.22013092041016,14.905463218688965
2021-03-10,360.84527587890625,300.66278076171875,212.23483276367188,63.78873825073242,97.96256256103516,115.97004699707031,161.66000366210938,71.93077850341797,15.001179695129395
2021-03-11,364.50384521484375,307.58740234375,216.9050750732422,64.12582397460938,97.9283676147461,115.13348388671875,161.52000427246094,72.7706527709961,15.227415084838867
2021-03-12,364.99481201171875,305.09222412109375,218.18470764160156,64.28597259521484,97.21981811523438,112.690185546875,161.49000549316406,73.99010467529297,15.157804489135742
2021-03-15,367.1715087890625,308.3514709472656,218.95994567871094,64.33651733398438,97.33930206298828,113.35275268554688,162.1999969482422,75.0884017944336,15.105596542358398
2021-03-16,366.70831298828125,310.0439758300781,215.2984619140625,64.44609069824219,97.32225799560547,112.8972396850586,162.35000610351562,74.78153228759766,15.044686317443848
2021-03-17,367.958740234375,311.3205261230469,216.98912048339844,64.8253402709961,97.16006469726562,112.05243682861328,163.50999450683594,74.84610748291016,15.044686317443848
2021-03-18,362.6051025390625,301.7845458984375,210.38539123535156,64.2353744506836,96.5539321899414,110.9177474975586,162.55999755859375,74.08699035644531,14.331171035766602
2021-03-19,361.9341735839844,302.848388671875,211.9733123779297,64.41236114501953,96.494140625,111.60518646240234,163.24000549316406,73.07752990722656,14.644421577453613
2021-03-22,364.8242492675781,308.52783203125,210.37603759765625,64.47135925292969,96.81002807617188,112.8558120727539,163.0,73.5943832397461,14.618318557739258
2021-03-23,361.9527893066406,307.18182373046875,202.74485778808594,63.57802963256836,97.28811645507812,113.87457275390625,161.80999755859375,73.4894027709961,14.20935344696045
2021-03-24,360.11279296875,302.00115966796875,198.055908203125,63.25778579711914,97.41617584228516,114.4874267578125,162.3699951171875,73.07752990722656,14.583512306213379
2021-03-25,362.1385803222656,301.47821044921875,202.75180053710938,63.7297477722168,97.28811645507812,113.58467102050781,161.77999877929688,73.82158660888672,14.252860069274902
2021-03-26,367.9744567871094,306.0003967285156,206.44822692871094,64.5556411743164,96.96370697021484,113.1871566772461,162.24000549316406,75.41370391845703,14.59221363067627
2021-03-29,367.78857421875,305.91326904296875,200.63687133789062,64.30281066894531,96.63075256347656,112.22631072998047,160.30999755859375,74.97506713867188,14.60961627960205
2021-03-30,366.8128967285156,304.3736267089844,204.01515197753906,64.21854400634766,96.5453872680664,112.81446838378906,157.57000732421875,75.0725326538086,14.374679565429688
2021-03-31,368.2997741699219,309.0313720703125,206.757080078125,63.9404296875,96.40878295898438,112.18494415283203,159.9600067138672,74.61766052246094,14.45299243927002
2021-04-01,372.27703857421875,314.2991943359375,209.3773651123047,64.7747573852539,96.83589935302734,114.0468978881836,161.97999572753906,75.97418212890625,14.696629524230957
2021-04-05,377.620361328125,320.5740966796875,210.52833557128906,65.7186508178711,96.56255340576172,113.5492935180664,161.9199981689453,76.2666015625,14.479094505310059
2021-04-06,377.3973388671875,320.3514709472656,209.9107208251953,65.0191650390625,97.03238677978516,114.32061004638672,163.22000122070312,76.46156311035156,14.531304359436035
2021-04-07,377.8340759277344,321.12615966796875,206.52310180664062,65.15401458740234,96.97256469726562,113.52437591552734,162.75999450683594,76.51841735839844,14.574810981750488
2021-04-08,379.6275939941406,324.4766845703125,208.27305603027344,65.52481842041016,97.30574035644531,114.4615707397461,164.50999450683594,76.23412322998047,14.653124809265137
2021-04-09,382.38751220703125,326.44244384765625,208.3011474609375,65.72709655761719,97.04946899414062,114.0468978881836,163.27000427246094,76.14476776123047,14.600915908813477
2021-04-12,382.5269470214844,326.016357421875,207.48696899414062,65.36467742919922,96.98966217041016,113.99714660644531,162.27999877929688,76.59153747558594,14.60961627960205
2021-04-13,383.66070556640625,329.8219299316406,206.9442138671875,65.74393463134766,97.39115905761719,114.85139465332031,163.42999267578125,76.97331237792969,14.766240119934082
2021-04-14,382.350341796875,325.8614807128906,208.98428344726562,65.79450225830078,97.27156829833984,114.48645782470703,162.72000122070312,76.56718444824219,15.105596542358398
2021-04-15,386.45782470703125,330.79998779296875,209.89195251464844,66.34229278564453,97.8951416015625,116.40235137939453,165.35000610351562,77.907470703125,15.201311111450195
2021-04-16,387.7493896484375,331.1874084472656,210.22889709472656,66.82267761230469,97.63032531738281,115.49829864501953,166.35000610351562,78.07805633544922,15.175206184387207
2021-04-19,385.8444519042969,328.1563720703125,207.49635314941406,66.7046890258789,97.52784729003906,115.16654205322266,165.88999938964844,78.23239135742188,15.192608833312988
2021-04-20,383.0194396972656,325.7646179199219,203.24778747558594,65.50798034667969,97.81826782226562,115.69732666015625,166.47999572753906,78.87409210205078,15.166505813598633
2021-04-21,386.6436462402344,328.5534973144531,208.2169189453125,66.18218231201172,97.8695297241211,115.9295654296875,168.1300048828125,79.39395904541016,15.105596542358398
2021-04-22,383.1123962402344,324.5928955078125,207.35598754882812,65.96305084228516,97.94642639160156,116.43549346923828,167.0399932861328,78.96343994140625,15.227415084838867
2021-04-23,387.26617431640625,328.6793212890625,211.2676239013672,66.63726043701172,97.81826782226562,116.16185760498047,166.39999389648438,79.42645263671875,15.34923267364502
2021-04-26,388.0746765136719,330.8194274902344,213.46678161621094,66.68782806396484,97.71572875976562,115.99591827392578,166.83999633789062,79.66203308105469,15.45365047454834
2021-04-27,387.99102783203125,329.38623046875,213.78497314453125,66.46870422363281,97.33133697509766,114.9841079711914,166.4199981689453,79.65390014648438,15.584172248840332
2021-04-28,387.8795471191406,328.2726745605469,214.14993286132812,66.63726043701172,97.45948028564453,115.05873107910156,166.91000366210938,79.48332214355469,15.610275268554688
2021-04-29,390.3514709472656,329.4540710449219,213.35452270507812,66.66255187988281,97.28863525390625,114.71869659423828,166.22000122070312,80.16564178466797,15.714689254760742
2021-04-30,387.7866516113281,327.2945251464844,210.4534912109375,65.82821655273438,97.37408447265625,114.9841079711914,165.66000366210938,80.48243713378906,15.584172248840332
2021-05-03,388.62298583984375,325.55157470703125,211.48287963867188,66.55298614501953,97.53987884521484,115.05302429199219,167.80999755859375,80.32811737060547,15.758198738098145
2021-05-04,386.2254333496094,319.6929016113281,208.95620727539062,65.56696319580078,97.66810607910156,115.83377838134766,166.5800018310547,79.80823516845703,16.0018367767334
2021-05-05,386.3463134765625,318.61810302734375,208.12332153320312,66.46027374267578,97.78778839111328,116.02484130859375,167.27000427246094,78.48418426513672,16.062746047973633
2021-05-06,389.43145751953125,321.0196533203125,208.3011474609375,67.00807189941406,97.83050537109375,116.21586608886719,170.05999755859375,78.92283630371094,16.14105796813965
2021-05-07,392.2657470703125,323.62451171875,210.92140197753906,67.7665786743164,97.86469268798828,115.6427230834961,171.58999633789062,79.96257019042969,16.297683715820312
2021-05-10,388.3814392089844,315.45166015625,205.55921936035156,67.40418243408203,97.66810607910156,114.47163391113281,172.11000061035156,79.93819427490234,16.184566497802734
2021-05-11,384.9151611328125,315.01580810546875,204.90414428710938,66.51927947998047,97.50568389892578,113.8237533569336,172.13999938964844,78.93093872070312,16.358592987060547
2021-05-12,376.7375793457031,306.8623046875,198.2505645751953,65.45738220214844,97.03556060791016,112.62772369384766,170.42999267578125,76.93268585205078,16.341190338134766
2021-05-13,381.26312255859375,309.2347717285156,201.90023803710938,65.94621276855469,97.36039733886719,112.80216217041016,171.1300048828125,77.93183135986328,15.88871955871582
2021-05-14,387.1175537109375,316.0616455078125,206.8319091796875,67.05020904541016,97.57408905029297,113.85700988769531,172.69000244140625,78.85784912109375,16.019241333007812
2021-05-17,386.1325378417969,314.1444091796875,207.1126708984375,66.92382049560547,97.48004150390625,113.6160659790039,174.6999969482422,78.9390869140625,16.219371795654297
2021-05-18,382.8056945800781,312.0236511230469,205.54051208496094,67.06707000732422,97.48004150390625,113.32544708251953,175.0399932861328,78.955322265625,16.14105796813965
2021-05-19,381.8021240234375,312.3819274902344,203.95901489257812,66.47714233398438,97.1894302368164,113.05132293701172,175.16000366210938,78.7035140991211,15.810405731201172
2021-05-20,385.9094543457031,318.4244384765625,205.31588745117188,67.35360717773438,97.5911865234375,113.98155975341797,175.9600067138672,79.58892059326172,15.645079612731934
2021-05-21,385.59356689453125,316.6621398925781,205.8493194580078,67.44631958007812,97.62538146972656,114.34705352783203,176.0399932861328,79.5076675415039,15.79300308227539
2021-05-24,389.52435302734375,321.98797607421875,207.1875,67.8592758178711,97.7193832397461,114.77061462402344,176.35000610351562,80.49868774414062,16.01053810119629
2021-05-25,388.6601257324219,322.4335021972656,205.18487548828125,67.87613677978516,98.0783920288086,115.83377838134766,177.9499969482422,80.47431182861328,15.958329200744629
2021-05-26,389.43145751953125,323.5567321777344,209.01235961914062,67.833984375,97.96727752685547,115.63448333740234,177.63999938964844,80.83171844482422,15.984434127807617
2021-05-27,389.6358337402344,322.34625244140625,211.16468811035156,67.96040344238281,97.79633331298828,115.16932678222656,177.7100067138672,80.64488220214844,16.236774444580078
2021-05-28,390.3328552246094,323.3630676269531,211.0242919921875,68.12053680419922,97.78778839111328,114.98655700683594,178.3800048828125,81.13227844238281,16.184566497802734
2021-06-01,389.98907470703125,322.2881774902344,213.4199981689453,68.36494445800781,97.76984405517578,114.96080780029297,177.89999389648438,82.59441375732422,16.471712112426758
2021-06-02,390.6023254394531,322.9176330566406,213.67263793945312,68.59246826171875,97.88107299804688,115.22696685791016,178.77000427246094,83.56103515625,16.558727264404297
2021-06-03,389.1526184082031,319.5574035644531,211.8852996826172,68.25537109375,97.63296508789062,114.79443359375,175.27000427246094,83.25237274169922,16.419504165649414
2021-06-04,392.7118225097656,324.9802551269531,212.8023681640625,68.83687591552734,98.17185974121094,116.3664779663086,177.16000366210938,83.29299926757812,16.602231979370117
2021-06-07,392.330810546875,325.94854736328125,215.6566162109375,69.06442260742188,98.09487915039062,116.00884246826172,177.8699951171875,84.27588653564453,16.62833595275879
2021-06-08,392.41436767578125,326.10345458984375,217.9398956298828,69.03073120117188,98.37713623046875,116.82398223876953,177.32000732421875,84.97445678710938,16.793663024902344
2021-06-09,391.8289794921875,326.1810302734375,216.48944091796875,68.84530639648438,98.68510437011719,117.85546112060547,176.97999572753906,85.0881576538086,16.715351104736328
2021-06-10,393.65032958984375,329.57989501953125,214.88400268554688,69.03494262695312,99.03581237792969,118.56243133544922,177.74000549316406,85.69738006591797,16.776262283325195
2021-06-11,394.3009033203125,330.4417724609375,217.15206909179688,69.19728088378906,98.89035034179688,118.37113189697266,175.74000549316406,85.35623931884766,16.724050521850586
2021-06-14,395.1837158203125,333.60821533203125,216.51475524902344,69.31687927246094,98.58243560791016,117.46443176269531,174.7100067138672,85.68927764892578,16.62833595275879
2021-06-15,394.4588623046875,331.4294738769531,215.8961639404297,69.40229797363281,98.59949493408203,117.3231201171875,174.0500030517578,84.77136993408203,16.558727264404297
2021-06-16,392.25640869140625,330.2190856933594,215.43695068359375,68.97514343261719,97.9238052368164,117.22323608398438,171.11000061035156,84.218994140625,16.463010787963867
2021-06-17,392.1263427734375,334.41192626953125,213.01893615722656,68.49674987792969,98.27445983886719,118.97828674316406,165.85000610351562,84.11341094970703,16.036643981933594
2021-06-18,386.83642578125,331.7877197265625,208.18289184570312,67.0786361694336,98.83050537109375,121.21578979492188,164.92999267578125,82.68378448486328,16.201969146728516
2021-06-21,392.3742980957031,333.8497314453125,212.63467407226562,67.95854949951172,98.5140151977539,119.18622589111328,166.9499969482422,84.38958740234375,16.402101516723633
2021-06-22,394.4720153808594,336.9618225097656,213.59999084472656,67.96708679199219,98.69364166259766,119.47737121582031,166.25,83.95093536376953,16.428203582763672
2021-06-23,393.99658203125,337.12664794921875,214.3029327392578,67.53141784667969,98.49688720703125,119.16964721679688,166.13999938964844,83.80473327636719,16.532621383666992
2021-06-24,396.32733154296875,339.2110290527344,217.33010864257812,68.18067932128906,98.47981262207031,119.3609619140625,166.0399932861328,83.62396240234375,16.593530654907227
2021-06-25,397.73516845703125,338.794189453125,217.6956329345703,68.32589721679688,98.27445983886719,118.12157440185547,166.58999633789062,84.18841552734375,16.5239200592041
2021-06-28,398.5370178222656,342.9144592285156,215.9711456298828,67.89022064208984,98.58243560791016,119.33595275878906,166.5800018310547,83.94298553466797,16.51521873474121
2021-06-29,398.75140380859375,344.1554260253906,214.9402313232422,67.90729522705078,98.63375091552734,119.53560638427734,164.8300018310547,83.71395111083984,16.593530654907227
2021-06-30,399.08697509765625,343.6123962402344,214.96835327148438,67.38618469238281,98.7877197265625,120.0679702758789,165.6300048828125,83.27217864990234,16.750154495239258
2021-07-01,401.2966003417969,343.74822998046875,216.8615264892578,67.54849243164062,98.7166748046875,120.07463073730469,166.1999969482422,83.63214111328125,16.811065673828125
2021-07-02,404.36395263671875,347.6939392089844,214.79965209960938,67.77914428710938,99.07616424560547,120.7991714477539,167.2899932861328,83.8857421875,16.967689514160156
2021-07-06,403.6273498535156,349.1966552734375,211.6787109375,67.33493041992188,99.59830474853516,122.21505737304688,168.1199951171875,84.4992904663086,16.506515502929688
2021-07-07,405.0538024902344,349.93353271484375,209.71058654785156,67.70227813720703,99.88935089111328,123.29779815673828,168.75999450683594,84.79379272460938,16.306385040283203
2021-07-08,401.75347900390625,347.8199768066406,207.77993774414062,66.83090209960938,100.14611053466797,123.78087615966797,168.64999389648438,84.55654907226562,16.445608139038086
2021-07-09,406.04205322265625,349.99169921875,212.16604614257812,67.96708679199219,99.64109802246094,122.04019927978516,169.2100067138672,85.9472885131836,16.637039184570312
2021-07-12,407.4964904785156,351.358642578125,212.34413146972656,68.2575454711914,99.58977508544922,121.88192749023438,169.0,86.68355560302734,16.66314125061035
2021-07-13,406.10736083984375,351.358642578125,208.34228515625,67.89874267578125,99.28160095214844,120.94912719726562,169.22000122070312,85.47281646728516,16.8023624420166
2021-07-14,406.71337890625,351.98870849609375,205.1276397705078,68.05252838134766,99.70957946777344,122.32333374023438,171.0399932861328,86.06998443603516,16.637039184570312
2021-07-15,405.3242492675781,349.5166320800781,203.9654998779297,67.40326690673828,100.12899017333984,123.67262268066406,171.07000732421875,86.20906829833984,16.550024032592773
2021-07-16,402.1449890136719,346.68572998046875,201.45375061035156,66.90778350830078,100.11187744140625,123.43939208984375,169.41000366210938,86.15180969238281,16.550024032592773
2021-07-19,396.2061462402344,343.8451232910156,198.43592834472656,65.69469451904297,100.96784210205078,126.146240234375,169.61000061035156,84.58109283447266,15.88871955871582
2021-07-20,401.8839416503906,347.83941650390625,204.59341430664062,66.17308044433594,100.83942413330078,124.93019104003906,169.38999938964844,86.57720184326172,16.1236572265625
2021-07-21,405.1377258300781,350.5248718261719,208.11732482910156,67.18115234375,100.25735473632812,123.3478012084961,168.75999450683594,86.56901550292969,16.445608139038086
2021-07-22,405.9861145019531,352.8419189453125,204.80897521972656,67.206787109375,100.48848724365234,124.51380920410156,169.08999633789062,85.8818359375,16.576128005981445
2021-07-23,410.1629943847656,356.96221923828125,205.76490783691406,67.6766357421875,100.3344497680664,123.6809310913086,168.55999755859375,86.59356689453125,16.66314125061035
2021-07-26,411.16986083984375,357.2432861328125,206.36473083496094,67.77061462402344,100.2659683227539,123.31449127197266,168.16000366210938,86.63446807861328,16.784961700439453
2021-07-27,409.2958984375,353.3072509765625,203.9561004638672,67.49724578857422,100.69389343261719,124.63040924072266,168.44000244140625,87.12531280517578,16.689245223999023
2021-07-28,409.12799072265625,354.6645202636719,206.95518493652344,67.78768920898438,100.77947998046875,124.63871765136719,169.2899932861328,86.82262420654297,16.76755714416504
2021-07-29,410.824951171875,355.294677734375,208.54844665527344,68.2575454711914,100.47140502929688,123.94746398925781,171.1699981689453,86.83898162841797,17.063405990600586
2021-07-30,408.82977294921875,353.44293212890625,207.17071533203125,67.90729522705078,100.75383758544922,124.5304946899414,169.82000732421875,86.95352172851562,16.967689514160156
2021-08-02,407.97198486328125,353.4720458984375,206.1398162841797,68.24901580810547,101.19579315185547,125.64115142822266,169.61000061035156,86.76536560058594,16.784961700439453
2021-08-03,411.29095458984375,355.6145935058594,206.99264526367188,68.7359619140625,101.22149658203125,125.70787811279297,169.49000549316406,86.87169647216797,16.706647872924805
2021-08-04,409.2679138183594,356.12841796875,204.41529846191406,68.53092956542969,101.19579315185547,125.96641540527344,169.52999877929688,86.60174560546875,16.436904907226562
2021-08-05,411.8597717285156,358.3873291015625,208.08921813964844,68.86410522460938,100.8274917602539,125.32431030273438,168.86000061035156,87.61617279052734,16.680545806884766
2021-08-06,412.5404052734375,356.8167724609375,209.3638458251953,68.6078109741211,100.23651123046875,123.23124694824219,164.63999938964844,87.46073913574219,16.541322708129883
2021-08-09,412.2047424316406,357.47607421875,208.2110595703125,68.57363891601562,100.02237701416016,122.789306640625,161.72000122070312,86.99442291259766,16.306385040283203
2021-08-10,412.7174377441406,355.64373779296875,208.62344360351562,68.72740173339844,99.83396911621094,122.22228240966797,161.77000427246094,86.16816711425781,16.602231979370117
2021-08-11,413.7430114746094,355.0328369140625,209.64498901367188,69.19728088378906,99.9453125,122.14720153808594,164.0,86.67537689208984,16.750154495239258
2021-08-12,414.9830322265625,356.3126220703125,209.1482696533203,69.13748931884766,99.84249114990234,121.94708251953125,164.0399932861328,86.863525390625,16.689245223999023
2021-08-13,415.7381896972656,357.56329345703125,207.24574279785156,69.55607604980469,100.41639709472656,123.87333679199219,166.38999938964844,87.33800506591797,16.593530654907227
2021-08-16,416.7171630859375,357.7183837890625,205.31507873535156,69.19728088378906,100.63908386230469,124.17355346679688,167.22000122070312,87.23167419433594,16.550024032592773
2021-08-17,413.9853820800781,354.567626953125,202.81268310546875,68.54801177978516,100.58767700195312,124.12352752685547,166.97000122070312,87.14167785644531,16.367294311523438
2021-08-18,409.4543762207031,351.1550598144531,201.04136657714844,68.28317260742188,100.53631591796875,124.54047393798828,167.10000610351562,86.34815216064453,16.175865173339844
2021-08-19,410.0882873535156,352.8515930175781,198.63275146484375,67.60829162597656,100.75894927978516,125.457763671875,166.61000061035156,86.76536560058594,15.949628829956055
2021-08-20,413.35150146484375,356.506591796875,201.98794555664062,67.87312316894531,100.66478729248047,125.54110717773438,166.6999969482422,87.1989517211914,15.575468063354492
2021-08-23,416.98748779296875,361.83868408203125,205.8305206298828,68.50529479980469,100.69046020507812,125.457763671875,168.72999572753906,87.03533935546875,16.14105796813965
2021-08-24,417.64935302734375,362.9439392089844,207.85488891601562,68.65052795410156,100.41639709472656,124.48210906982422,168.64999389648438,86.65083312988281,16.48041534423828
2021-08-25,418.5258483886719,363.3606872558594,208.58590698242188,68.67615509033203,100.02237701416016,123.44806671142578,167.47999572753906,86.59356689453125,16.62833595275879
2021-08-26,416.0552062988281,361.05340576171875,206.37411499023438,68.31735229492188,100.02237701416016,123.78995513916016,167.6699981689453,86.62629699707031,16.497814178466797
2021-08-27,419.7751159667969,364.56292724609375,212.1942138671875,68.94098663330078,100.34786224365234,124.6322250366211,170.19000244140625,87.53435516357422,16.706647872924805
2021-08-30,421.6210632324219,368.6542053222656,211.32257080078125,68.92389678955078,100.54486083984375,124.9573745727539,169.35000610351562,88.4096908569336,16.76755714416504
2021-08-31,420.99639892578125,368.35357666015625,211.73495483398438,68.88972473144531,100.35641479492188,124.1068344116211,169.69000244140625,88.826904296875,16.689245223999023
2021-09-01,421.2202453613281,368.96429443359375,213.15951538085938,69.51334381103516,100.39927673339844,124.31475067138672,169.6999969482422,90.25037384033203,16.610933303833008
2021-09-02,422.5160827636719,368.7898254394531,214.6403350830078,69.79527282714844,100.51927185058594,124.85746002197266,169.25,90.72486114501953,16.8023624420166
2021-09-03,422.41357421875,369.9241638183594,213.64688110351562,70.11136627197266,100.27928161621094,123.72189331054688,171.05999755859375,90.7412109375,16.819766998291016
2021-09-07,420.9031677246094,370.44769287109375,212.17547607421875,70.1626205444336,99.88504028320312,122.67825317382812,167.7100067138672,89.7186279296875,16.62833595275879
2021-09-08,420.3903503417969,369.1582336425781,209.86056518554688,69.60733032226562,100.15930938720703,123.51315307617188,167.2899932861328,90.16857147216797,16.750154495239258
2021-09-09,418.59112548828125,367.8882751464844,209.75743103027344,69.48773193359375,100.442138671875,125.00776672363281,168.02999877929688,88.33607482910156,16.62833595275879
2021-09-10,415.290771484375,365.09619140625,207.70497131347656,69.33394622802734,100.12500762939453,123.9056167602539,167.17999267578125,87.04348754882812,16.845870971679688
2021-09-13,416.353515625,364.84405517578125,208.88583374023438,69.88069915771484,100.2449951171875,124.6570053100586,167.74000549316406,87.63253021240234,16.97639274597168
2021-09-14,414.10662841796875,363.8067321777344,206.22415161132812,69.59024047851562,100.62211608886719,126.16828155517578,168.82000732421875,87.47709655761719,16.967689514160156
2021-09-15,417.5655212402344,366.5116271972656,208.08921813964844,69.79527282714844,100.45072174072266,125.72578430175781,167.8300018310547,87.75523376464844,17.246135711669922
2021-09-16,416.9035949707031,366.76361083984375,208.2391815185547,69.68421173095703,100.13357543945312,125.14965057373047,164.02999877929688,87.82886505126953,17.124317169189453
2021-09-17,412.84246826171875,362.4203186035156,208.51092529296875,68.77014923095703,99.84214782714844,124.54851531982422,163.77000427246094,87.04348754882812,16.98509407043457
2021-09-20,405.958740234375,354.93157958984375,203.55311584472656,67.49724578857422,100.34783935546875,126.09321594238281,164.94000244140625,86.51175689697266,16.784961700439453
2021-09-21,405.5751953125,355.3682861328125,203.8624267578125,68.16358184814453,100.2878646850586,125.98457336425781,166.0399932861328,86.55264282226562,16.8023624420166
2021-09-22,409.5315246582031,358.6875915527344,207.03016662597656,68.50529479980469,100.38211822509766,126.73609924316406,165.4199981689453,87.39529418945312,16.993793487548828
2021-09-23,414.50732421875,361.9972229003906,210.69468688964844,69.24853515625,99.4736099243164,123.87217712402344,163.50999450683594,87.22349548339844,17.25483512878418
2021-09-24,415.19012451171875,362.3369140625,209.678466796875,68.59928894042969,99.17362213134766,122.66159057617188,163.3000030517578,86.29085540771484,17.333147048950195
2021-09-27,414.0022277832031,359.4446716308594,212.86521911621094,68.55655670166016,98.90792846679688,122.21068572998047,163.63999938964844,85.13021087646484,17.568086624145508
2021-09-28,405.65936279296875,349.2732238769531,208.02395629882812,67.06156158447266,98.53081512451172,120.3069839477539,162.0500030517578,84.55400085449219,17.428863525390625
2021-09-29,406.34222412109375,348.7005615234375,207.5821533203125,66.90778350830078,98.63367462158203,120.51579284667969,161.32000732421875,85.1878433227539,17.446266174316406
2021-09-30,401.375732421875,347.4195251464844,205.6362762451172,66.64295196533203,98.75364685058594,120.49907684326172,164.22000122070312,83.78024291992188,17.559383392333984
2021-10-01,406.1457214355469,349.5741271972656,208.95458984375,66.80526733398438,99.15679168701172,121.51313781738281,164.58999633789062,84.965576171875,17.794321060180664
2021-10-04,400.9080505371094,342.23675537109375,207.0557098388672,66.1047592163086,99.03669738769531,121.20379638671875,165.36000061035156,84.9820327758789,18.081466674804688
2021-10-05,405.0794677734375,346.8566589355469,207.7702178955078,66.5575180053711,98.72792053222656,120.03343200683594,164.58999633789062,84.39759826660156,18.307703018188477
2021-10-06,406.7630310058594,349.0791931152344,206.6890869140625,66.11328887939453,98.75365447998047,120.71054077148438,165.02999877929688,85.20429229736328,18.003154754638672
2021-10-07,410.27978515625,352.28192138671875,209.87586975097656,66.6258773803711,98.3591537475586,119.44822692871094,164.16000366210938,85.43479919433594,18.22939109802246
2021-10-08,409.5315246582031,350.5252685546875,208.2965850830078,66.61731719970703,98.14474487304688,118.61222076416016,164.22999572753906,84.62810516357422,18.290302276611328
2021-10-11,406.566650390625,347.8368225097656,207.10269165039062,66.40377044677734,97.90454864501953,118.31124877929688,163.9199981689453,84.84212493896484,18.412120819091797
2021-10-12,405.5658264160156,346.62359619140625,208.24020385742188,66.43791961669922,98.3505630493164,120.33435821533203,164.66000366210938,85.95336151123047,18.412120819091797
2021-10-13,407.02490234375,349.3993835449219,209.22723388671875,67.09573364257812,98.53924560546875,121.5047378540039,167.58999633789062,86.57894897460938,18.516536712646484
2021-10-14,413.8713684082031,355.834228515625,212.3294219970703,67.76206970214844,98.7708511352539,121.95624542236328,168.0,87.6325912475586,18.707965850830078
2021-10-15,417.0233154296875,358.0762023925781,211.6619873046875,68.32589721679688,98.28194427490234,121.2456283569336,165.3300018310547,87.56673431396484,18.864591598510742
2021-10-18,418.25787353515625,361.6769714355469,211.53973388671875,68.03543853759766,98.14474487304688,121.8141098022461,164.9199981689453,87.78897857666016,18.7514705657959
2021-10-19,421.4847106933594,364.4139404296875,212.3294219970703,68.44549560546875,97.79305267333984,120.13367462158203,165.4499969482422,87.83013153076172,18.794981002807617
2021-10-20,423.14019775390625,363.938232421875,213.73947143554688,68.68470001220703,97.75019073486328,119.32284545898438,166.89999389648438,89.21305084228516,19.003812789916992
2021-10-21,424.2438659667969,366.16082763671875,214.28472900390625,68.36006927490234,97.4928970336914,119.1806640625,166.75,89.33651733398438,18.7166690826416
2021-10-22,423.80426025390625,363.084228515625,213.77711486816406,68.77014923095703,97.74160766601562,120.49321746826172,167.77000427246094,89.7563247680664,18.803682327270508
2021-10-25,426.0770263671875,366.80145263671875,215.80760192871094,68.63343811035156,97.86167907714844,120.30929565429688,168.92999267578125,90.04442596435547,18.899396896362305
2021-10-26,426.46044921875,367.9563903808594,214.1813201904297,68.77014923095703,97.98175811767578,121.30415344238281,167.67999267578125,90.2913589477539,18.925500869750977
2021-10-27,424.5711975097656,368.8105163574219,210.2424774169922,68.49674987792969,98.5306625366211,123.5112075805664,168.1199951171875,89.52583312988281,18.57744598388672
2021-10-28,428.6678771972656,372.9062805175781,214.4351043701172,69.1630859375,98.27337646484375,123.09317016601562,168.0800018310547,90.77700805664062,18.673158645629883
2021-10-29,429.5376281738281,374.7406311035156,214.3787384033203,68.76158142089844,98.31625366210938,123.4693603515625,166.64999389648438,89.7563247680664,18.57744598388672
2021-11-01,430.276611328125,376.0216979980469,219.9344482421875,69.42793273925781,98.30854034423828,122.58040618896484,167.52000427246094,90.2008056640625,18.7166690826416
2021-11-02,432.0162048339844,377.59393310546875,220.39503479003906,69.28270721435547,98.54885864257812,123.12447357177734,167.16000366210938,90.62886810302734,18.768875122070312
2021-11-03,434.65380859375,381.6023864746094,224.33383178710938,69.8465347290039,98.2398681640625,121.85216522216797,165.77000427246094,90.93343353271484,18.290302276611328
2021-11-04,436.7020568847656,386.4940185546875,224.249267578125,69.80381774902344,98.77201843261719,123.13285064697266,167.64999389648438,90.06910705566406,18.177181243896484
2021-11-05,438.2172546386719,386.8628845214844,227.31382751464844,69.90632629394531,99.312744140625,124.97437286376953,169.83999633789062,90.53007507324219,18.429523468017578
2021-11-08,438.59136962890625,386.3387145996094,228.0188446044922,69.89778137207031,98.88355255126953,124.74003601074219,170.4499969482422,90.45600128173828,18.542640686035156
2021-11-09,437.14166259765625,383.6794738769531,226.69338989257812,69.7440185546875,99.33844757080078,126.36393737792969,171.2899932861328,90.61238861083984,18.690563201904297
2021-11-10,433.6249084472656,378.0404357910156,223.12120056152344,68.89828491210938,98.48876190185547,124.05364227294922,173.14999389648438,90.19258880615234,18.455625534057617
2021-11-11,433.76519775390625,379.0886535644531,224.9167022705078,69.1460189819336,98.17121887207031,123.86947631835938,174.1199951171875,90.34075927734375,18.58614730834961
2021-11-12,437.0387268066406,383.0776062011719,225.14231872558594,69.52188873291016,98.37715148925781,123.32540893554688,174.4499969482422,90.27489471435547,18.560043334960938
2021-11-15,437.1883850097656,382.99029541015625,224.249267578125,69.39376068115234,97.9909439086914,121.77686309814453,174.17999267578125,90.90872192382812,18.568744659423828
2021-11-16,438.918701171875,385.71759033203125,224.66287231445312,69.23998260498047,97.90512084960938,121.46712493896484,172.9199981689453,90.30783081054688,18.542640686035156
2021-11-17,437.85247802734375,385.92144775390625,221.72048950195312,69.15454864501953,98.25704193115234,122.42974090576172,174.5,90.58770751953125,18.377315521240234
2021-11-18,439.3396301269531,389.9200439453125,220.7804718017578,69.22288513183594,98.3171157836914,122.8901138305664,173.94000244140625,90.60417938232422,18.43822479248047
2021-11-19,438.5539245605469,392.09405517578125,218.76876831054688,68.63343811035156,98.58317565917969,124.18757629394531,172.61000061035156,90.06910705566406,18.142375946044922
2021-11-22,437.31939697265625,387.5421447753906,217.83811950683594,68.23193359375,97.86222076416016,122.73104095458984,168.74000549316406,89.62461853027344,18.272899627685547
2021-11-23,437.8992919921875,385.7757873535156,217.4621124267578,68.16358184814453,97.45881652832031,120.95648193359375,167.27999877929688,90.34899139404297,18.60354995727539
2021-11-24,439.06842041015625,387.0180969238281,217.69711303710938,67.7108154296875,97.75923919677734,122.89849090576172,167.1199951171875,91.44377899169922,18.533939361572266
2021-11-26,429.2757873535156,379.6807556152344,209.49046325683594,65.89118194580078,99.02093505859375,126.00402069091797,166.85000610351562,88.90026092529297,17.428863525390625
2021-11-29,434.5415344238281,387.92071533203125,209.35887145996094,66.22434997558594,98.79773712158203,124.99113464355469,166.6199951171875,89.55876922607422,17.428863525390625
2021-11-30,426.08636474609375,382.22357177734375,205.09100341796875,65.6434326171875,99.38996887207031,126.89129638671875,165.5,87.86307525634766,16.950286865234375
2021-12-01,421.353759765625,375.72088623046875,200.4753875732422,65.26754760742188,99.57720947265625,127.6740951538086,166.16000366210938,86.4143295288086,16.8023624420166
2021-12-02,427.8073425292969,378.4288024902344,206.0686798095703,66.07911682128906,99.36251068115234,127.83332061767578,165.24000549316406,89.00726318359375,16.950286865234375
2021-12-03,424.0848388671875,371.8483581542969,201.83839416503906,65.80575561523438,99.94657135009766,129.35867309570312,166.6300048828125,88.7109146118164,16.967689514160156
2021-12-06,429.1074523925781,374.82794189453125,205.8900909423828,66.43791961669922,99.44840240478516,127.5819091796875,166.22000122070312,90.26667785644531,17.263538360595703
2021-12-07,437.9834899902344,386.1154479980469,210.66552734375,67.8389663696289,99.07047271728516,126.5510482788086,166.80999755859375,91.56724548339844,17.524578094482422
2021-12-08,439.1431579589844,387.84307861328125,212.1038360595703,67.96708679199219,98.75264739990234,124.36359405517578,166.89999389648438,92.22577667236328,17.75951385498047
2021-12-09,436.17822265625,382.13623046875,207.30014038085938,67.40326690673828,99.00175476074219,125.059326171875,165.8800048828125,90.89225006103516,17.48977279663086
2021-12-10,440.28424072265625,386.2901916503906,206.72671508789062,67.54849243164062,99.07047271728516,124.75753021240234,166.5800018310547,91.1721420288086,17.689905166625977
2021-12-13,436.3840637207031,380.70953369140625,203.7056121826172,66.9157485961914,99.54283905029297,126.60132598876953,167.0,92.0282211303711,17.60289192199707
2021-12-14,433.3817138671875,376.7690734863281,201.95181274414062,66.55941772460938,99.37106323242188,126.29967498779297,165.44000244140625,90.85111236572266,17.446266174316406
2021-12-15,440.1533203125,385.35845947265625,205.15771484375,67.46332550048828,99.22505187988281,125.08435821533203,166.14999389648438,92.12698364257812,17.533281326293945
2021-12-16,436.2718200683594,375.44903564453125,201.00889587402344,67.47201538085938,99.51393127441406,125.13304138183594,168.16000366210938,92.09407043457031,17.637697219848633
2021-12-17,431.628662109375,373.575927734375,202.8570098876953,66.6202392578125,99.73747253417969,126.55103302001953,167.8000030517578,91.97882843017578,17.428863525390625
2021-12-20,427.0389709472656,369.9521179199219,200.00941467285156,66.47248840332031,99.6514892578125,125.60291290283203,167.08999633789062,91.2626724243164,17.307044982910156
2021-12-21,434.62274169921875,378.2317199707031,205.7234649658203,67.2112808227539,99.25598907470703,125.12458801269531,167.02000427246094,92.2916259765625,17.672502517700195
2021-12-22,438.96844482421875,382.838134765625,207.7035675048828,67.8370590209961,99.35054016113281,125.70362091064453,168.58999633789062,93.23824310302734,17.88133430480957
2021-12-23,441.6997375488281,385.7243347167969,209.36309814453125,68.23686218261719,99.14424133300781,124.61290740966797,168.97000122070312,93.13947296142578,17.97705078125
2021-12-27,447.95068359375,392.0992736816406,211.3243408203125,68.76704406738281,99.17864990234375,124.91488647460938,169.3699951171875,94.72064208984375,18.203285217285156
2021-12-28,447.5845947265625,390.2821044921875,210.0325164794922,68.7931137084961,99.16146087646484,124.41991424560547,168.63999938964844,95.06961059570312,18.168479919433594
2021-12-29,448.1571960449219,390.2237243652344,210.25885009765625,68.76704406738281,98.65419006347656,123.06066131591797,168.58999633789062,95.70940399169922,18.255495071411133
2021-12-30,446.91827392578125,389.0574951171875,210.20225524902344,68.58676147460938,98.98088836669922,124.09265899658203,169.8000030517578,96.1248550415039,18.168479919433594
2021-12-31,445.7920227050781,386.62799072265625,209.7496795654297,68.52579498291016,98.8691177368164,124.3359375,170.9600067138672,96.39070892333984,18.081466674804688
2022-01-03,448.3730163574219,390.35009765625,212.45584106445312,68.96998596191406,97.94922637939453,121.0721435546875,168.3300018310547,95.63461303710938,18.151077270507812
2022-01-04,448.222900390625,385.2870178222656,212.1352081298828,69.36190032958984,97.89762115478516,120.56871032714844,169.57000732421875,95.51829528808594,18.368614196777344
2022-01-05,439.615966796875,373.4505615234375,204.95025634765625,68.75224304199219,97.4849624633789,119.914306640625,169.05999755859375,92.78467559814453,18.290302276611328
2022-01-06,439.2030334472656,373.1881408691406,206.11947631835938,68.40386962890625,97.24423217773438,120.2247543334961,166.99000549316406,92.86775970458984,18.44692611694336
2022-01-07,437.4667053222656,369.1454772949219,203.7339324951172,68.60418701171875,96.92611694335938,119.36051940917969,167.75,92.2529067993164,18.48172950744629
2022-01-10,436.92230224609375,369.3883972167969,203.02674865722656,67.96839141845703,96.90034484863281,119.65422058105469,168.25999450683594,91.72113037109375,18.403417587280273
2022-01-11,440.9018859863281,374.93743896484375,205.18600463867188,68.70869445800781,97.1324691772461,120.45133972167969,170.2899932861328,91.86239624023438,18.760175704956055
2022-01-12,442.0939025878906,376.4241638183594,203.6585235595703,69.37931823730469,97.14968872070312,119.98977661132812,170.74000549316406,91.97042083740234,18.908096313476562
2022-01-13,436.00250244140625,367.0074768066406,201.79151916503906,68.8741683959961,97.45917510986328,121.05536651611328,170.16000366210938,91.7876205444336,18.707965850830078
2022-01-14,436.1808166503906,369.29132080078125,202.0744171142578,68.80449676513672,96.78856658935547,119.226318359375,169.6699981689453,90.95673370361328,18.95160484313965
2022-01-18,428.4561767578125,360.09808349609375,195.96438598632812,67.79420471191406,96.05781555175781,117.54821014404297,169.38999938964844,90.001220703125,19.099529266357422
2022-01-19,424.0072937011719,356.14288330078125,192.77731323242188,67.73323059082031,96.2899169921875,118.36209869384766,172.0800018310547,88.78813934326172,19.20394515991211
2022-01-20,419.314453125,351.51715087890625,189.28860473632812,67.40228271484375,96.49628448486328,119.09205627441406,171.64999389648438,87.64981079101562,19.13433265686035
2022-01-21,411.0829772949219,341.77001953125,185.7432403564453,66.48778533935547,97.05508422851562,120.510009765625,171.08999633789062,87.4338150024414,19.151735305786133
2022-01-24,412.8287658691406,343.3346862792969,190.0240478515625,65.82587432861328,96.9691162109375,119.51995086669922,172.02999877929688,87.59998321533203,19.10822868347168
2022-01-25,407.78851318359375,335.3756103515625,187.4875946044922,65.42523956298828,96.84017181396484,119.32695770263672,172.5800018310547,87.25101470947266,19.282257080078125
2022-01-26,406.76544189453125,334.8508605957031,184.78147888183594,65.17266082763672,96.15239715576172,117.88379669189453,169.7899932861328,85.88835906982422,19.32576560974121
2022-01-27,404.7568359375,331.4787902832031,180.58555603027344,64.86783599853516,96.55643463134766,120.04853820800781,167.60000610351562,84.4675521850586,19.421480178833008
2022-01-28,414.80914306640625,341.8769836425781,184.1026153564453,65.08557891845703,96.77999114990234,120.09053039550781,167.10000610351562,87.201171875,19.43888282775879
2022-01-31,422.2803649902344,352.80963134765625,189.75062561035156,66.03490447998047,96.77999114990234,119.46959686279297,168.08999633789062,88.27299499511719,19.508493423461914
2022-02-01,425.1336669921875,355.2099304199219,191.7495880126953,66.6619873046875,96.64916229248047,119.0730209350586,168.22999572753906,87.95726013183594,19.586807250976562
2022-02-02,429.263427734375,358.09619140625,189.8448944091797,67.15841674804688,96.84711456298828,119.4762954711914,168.83999633789062,89.07894897460938,19.665117263793945
2022-02-03,419.1735534667969,343.5776672363281,186.25242614746094,66.09586334228516,96.43402862548828,118.54365539550781,168.60000610351562,88.13174438476562,19.70862579345703
2022-02-04,421.14459228515625,347.9118957519531,187.05392456054688,66.25263214111328,95.69393157958984,116.79608154296875,168.86000061035156,87.2593002319336,19.865249633789062
2022-02-07,419.7930603027344,345.113037109375,187.97793579101562,66.36585235595703,95.71978759765625,116.87166595458984,170.11000061035156,87.13469696044922,19.908756256103516
2022-02-08,423.2471008300781,348.990478515625,191.18382263183594,66.70551300048828,95.40998840332031,116.0903091430664,170.6300048828125,86.72754669189453,19.734729766845703
2022-02-09,429.4417724609375,356.3858337402344,194.8140106201172,67.7854995727539,95.5390625,116.30876159667969,171.2100067138672,88.68840789794922,19.934860229492188
2022-02-10,421.72662353515625,348.3199768066406,191.8250274658203,66.92325592041016,94.66130065917969,114.46033477783203,170.55999755859375,86.5946044921875,19.830446243286133
2022-02-11,413.41064453125,337.2706604003906,189.88262939453125,65.91297912597656,95.64231872558594,116.1575698852539,173.80999755859375,85.8052749633789,20.12628936767578
2022-02-14,412.0590515136719,337.6884765625,189.2225799560547,65.48621368408203,94.97966766357422,114.71240997314453,174.74000549316406,85.02423095703125,20.23070526123047
2022-02-15,418.70428466796875,346.0848083496094,194.29541015625,66.68810272216797,94.69573211669922,113.41007995605469,173.0800018310547,85.78864288330078,19.900054931640625
2022-02-16,419.1735534667969,345.9973449707031,194.7008819580078,66.94068145751953,94.89363861083984,114.08226776123047,174.86000061035156,86.18750762939453,19.926158905029297
2022-02-17,410.2194519042969,335.70611572265625,189.712890625,65.8607177734375,95.4013671875,114.93084716796875,177.25,85.27349853515625,20.09148597717285
2022-02-18,407.563232421875,331.87725830078125,188.0816650390625,65.58200073242188,95.71117401123047,116.14070129394531,177.1199951171875,84.75836181640625,20.169795989990234
2022-02-22,403.189453125,328.5439147949219,185.43211364746094,64.81558227539062,95.70256805419922,116.44322967529297,177.49000549316406,84.45093536376953,20.456945419311523
2022-02-23,396.03741455078125,320.1282653808594,181.96217346191406,64.2843017578125,95.20344543457031,114.83837127685547,178.2899932861328,83.05503845214844,20.648374557495117
2022-02-24,401.99737548828125,330.885986328125,186.73329162597656,63.42206954956055,95.4272232055664,114.9140625,177.13999938964844,84.45093536376953,20.73538589477539
2022-02-25,410.8670349121094,336.01708984375,190.9386749267578,65.00719451904297,95.4013671875,114.99809265136719,176.5500030517578,86.48661041259766,20.422138214111328
2022-02-28,409.81585693359375,337.01800537109375,191.71185302734375,63.770442962646484,96.48565673828125,117.51866149902344,178.3800048828125,85.19873046875,20.770193099975586
2022-03-01,403.57427978515625,331.8577880859375,188.1005096435547,62.3769416809082,97.42536163330078,118.87737274169922,181.6199951171875,84.75004577636719,21.605525970458984
2022-03-02,410.9985046386719,337.4260559082031,192.57933044433594,63.160789489746094,95.96112060546875,114.81383514404297,179.72999572753906,86.3370361328125,22.310335159301758
2022-03-03,408.9523620605469,332.6060485839844,190.29747009277344,61.91532897949219,96.37454223632812,115.98328399658203,180.8000030517578,87.04330444335938,22.553974151611328
2022-03-04,405.6297607421875,327.78594970703125,187.3179168701172,60.12120056152344,97.33064270019531,117.98558044433594,183.67999267578125,87.44210815429688,23.502426147460938
2022-03-07,393.6720886230469,315.6968688964844,182.65994262695312,58.213829040527344,96.91718292236328,117.08537292480469,186.41000366210938,85.71388244628906,24.015810012817383
2022-03-08,390.6874694824219,314.2294006347656,183.66885375976562,58.71897888183594,96.28844451904297,115.90753936767578,191.50999450683594,85.29843139648438,24.424772262573242
2022-03-09,401.1620178222656,325.541015625,188.84539794921875,61.17504119873047,95.69412231445312,114.7717514038086,185.82000732421875,86.61122131347656,22.484363555908203
2022-03-10,399.3505859375,321.92596435546875,188.50596618652344,60.44343948364258,95.25482940673828,113.12281036376953,186.39999389648438,86.82725524902344,22.214622497558594
2022-03-11,394.2728271484375,315.24981689453125,185.4980926513672,59.79023361206055,95.22897338867188,113.50137329101562,185.08999633789062,86.13762664794922,22.597482681274414
2022-03-14,391.3913879394531,309.195556640625,181.70761108398438,60.338924407958984,94.02312469482422,110.85124206542969,182.3000030517578,85.464599609375,21.93617820739746
2022-03-15,399.998291015625,318.89410400390625,184.6023712158203,60.913753509521484,93.98004150390625,110.65777587890625,178.88999938964844,86.03789520263672,21.396690368652344
2022-03-16,408.8678283691406,330.7207946777344,190.41058349609375,63.099815368652344,93.85086059570312,111.74308013916016,180.00999450683594,87.05989074707031,21.21396255493164
2022-03-17,413.9831237792969,334.7245788574219,193.39967346191406,63.631099700927734,93.6699447631836,110.91015625,180.88999938964844,88.40594482421875,22.232023239135742
2022-03-18,418.5174255371094,341.5757751464844,195.43634033203125,64.24945068359375,93.94559478759766,112.26465606689453,179.3000030517578,88.40594482421875,22.336442947387695
2022-03-21,418.39501953125,340.6260681152344,193.7108612060547,63.84883117675781,92.72250366210938,109.66505432128906,180.6699981689453,87.86585235595703,23.17177391052246
2022-03-22,423.29083251953125,347.3203125,195.65321350097656,64.44976806640625,92.21431732177734,108.260009765625,179.36000061035156,88.09017944335938,23.119565963745117
2022-03-23,417.8395690917969,342.3288879394531,192.2587432861328,63.613670349121094,92.8344955444336,110.63250732421875,181.80999755859375,87.10189056396484,23.693857192993164
2022-03-24,424.13818359375,349.9375915527344,194.46949768066406,64.2059097290039,92.31771850585938,109.7659683227539,183.1300048828125,87.65325927734375,23.45891761779785
2022-03-25,426.20953369140625,349.6457824707031,194.7339630126953,64.24076080322266,91.37019348144531,108.24320983886719,182.3800048828125,88.74768829345703,23.632946014404297
2022-03-28,429.2412109375,355.0556640625,194.80014038085938,64.03172302246094,91.57693481445312,109.16862487792969,179.05999755859375,89.69171905517578,22.606184005737305
2022-03-29,434.55126953125,361.16595458984375,200.0152587890625,65.45137786865234,92.0334701538086,109.99312591552734,179.13999938964844,92.32332611083984,22.693199157714844
2022-03-30,431.8680114746094,357.1767578125,195.99998474121094,65.18136596679688,92.3951644897461,110.85124206542969,180.5800018310547,91.65499114990234,23.102161407470703
2022-03-31,425.2209777832031,352.7496032714844,193.93096923828125,64.10140991210938,92.56747436523438,111.1204605102539,180.64999389648438,90.53551483154297,22.67579460144043
2022-04-01,426.42608642578125,352.0782165527344,196.1039276123047,64.70235443115234,91.96472930908203,111.54346466064453,179.5,92.29825592041016,22.823720932006836
2022-04-04,430.0791320800781,359.3270263671875,196.42515563964844,64.96363067626953,91.90435028076172,110.76828002929688,180.3699951171875,91.84712982177734,23.258787155151367
2022-04-05,424.6466979980469,351.3484802246094,191.7769317626953,64.083984375,90.80921173095703,108.2657470703125,179.24000549316406,91.39598846435547,23.067358016967773
2022-04-06,420.4004211425781,343.72021484375,189.0559844970703,63.31754684448242,90.49017333984375,107.38945770263672,179.66000366210938,92.48204040527344,22.884628295898438
2022-04-07,422.5189208984375,344.5375671386719,188.44192504882812,63.456912994384766,90.26595306396484,106.58052825927734,180.33999633789062,91.5630874633789,22.962942123413086
2022-04-08,421.3890380859375,339.7211608886719,186.9397735595703,63.4830322265625,89.80895233154297,105.42618560791016,181.47000122070312,91.71343994140625,23.250085830688477
2022-04-11,414.1865234375,331.68426513671875,185.68319702148438,62.81240463256836,89.3777847290039,103.7578353881836,182.3699951171875,90.72764587402344,23.058656692504883
2022-04-12,412.6518859863281,330.2830810546875,186.26898193359375,62.342105865478516,89.80895233154297,103.6146011352539,183.77000427246094,90.5939712524414,23.746065139770508
2022-04-13,417.37823486328125,336.996826171875,189.81178283691406,63.01272964477539,90.00725555419922,103.82523345947266,184.64999389648438,91.23725891113281,24.268146514892578
2022-04-14,412.18115234375,329.2905578613281,187.96954345703125,62.725311279296875,89.19672393798828,101.7440185546875,184.0399932861328,90.8446044921875,24.450876235961914
2022-04-18,412.3506774902344,329.543701171875,186.70355224609375,62.35952377319336,88.93802642822266,101.23847198486328,184.61000061035156,90.47701263427734,24.729320526123047
2022-04-19,419.00701904296875,336.9092712402344,190.4259033203125,62.65564727783203,88.35163116455078,100.48011016845703,181.82000732421875,92.44863891601562,24.0941219329834
2022-04-20,418.69635009765625,331.9955749511719,191.15338134765625,63.07369613647461,89.04150390625,102.50233459472656,182.7100067138672,93.9858169555664,24.120223999023438
2022-04-21,412.435302734375,325.12628173828125,186.87359619140625,62.39434814453125,88.54998016357422,101.7440185546875,182.05999755859375,93.33417510986328,24.085420608520508
2022-04-22,401.1184387207031,316.6125793457031,182.03646850585938,61.37535858154297,88.59310913085938,101.10364532470703,180.2899932861328,91.6967544555664,23.624244689941406
2022-04-25,403.4440002441406,320.6797180175781,183.1417999267578,61.07923126220703,89.1622314453125,102.11476135253906,177.0500030517578,91.46282196044922,23.450220108032227
2022-04-26,391.7599792480469,308.5756530761719,177.3693389892578,59.3721809387207,89.75724029541016,103.14273071289062,177.32000732421875,89.95904541015625,23.772171020507812
2022-04-27,392.86151123046875,308.20587158203125,176.6324005126953,59.642181396484375,89.25706481933594,101.8198471069336,175.97999572753906,89.36589050292969,23.937496185302734
2022-04-28,402.78497314453125,319.1520690917969,179.92962646484375,60.48699188232422,89.12771606445312,101.97151947021484,176.92999267578125,91.0116958618164,24.13762664794922
2022-04-29,387.8997802734375,304.79071044921875,174.73345947265625,59.78152847290039,88.6534652709961,100.64864349365234,176.91000366210938,86.83455657958984,23.95490074157715
2022-05-02,390.2346496582031,309.87945556640625,176.56625366210938,59.63347244262695,87.99297332763672,98.90403747558594,173.6300048828125,84.73762512207031,24.320358276367188
2022-05-03,392.02349853515625,310.2103271484375,178.07791137695312,60.07765197753906,88.09658813476562,99.57080078125,174.08999633789062,85.79025268554688,23.981002807617188
2022-05-04,403.96173095703125,320.69921875,182.8300323486328,61.13149642944336,88.6664047241211,100.11943817138672,175.8000030517578,86.77606964111328,24.729320526123047
2022-05-05,389.6039123535156,304.54742431640625,175.41371154785156,59.16315460205078,87.77714538574219,97.37632751464844,175.1300048828125,84.46192169189453,24.598798751831055
2022-05-06,387.2783203125,300.89874267578125,172.49435424804688,58.58833312988281,87.27641296386719,95.94144439697266,175.4199981689453,83.45940399169922,24.624902725219727
2022-05-09,374.8788146972656,289.1253967285156,165.23858642578125,56.82032012939453,87.92395782470703,96.78550720214844,172.8800048828125,79.78353118896484,23.511127471923828
2022-05-10,375.7449035644531,292.6380920410156,165.28585815429688,57.24708938598633,88.21747589111328,97.6633071899414,171.4199981689453,78.32987213134766,23.371906280517578
2022-05-11,369.7757873535156,283.9588623046875,161.1760711669922,56.90740966796875,88.7613754272461,99.54549407958984,172.82000732421875,78.16278839111328,23.946197509765625
2022-05-12,369.3897705078125,283.2874755859375,163.0656280517578,56.76805877685547,89.05496215820312,99.35980224609375,170.1699981689453,78.77265930175781,24.059314727783203
2022-05-13,378.22113037109375,293.7861328125,168.23348999023438,58.34446334838867,88.58869934082031,97.89118957519531,168.7899932861328,80.85287475585938,24.38996696472168
2022-05-16,376.6864318847656,290.38067626953125,167.430419921875,58.396732330322266,88.95996856689453,97.78990173339844,170.39999389648438,80.34325408935547,24.79022979736328
2022-05-17,384.43499755859375,297.90185546875,172.55101013183594,59.48540496826172,88.28654479980469,96.6082534790039,169.3300018310547,81.43766021728516,24.520488739013672
2022-05-18,368.9378356933594,283.27777099609375,166.50457763671875,58.06576919555664,88.91677856445312,98.66769409179688,169.4199981689453,79.07340240478516,23.989704132080078
2022-05-19,366.67822265625,281.7598876953125,166.778564453125,58.623172760009766,89.23619079589844,98.90403747558594,171.91000366210938,78.72254180908203,24.29425048828125
2022-05-20,366.8382263183594,280.8841857910156,166.35342407226562,59.0238037109375,89.65066528320312,100.02659606933594,172.02999877929688,79.2237777709961,24.329055786132812
2022-05-23,373.701904296875,285.5545959472656,168.36578369140625,60.025386810302734,89.1067123413086,98.38072967529297,172.8300018310547,80.14276123046875,24.51178741455078
2022-05-24,370.84912109375,279.4830627441406,165.87158203125,59.92958068847656,89.87511444091797,100.32199096679688,174.1300048828125,80.8194351196289,24.494382858276367
2022-05-25,374.1255187988281,283.39459228515625,168.8570556640625,59.9470100402832,90.05641174316406,100.71869659423828,173.0800018310547,81.50448608398438,24.668411254882812
2022-05-26,381.6011657714844,291.2466125488281,172.62661743164062,60.608924865722656,90.01324462890625,100.26289367675781,172.75999450683594,81.6047592163086,24.938154220581055
2022-05-27,390.968994140625,300.75274658203125,177.27484130859375,61.34051513671875,90.14275360107422,100.50768280029297,172.85000610351562,83.79358673095703,25.23400115966797
2022-05-31,388.7752990722656,299.9549255371094,175.07354736328125,60.97471237182617,89.2016830444336,98.38072967529297,171.13999938964844,82.76599884033203,25.059972763061523
2022-06-01,385.6307373046875,297.7364501953125,174.0815887451172,60.33021545410156,88.69945526123047,98.26827239990234,172.22999572753906,82.0809555053711,25.181793212890625
2022-06-02,392.9744873046875,305.89013671875,178.3329620361328,61.584381103515625,88.82916259765625,98.31898498535156,174.35000610351562,83.2087631225586,25.756084442138672
2022-06-03,386.52520751953125,297.9310607910156,176.7268829345703,60.70471954345703,88.65625762939453,98.10761260986328,172.5800018310547,82.09765625,25.999723434448242
2022-06-06,387.7020263671875,298.923583984375,177.4921112060547,60.9485969543457,87.9906005859375,96.29813385009766,171.82000732421875,81.83867645263672,26.11284065246582
2022-06-07,391.42095947265625,301.5019226074219,180.354736328125,61.13149642944336,88.34500885009766,97.33817291259766,172.94000244140625,82.96649932861328,26.286867141723633
2022-06-08,387.1653747558594,299.332275390625,177.56773376464844,60.27796936035156,88.01651763916016,96.4757308959961,172.77999877929688,81.05337524414062,26.521804809570312
2022-06-09,377.9574890136719,291.314697265625,173.88673400878906,59.012088775634766,87.93875122070312,96.79705810546875,172.22999572753906,79.13187408447266,26.5653133392334
2022-06-10,366.99835205078125,281.03985595703125,169.16940307617188,57.58774948120117,87.0743408203125,96.19668579101562,174.5399932861328,77.37748718261719,26.304271697998047
2022-06-13,353.0640869140625,267.9725646972656,161.2220001220703,55.68269348144531,85.52699279785156,93.17813873291016,169.92999267578125,73.50944519042969,26.008424758911133
2022-06-14,352.00018310546875,268.4590759277344,160.4452362060547,55.157470703125,84.84408569335938,92.0028305053711,168.57000732421875,72.94969177246094,25.721277236938477
2022-06-15,357.0184326171875,275.1629638671875,162.79441833496094,56.19011688232422,86.0283432006836,93.71928405761719,170.77000427246094,74.67904663085938,25.73868179321289
2022-06-16,345.2025146484375,264.0611267089844,155.2543487548828,54.95272445678711,86.59024047851562,94.46334075927734,172.69000244140625,72.71577453613281,25.851797103881836
2022-06-17,345.9466552734375,267.27197265625,156.46678161621094,54.73017501831055,86.6161880493164,94.76775360107422,171.27000427246094,73.26715850830078,24.929452896118164
2022-06-21,354.6554260253906,274.01513671875,159.27066040039062,55.558067321777344,86.16665649414062,93.16122436523438,170.6300048828125,74.28639221191406,24.86854362487793
2022-06-22,354.0124206542969,273.61553955078125,158.96751403808594,55.184181213378906,87.25584411621094,95.72319030761719,171.30999755859375,75.23043060302734,24.424772262573242
2022-06-23,357.4826965332031,277.6904296875,160.8715057373047,55.12186050415039,87.74860382080078,96.50953674316406,170.25999450683594,76.65970611572266,23.8765869140625
2022-06-24,368.848388671875,287.20501708984375,165.8540496826172,56.76875686645508,87.43736267089844,95.1736068725586,170.08999633789062,78.290771484375,24.10282325744629
2022-06-27,367.4395446777344,285.0994567871094,166.46975708007812,56.52839660644531,86.94465637207031,94.36184692382812,169.89999389648438,78.17304992675781,24.050613403320312
2022-06-28,359.93170166015625,276.413330078125,163.34381103515625,56.14561080932617,87.05703735351562,94.80156707763672,169.6199951171875,77.22301483154297,24.337759017944336
2022-06-29,359.6385803222656,276.666748046875,161.68609619140625,55.93196105957031,87.75724029541016,96.28125762939453,169.49000549316406,76.74378204345703,23.920093536376953
2022-06-30,356.71673583984375,273.2352600097656,160.4263153076172,55.62928771972656,88.43147277832031,97.12678527832031,168.4600067138672,76.6008529663086,23.18047332763672
2022-07-01,360.48956298828125,275.03875732421875,162.36810302734375,55.762813568115234,89.37947845458984,98.12397766113281,168.32000732421875,77.97969055175781,23.293594360351562
2022-07-05,361.17034912109375,279.74737548828125,163.71324157714844,54.56992721557617,89.70845794677734,98.89490509033203,164.75,77.76110076904297,21.727344512939453
2022-07-06,362.3901672363281,281.5411071777344,162.5007781982422,54.61444091796875,88.94657897949219,97.23436737060547,162.13999938964844,77.61815643310547,21.4053955078125
2022-07-07,367.8177185058594,287.5657958984375,166.3466033935547,55.442344665527344,88.40118408203125,96.37870788574219,162.22999572753906,77.82836151123047,22.29293441772461
2022-07-08,367.5152282714844,287.926513671875,166.32765197753906,55.50465393066406,87.8644027709961,95.31120300292969,162.3000030517578,77.4163818359375,22.684497833251953
2022-07-11,363.31683349609375,281.7750549316406,162.98390197753906,54.60554122924805,88.55699920654297,96.9548110961914,161.42999267578125,77.24824523925781,22.6409912109375
2022-07-12,360.1018371582031,279.0455017089844,162.42501831054688,54.59663772583008,88.76480865478516,97.5309066772461,160.8300018310547,76.94556427001953,21.614229202270508
2022-07-13,358.2107849121094,278.4703369140625,162.28289794921875,54.56992721557617,89.14572143554688,98.64920806884766,161.60000610351562,76.57563018798828,21.736047744750977
2022-07-14,357.3408508300781,279.464599609375,160.61575317382812,53.804351806640625,88.65225219726562,97.8443832397461,159.3300018310547,75.88621520996094,21.53591537475586
2022-07-15,364.1678771972656,284.5340270996094,163.95950317382812,54.658958435058594,88.95526123046875,98.39505004882812,159.00999450683594,77.17256164550781,21.814359664916992
2022-07-18,361.1609802246094,282.1260681152344,163.495361328125,54.88151168823242,88.69552612304688,97.36993408203125,159.16000366210938,76.62606811523438,22.223323822021484
2022-07-19,370.9192199707031,290.80224609375,169.26412963867188,56.3770637512207,88.28863525390625,96.84465789794922,159.5399932861328,78.61024475097656,22.310335159301758
2022-07-20,373.2831726074219,295.4134521484375,171.91644287109375,56.003170013427734,88.20205688476562,97.09884643554688,158.0399932861328,78.42529296875,22.29293441772461
2022-07-21,377.0843505859375,299.654052734375,172.79736328125,56.581809997558594,89.20630645751953,98.77630615234375,160.27000427246094,79.04743957519531,21.91877555847168
2022-07-22,373.58575439453125,294.3995361328125,170.04087829589844,56.43937683105469,90.22789764404297,100.43682098388672,160.6699981689453,79.45941162109375,21.657733917236328
2022-07-25,374.0396423339844,292.7227783203125,170.9218292236328,56.87558364868164,89.90757751464844,99.45408630371094,160.22999572753906,79.59392547607422,22.04929542541504
2022-07-26,369.6143493652344,286.9710693359375,169.87037658691406,56.08329391479492,89.94220733642578,99.53033447265625,160.0399932861328,79.6780014038086,22.092802047729492
2022-07-27,379.2119140625,299.09844970703125,173.73516845703125,57.40970230102539,90.12403106689453,98.97116088867188,161.6699981689453,80.1572265625,22.597482681274414
2022-07-28,383.96807861328125,302.0230407714844,176.1221923828125,57.70347595214844,91.0157241821289,99.75907135009766,163.63999938964844,82.7551498413086,22.614883422851562
2022-07-29,389.5658264160156,307.531005859375,177.37261962890625,58.504669189453125,91.05034637451172,99.48796081542969,164.10000610351562,83.20075988769531,22.719303131103516
2022-08-01,388.41229248046875,307.3457336425781,177.30630493164062,58.58477783203125,91.5828628540039,101.88396453857422,165.02999877929688,82.52815246582031,22.258129119873047
2022-08-02,385.84979248046875,306.4293518066406,177.13580322265625,57.65006637573242,90.31664276123047,99.7281494140625,164.0500030517578,81.46880340576172,22.14501190185547
2022-08-03,391.8919982910156,314.7742614746094,179.74072265625,57.988346099853516,90.6895751953125,101.29833221435547,164.4499969482422,81.72943115234375,21.953580856323242
2022-08-04,391.627197265625,316.2463073730469,179.36184692382812,58.2821159362793,91.14923095703125,101.26438903808594,167.1699981689453,81.60330963134766,21.718643188476562
2022-08-05,390.9653625488281,313.6629333496094,180.7353057861328,57.872615814208984,89.83099365234375,98.85395812988281,165.2899932861328,81.83032989501953,21.64033317565918
2022-08-08,390.511474609375,312.6490173339844,182.64878845214844,58.00615310668945,90.36004638671875,100.4496078491211,166.69000244140625,82.561767578125,21.9013729095459
2022-08-09,388.960693359375,309.1103515625,180.15753173828125,57.69457244873047,90.09115600585938,100.05917358398438,167.1999969482422,83.01577758789062,22.0841007232666
2022-08-10,397.1304931640625,317.7378234863281,185.30108642578125,58.99428176879883,90.14320373535156,99.4056396484375,166.77999877929688,84.27690124511719,22.388647079467773
2022-08-11,397.1304931640625,315.934326171875,185.99256896972656,58.976478576660156,89.54478454589844,97.08855438232422,166.33999633789062,84.07513427734375,22.823720932006836
2022-08-12,403.85345458984375,322.08575439453125,189.7910614013672,59.43048095703125,89.90038299560547,98.07311248779297,167.8699951171875,85.52124786376953,22.701900482177734
2022-08-15,405.5176086425781,324.6885681152344,190.4635772705078,59.074398040771484,90.18656921386719,97.98822021484375,165.7100067138672,85.86593627929688,22.42345428466797
2022-08-16,406.31195068359375,323.9281921386719,190.38780212402344,59.05659484863281,90.0824966430664,98.39562225341797,165.4199981689453,85.63893127441406,22.171113967895508
2022-08-17,403.42791748046875,320.2334899902344,187.1861114501953,58.58477783203125,89.47538757324219,97.36863708496094,164.35000610351562,85.1260757446289,22.258129119873047
2022-08-18,404.60052490234375,321.0037536621094,188.42698669433594,58.38893508911133,89.64887237548828,97.512939453125,163.9199981689453,84.56278228759766,22.597482681274414
2022-08-19,399.1634216308594,314.7449951171875,184.38221740722656,57.58774948120117,88.87702178955078,95.9427490234375,162.72000122070312,83.67158508300781,22.58877944946289
2022-08-22,390.85186767578125,306.4586181640625,180.58377075195312,56.608516693115234,88.48674011230469,95.6202163696289,161.63999938964844,81.84713745117188,22.788915634155273
2022-08-23,389.90625,306.2052001953125,180.87744140625,56.63521957397461,88.26990509033203,95.09398651123047,162.77000427246094,80.79620361328125,23.16307258605957
2022-08-24,391.15447998046875,307.09234619140625,182.2603759765625,56.70643997192383,87.97506713867188,94.39801788330078,163.25,81.25861358642578,23.40671157836914
2022-08-25,396.6766052246094,312.5223388671875,185.09268188476562,57.329593658447266,88.53878021240234,95.71358489990234,163.75,82.46929931640625,23.076059341430664
2022-08-26,383.2495422363281,299.7126159667969,179.0113525390625,55.825130462646484,88.4347152709961,96.43498229980469,161.75999450683594,80.39264678955078,23.17177391052246
2022-08-29,380.7154235839844,296.75872802734375,177.3631134033203,55.70050048828125,87.93170166015625,95.63717651367188,161.86000061035156,79.66960144042969,23.511127471923828
2022-08-30,376.5359191894531,293.4539489746094,174.88134765625,55.299903869628906,87.90567016601562,95.87482452392578,160.50999450683594,78.56819152832031,22.8585262298584
2022-08-31,373.67083740234375,291.7479553222656,173.82037353515625,54.926021575927734,87.54139709472656,94.95817565917969,159.27000427246094,78.19828033447266,22.379947662353516
2022-09-01,374.8433532714844,291.87469482421875,171.92591857910156,54.187137603759766,86.84550476074219,93.21965789794922,157.8699951171875,78.34120178222656,21.9013729095459
2022-09-02,370.8908996582031,287.7509765625,170.59027099609375,53.83106231689453,87.33203887939453,93.74700927734375,159.25999450683594,77.24824523925781,22.04929542541504
2022-09-06,369.4914245605469,285.684326171875,168.90415954589844,53.69752883911133,86.35897064208984,91.42501831054688,158.3300018310547,77.94605255126953,21.91877555847168
2022-09-07,376.12933349609375,291.4554443359375,172.57955932617188,54.169334411621094,86.9237289428711,92.87093353271484,159.94000244140625,79.46781158447266,21.396690368652344
2022-09-08,378.5877685546875,292.9665832519531,174.01934814453125,54.2049446105957,86.60224914550781,91.9183349609375,158.97999572753906,79.68640899658203,21.483705520629883
2022-09-09,384.4692077636719,299.3713684082031,177.51466369628906,55.58477020263672,86.6109390258789,92.12244415283203,159.82000732421875,80.55238342285156,22.092802047729492
2022-09-12,388.6014404296875,302.9296569824219,179.66494750976562,56.3592643737793,86.4024429321289,91.36544799804688,160.6300048828125,81.33428955078125,22.39735221862793
2022-09-13,371.70404052734375,286.3179931640625,172.6363067626953,54.40079116821289,85.9158935546875,91.5781021118164,158.5399932861328,78.2235107421875,22.28423309326172
2022-09-14,373.1224060058594,288.5894470214844,173.30892944335938,54.578834533691406,85.95933532714844,91.8927993774414,157.92999267578125,77.33230590820312,22.379947662353516
2022-09-15,368.88629150390625,283.7833557128906,172.049072265625,54.09811782836914,85.66394805908203,91.83326721191406,154.97999572753906,75.90303039550781,21.727344512939453
2022-09-16,366.0720520019531,282.0480041503906,169.54830932617188,53.76874542236328,85.73341369628906,91.06781005859375,155.83999633789062,75.91144561767578,21.649032592773438
2022-09-19,368.9109802246094,284.2443542480469,170.9976348876953,53.955692291259766,85.49016571044922,91.28042602539062,155.9600067138672,75.8021469116211,21.718643188476562
2022-09-20,364.67633056640625,281.9787292480469,168.6673583984375,53.03877258300781,84.960205078125,90.37034606933594,155.07000732421875,73.96088409423828,21.692541122436523
2022-09-21,358.3150634765625,276.92962646484375,166.09085083007812,52.34440612792969,85.29904174804688,91.88431549072266,155.7899932861328,72.79225158691406,21.56201934814453
2022-09-22,355.3051452636719,273.5211486816406,162.34922790527344,52.19306945800781,84.01319885253906,89.53680419921875,155.6999969482422,71.867431640625,21.622928619384766
2022-09-23,349.3521423339844,269.0677795410156,158.4844207763672,50.52837371826172,84.1174545288086,89.9025650024414,153.00999450683594,70.91218566894531,20.892011642456055
2022-09-26,345.8961181640625,267.9544982910156,156.31446838378906,49.78059387207031,82.71869659423828,88.18447875976562,151.22999572753906,68.92350006103516,20.404733657836914
2022-09-27,345.0131530761719,268.0619201660156,156.84768676757812,49.44231414794922,82.15397644042969,85.86244201660156,151.5399932861328,68.00566101074219,20.622272491455078
2022-09-28,351.80169677734375,273.3941955566406,161.80836486816406,50.63520431518555,84.0045166015625,88.73731231689453,154.69000244140625,69.41643524169922,21.19655990600586
2022-09-29,344.45294189453125,265.5129089355469,158.1807098388672,50.038753509521484,83.6135482788086,88.27803039550781,154.66000366210938,67.37677764892578,21.066038131713867
2022-09-30,339.12652587890625,261.01080322265625,157.02857971191406,49.860713958740234,83.39639282226562,87.13829803466797,154.6699981689453,68.13314056396484,20.80499839782715
2022-10-03,348.079833984375,267.1341552734375,161.18946838378906,50.848846435546875,84.3861312866211,88.52285766601562,158.42999267578125,69.34842681884766,21.274873733520508
2022-10-04,358.8656921386719,275.53302001953125,167.57839965820312,52.88743209838867,84.56024169921875,88.27561950683594,160.6999969482422,70.7507095336914,21.849164962768555
2022-10-05,358.0301208496094,275.386474609375,166.34060668945312,52.32660675048828,83.75933074951172,87.43155670166016,159.80999755859375,69.36544799804688,22.240726470947266
2022-10-06,354.3368225097656,273.21844482421875,165.4075164794922,51.40968322753906,83.2979965209961,86.94558715820312,159.6300048828125,67.43627166748047,22.379947662353516
2022-10-07,344.45294189453125,262.8077087402344,160.54200744628906,50.590694427490234,82.88886260986328,86.10151672363281,157.8800048828125,65.81302642822266,22.614883422851562
2022-10-10,341.82293701171875,260.18060302734375,159.64700317382812,50.30582046508789,82.4013900756836,84.76301574707031,155.47999572753906,65.19263458251953,22.362546920776367
2022-10-11,339.65826416015625,256.6061706542969,159.69461059570312,49.75389099121094,82.61033630371094,85.13813781738281,155.16000366210938,65.85552215576172,22.04059410095215
2022-10-12,338.537841796875,256.518310546875,159.25660705566406,49.593650817871094,82.88018035888672,85.55589294433594,155.99000549316406,65.16714477539062,22.04059410095215
2022-10-13,347.4721984863281,262.53424072265625,163.1985321044922,50.61739730834961,82.5319595336914,84.73741912841797,154.91000366210938,66.3569564819336,22.345142364501953
2022-10-14,339.55377197265625,254.6431427001953,158.82814025878906,49.860713958740234,82.07060241699219,84.03829193115234,152.97999572753906,64.7082290649414,21.9013729095459
2022-10-17,348.27923583984375,263.05181884765625,163.8936004638672,51.089210510253906,82.15763092041016,83.62906646728516,153.4199981689453,67.1473159790039,21.849164962768555
2022-10-18,352.3714294433594,265.1320495605469,165.83595275878906,51.454193115234375,82.36654663085938,83.8251724243164,153.75,67.8781967163086,21.614229202270508
2022-10-19,349.8743591308594,264.16522216796875,163.0176239013672,50.822139739990234,81.50479125976562,82.2990493774414,151.69000244140625,66.18696594238281,21.605525970458984
2022-10-20,346.9405822753906,262.81744384765625,160.94192504882812,50.706417083740234,80.89543151855469,80.892333984375,151.4499969482422,65.89802551269531,21.622928619384766
2022-10-21,355.3717041015625,268.9800109863281,164.43630981445312,51.62333679199219,81.07821655273438,79.43441009521484,154.14999389648438,66.41643524169922,21.649032592773438
2022-10-24,359.7202453613281,271.93902587890625,165.1409149169922,51.632240295410156,80.97376251220703,78.7779541015625,153.64999389648438,66.40792846679688,21.709943771362305
2022-10-25,365.46441650390625,277.56439208984375,169.64456176757812,52.77170944213867,81.98355102539062,81.07136535644531,154.0,69.01700592041016,21.831764221191406
2022-10-26,362.7110290527344,271.4311828613281,170.48245239257812,53.270225524902344,82.4013900756836,82.23939514160156,154.97999572753906,68.97451782226562,22.240726470947266
2022-10-27,360.7740783691406,266.48956298828125,170.5205535888672,52.77170944213867,82.9845962524414,83.10045623779297,154.74000549316406,69.07648468017578,22.27553367614746
2022-10-28,369.3570861816406,274.6443176269531,174.39581298828125,53.29692840576172,82.55804443359375,82.5292739868164,153.16000366210938,70.59774017333984,22.014490127563477
2022-10-31,366.6891784667969,271.4507751464844,174.55767822265625,52.79841613769531,82.18374633789062,81.94097137451172,151.91000366210938,70.5212631225586,21.857866287231445
2022-11-01,365.0846862792969,268.67718505859375,174.7957000732422,53.2168083190918,82.16893005371094,82.7067642211914,153.4600067138672,70.49575805664062,22.18851661682129
2022-11-02,355.9223937988281,259.4676818847656,168.99713134765625,52.44232940673828,82.02935791015625,82.34780883789062,152.38999938964844,68.5580825805664,22.388647079467773
2022-11-03,352.2574768066406,254.3989715576172,167.86407470703125,51.99722671508789,81.67167663574219,81.90339660644531,151.80999755859375,68.46459197998047,22.371246337890625
2022-11-04,357.3275451660156,258.49102783203125,170.13015747070312,54.080318450927734,81.4971923828125,80.52734375,156.47000122070312,69.39944458007812,23.128267288208008
2022-11-07,360.74560546875,261.3330383300781,170.9014129638672,54.24945068359375,81.20930480957031,79.72395324707031,155.85000610351562,69.39944458007812,22.928136825561523
2022-11-08,362.6920166015625,263.2373962402344,170.9680938720703,54.86370849609375,81.75018310546875,80.59571838378906,159.4499969482422,69.61190795898438,22.64969253540039
2022-11-09,355.21978759765625,257.16290283203125,166.27395629882812,54.09811782836914,82.02935791015625,80.86066436767578,158.64999389648438,68.89803314208984,22.127609252929688
2022-11-10,374.7406005859375,276.1385498046875,176.5095672607422,57.13374328613281,83.87004852294922,83.97168731689453,163.47999572753906,73.93768310546875,22.327739715576172
2022-11-11,378.3675231933594,281.2266845703125,177.9568328857422,58.27320861816406,83.69561767578125,83.66400909423828,164.55999755859375,73.92918395996094,22.754106521606445
2022-11-14,375.14886474609375,278.765625,175.9668426513672,57.65896224975586,83.49493408203125,83.45887756347656,164.9199981689453,72.12749481201172,22.414752960205078
2022-11-15,378.3485107421875,282.6232604980469,178.57577514648438,58.04175567626953,84.11433410644531,84.80927276611328,165.5,72.90935516357422,22.67579460144043
2022-11-16,375.4621887207031,278.765625,175.4336395263672,57.90822219848633,84.73371887207031,86.6639175415039,165.1199951171875,72.2464599609375,22.42345428466797
2022-11-17,374.31329345703125,278.1503601074219,173.8054656982422,57.881507873535156,84.1579360961914,85.74940490722656,163.9199981689453,71.75353240966797,22.04929542541504
2022-11-18,376.0128173828125,278.1601257324219,174.9290008544922,57.99724197387695,83.861328125,85.1596908569336,162.7899932861328,72.66287994384766,21.892671585083008
2022-11-21,374.6455993652344,275.2985534667969,174.01495361328125,57.56104278564453,83.80899047851562,85.51864624023438,161.8800048828125,73.04534149169922,21.814359664916992
2022-11-22,379.687255859375,279.2637023925781,175.8716278076172,58.36223220825195,84.28881072998047,86.73229217529297,162.07000732421875,73.44477081298828,22.04059410095215
2022-11-23,382.0799560546875,282.06658935546875,176.3286590576172,59.00318145751953,84.74242401123047,88.24505615234375,163.0800018310547,73.5042495727539,21.736047744750977
2022-11-25,381.99444580078125,280.2110595703125,176.7000274658203,59.305850982666016,84.71623992919922,87.94593048095703,163.22000122070312,73.9716796875,21.54461669921875
2022-11-28,375.8989562988281,276.0994873046875,173.13894653320312,58.54027557373047,84.75115203857422,88.19377136230469,161.92999267578125,71.99150085449219,21.414094924926758
2022-11-29,375.2533264160156,274.009521484375,173.6436004638672,58.709415435791016,84.39350891113281,87.15962219238281,162.72999572753906,73.18130493164062,21.692541122436523
2022-11-30,387.073974609375,286.50042724609375,178.4043731689453,59.75096130371094,85.15245056152344,87.80061340332031,164.80999755859375,74.85552215576172,22.17981719970703
2022-12-01,386.78912353515625,286.85205078125,178.01394653320312,60.329593658447266,86.08248138427734,90.60550689697266,167.83999633789062,74.69404602050781,22.066699981689453
2022-12-02,386.34295654296875,285.7093200683594,179.0518341064453,60.28508377075195,86.25730895996094,91.74491882324219,167.25999450683594,74.47308349609375,21.831764221191406
2022-12-05,379.3929138183594,280.91424560546875,174.1196746826172,59.492801666259766,85.38323211669922,90.45984649658203,164.38999938964844,73.11331176757812,21.266172409057617
2022-12-06,373.924072265625,275.093505859375,171.45367431640625,59.225738525390625,85.90769958496094,91.6249771118164,164.83999633789062,72.4249267578125,20.926816940307617
2022-12-07,373.2879333496094,273.97039794921875,170.94900512695312,59.225738525390625,86.659423828125,93.78388977050781,166.3300018310547,72.56940460205078,20.822402954101562
2022-12-08,376.21221923828125,277.21282958984375,172.18679809570312,59.52841567993164,86.16991424560547,93.5268783569336,166.47000122070312,73.07933044433594,20.787595748901367
2022-12-09,373.4018859863281,275.44512939453125,170.07301330566406,59.56401824951172,85.53181457519531,91.09381866455078,167.05999755859375,72.943359375,20.81369972229004
2022-12-12,378.78521728515625,278.9023742675781,172.0725555419922,59.74205780029297,85.40946197509766,91.38507843017578,165.67999267578125,73.5042495727539,21.039936065673828
2022-12-13,381.6526184082031,281.9005432128906,173.49778747558594,60.58937454223633,86.17863464355469,92.26750946044922,168.50999450683594,74.864013671875,21.387990951538086
2022-12-14,379.2125549316406,279.8105773925781,172.35951232910156,60.53573226928711,86.41468048095703,92.6615982055664,168.10000610351562,74.35411071777344,21.55331802368164
2022-12-15,369.93634033203125,270.41552734375,168.04550170898438,58.989498138427734,86.58282470703125,93.02313995361328,165.35000610351562,73.35977935791016,21.292274475097656
2022-12-16,365.5688171386719,267.8372497558594,166.79241943359375,58.471099853515625,86.3638687133789,91.9840087890625,166.7899932861328,71.46458435058594,21.022533416748047
2022-12-19,362.46893310546875,264.0732727050781,164.5349884033203,58.32809829711914,85.66321563720703,90.43818664550781,166.32000732421875,70.55522918701172,20.983139038085938
2022-12-20,362.96490478515625,263.8675842285156,165.4054412841797,58.56047821044922,85.04138946533203,88.83228302001953,169.0800018310547,70.37677001953125,21.07943344116211
2022-12-21,368.3922119140625,267.69537353515625,168.25595092773438,59.168251037597656,85.146484375,89.05558776855469,168.8000030517578,70.98015594482422,21.350805282592773
2022-12-22,363.1365661621094,261.1462097167969,166.05589294433594,58.68561935424805,85.1202163696289,89.03839111328125,166.75999450683594,70.68196105957031,21.07943344116211
2022-12-23,365.22540283203125,261.7335205078125,166.81155395507812,58.891178131103516,84.73486328125,87.73304748535156,167.25999450683594,71.3111343383789,21.4646053314209
2022-12-27,363.78515625,258.0330505371094,165.69244384765625,58.98055648803711,84.0254898071289,85.99832153320312,168.6699981689453,71.2852783203125,21.65719223022461
2022-12-28,359.26416015625,254.62635803222656,163.11932373046875,58.35491943359375,83.82402801513672,85.49162292480469,167.91000366210938,70.0700454711914,21.41208267211914
2022-12-29,365.7309875488281,260.8328552246094,167.25160217285156,59.275508880615234,84.23565673828125,86.46208190917969,168.85000610351562,71.60417175292969,21.385820388793945
2022-12-30,364.767578125,260.67620849609375,166.7829132080078,58.6677360534668,83.88529205322266,85.50023651123047,169.63999938964844,71.08705139160156,21.578407287597656
2023-01-03,363.2320251464844,258.9141540527344,165.86459350585938,59.18613052368164,84.54217529296875,87.13189697265625,171.05999755859375,71.15597534179688,21.061925888061523
2023-01-04,366.0362243652344,260.1475830078125,167.9307098388672,59.97264862060547,85.1902847290039,88.32560729980469,172.6699981689453,72.7676773071289,20.685508728027344
2023-01-05,361.8584899902344,256.0751647949219,166.13241577148438,59.37382125854492,85.06765747070312,88.69489288330078,170.52000427246094,70.81124877929688,20.580461502075195
2023-01-06,370.1566467285156,263.1432189941406,169.8629608154297,60.89324951171875,86.16243743896484,90.32655334472656,173.7100067138672,72.71597290039062,20.69426155090332
2023-01-09,369.9468078613281,264.8465270996094,170.14990234375,61.15245056152344,86.38138580322266,90.8074951171875,174.10000610351562,72.74183654785156,20.93937110900879
2023-01-10,372.5411682128906,267.0883483886719,172.66561889648438,61.331199645996094,85.83839416503906,89.30461120605469,174.74000549316406,72.90558624267578,20.93937110900879
2023-01-11,377.2530822753906,271.7091369628906,174.8178253173828,61.795963287353516,86.39013671875,90.7559585571289,174.6199951171875,75.51705932617188,21.3157901763916
2023-01-12,378.6265869140625,273.17742919921875,177.75442504882812,62.707637786865234,87.1608657836914,92.54222106933594,176.63999938964844,76.4737319946289,21.49086570739746
2023-01-13,380.09539794921875,275.05712890625,178.92140197753906,63.03832244873047,86.6966781616211,91.6748275756836,178.75999450683594,75.99971008300781,21.700963973999023
2023-01-17,379.3991394042969,275.6150207519531,178.701416015625,63.23495101928711,86.42517852783203,91.0822982788086,177.58999633789062,76.21516418457031,21.849777221679688
2023-01-18,373.4091796875,272.0320739746094,175.81263732910156,63.01150894165039,87.59877014160156,93.28936767578125,177.0800018310547,75.10334014892578,21.613422393798828
2023-01-19,370.6908264160156,269.3595886230469,174.12908935546875,62.91320037841797,87.43236541748047,92.70538330078125,179.88999938964844,74.68966674804688,21.832271575927734
2023-01-20,377.59637451171875,276.7310791015625,176.99874877929688,63.46733856201172,86.85431671142578,91.20250701904297,179.2899932861328,75.57740020751953,21.963579177856445
2023-01-23,382.1270446777344,282.87890625,179.189208984375,63.72653579711914,86.5740737915039,90.77312469482422,179.6300048828125,75.922119140625,22.016101837158203
2023-01-24,381.7169494628906,282.3013610839844,178.8065948486328,63.64608383178711,87.07328033447266,92.0784683227539,180.27999877929688,76.11174774169922,21.89354705810547
2023-01-25,381.85992431640625,281.6748046875,179.3040313720703,64.06617736816406,87.16960906982422,92.3017578125,181.11000061035156,76.1462173461914,21.832271575927734
2023-01-26,386.0567321777344,287.1667175292969,180.3657684326172,64.11980438232422,86.85431671142578,91.87237548828125,179.47000122070312,76.99947357177734,21.92856216430664
2023-01-27,386.9438171386719,290.0253601074219,181.3414764404297,63.994667053222656,86.72296142578125,91.64048767089844,179.22000122070312,77.861328125,21.683454513549805
2023-01-30,382.0888977050781,284.1614074707031,178.81619262695312,63.58352279663086,86.45144653320312,91.30557250976562,178.75999450683594,76.87019348144531,21.403329849243164
2023-01-31,387.70684814453125,288.4197998046875,183.15890502929688,63.94999313354492,86.88935089111328,92.03551483154297,179.41000366210938,78.48188018798828,21.770994186401367
2023-02-01,391.82733154296875,294.5872497558594,186.03810119628906,64.5219955444336,87.51427459716797,93.14190673828125,181.6699981689453,78.96454620361328,21.359560012817383
2023-02-02,397.5311584472656,305.15997314453125,189.70164489746094,64.4326171875,87.47917938232422,93.262451171875,177.89999389648438,80.75721740722656,21.20198631286621
2023-02-03,393.3057556152344,299.73651123046875,188.42947387695312,63.83378601074219,86.54004669189453,91.86763763427734,173.4600067138672,79.2403335571289,20.668001174926758
2023-02-06,390.90216064453125,297.2010498046875,185.70330810546875,63.18132019042969,85.79401397705078,91.18746948242188,173.82000732421875,78.66287994384766,20.729276657104492
2023-02-07,396.0146179199219,303.35870361328125,187.0807342529297,63.71759796142578,85.5833511352539,90.4555892944336,173.97999572753906,78.49050903320312,21.123201370239258
2023-02-08,391.6842956542969,297.9646301269531,184.3450164794922,63.3243293762207,85.89932250976562,90.88612365722656,174.41000366210938,78.11990356445312,21.16697120666504
2023-02-09,388.2886962890625,295.3312072753906,181.67625427246094,63.440528869628906,85.51312255859375,90.0251235961914,173.02999877929688,77.26664733886719,21.000648498535156
2023-02-10,389.19482421875,293.3929748535156,182.03973388671875,63.16343688964844,85.10064697265625,89.01776885986328,173.36000061035156,77.53382110595703,21.298282623291016
2023-02-13,393.7635498046875,298.0918884277344,184.23020935058594,63.798030853271484,85.3025131225586,89.76683807373047,172.47999572753906,78.22332763671875,21.254512786865234
2023-02-14,393.5823974609375,300.2945251464844,184.14413452148438,63.91422653198242,84.91631317138672,89.56018829345703,172.61000061035156,77.602783203125,21.324542999267578
2023-02-15,394.8604736328125,302.5950927734375,186.00936889648438,63.62821960449219,84.66178894042969,88.72502136230469,170.88999938964844,77.91304779052734,21.096940994262695
2023-02-16,389.4237060546875,296.9172058105469,184.23020935058594,63.315399169921875,84.38094329833984,87.46797180175781,170.75,77.15459442138672,21.03566551208496
2023-02-17,388.4508361816406,294.8221740722656,184.73719787597656,63.47627639770508,84.617919921875,88.14814758300781,171.25999450683594,76.85294342041016,20.878093719482422
2023-02-21,380.6581726074219,287.8422546386719,179.28488159179688,62.77912139892578,83.69632720947266,86.43480682373047,170.6199951171875,75.3102035522461,20.904356002807617
2023-02-22,380.13360595703125,288.0576171875,179.77272033691406,62.43054962158203,83.84555053710938,87.22692108154297,169.66000366210938,74.62933349609375,20.632984161376953
2023-02-23,382.15570068359375,290.57354736328125,181.05445861816406,62.7523193359375,84.1702880859375,88.07928466796875,169.57000732421875,75.1895523071289,20.79055404663086
2023-02-24,378.0733337402344,285.70819091796875,179.36141967773438,61.70658874511719,83.6612319946289,86.93418884277344,168.35000610351562,73.87090301513672,20.720523834228516
2023-02-27,379.3609924316406,287.754150390625,179.9927215576172,62.43948745727539,83.91578674316406,87.17524719238281,169.00999450683594,73.9829330444336,20.73802947998047
2023-02-28,377.95892333984375,287.3821105957031,180.00228881835938,61.98365783691406,84.04741668701172,87.57128143310547,169.77999877929688,73.8795166015625,20.799306869506836
2023-03-01,376.5090637207031,285.07177734375,180.2318572998047,62.314353942871094,83.3754653930664,86.6305160522461,170.75999450683594,72.94868469238281,21.158218383789062
2023-03-02,379.4372863769531,287.4311218261719,180.66229248046875,62.43948745727539,83.03247833251953,85.86233520507812,170.66000366210938,73.80194091796875,21.07943344116211
2023-03-03,385.52264404296875,293.3732604980469,183.17800903320312,63.35114288330078,83.70087432861328,87.94244384765625,172.49000549316406,74.92237854003906,21.41208267211914
2023-03-06,385.78973388671875,293.7061462402344,180.49969482421875,63.190269470214844,83.55136108398438,87.26058197021484,171.6199951171875,74.62933349609375,21.307035446166992
2023-03-07,379.87603759765625,290.10357666015625,178.4048614501953,62.135597229003906,83.5601577758789,87.79570770263672,168.6199951171875,72.88835144042969,20.869340896606445
2023-03-08,380.4960632324219,291.5524597167969,178.49098205566406,62.47523880004883,83.53378295898438,87.88202667236328,168.5399932861328,73.72437286376953,20.755537033081055
2023-03-09,373.4759521484375,286.5010986328125,173.52651977539062,62.01941680908203,84.05269622802734,88.09783172607422,170.1999969482422,72.03511047363281,20.501676559448242
2023-03-10,368.0868835449219,282.47760009765625,168.52378845214844,61.35801696777344,85.6005630493164,91.13595581054688,173.8699951171875,69.64772033691406,20.720523834228516
2023-03-13,367.5623779296875,284.5724792480469,165.7785186767578,60.93793869018555,86.63837432861328,91.34309387207031,177.86000061035156,70.56130981445312,20.589214324951172
2023-03-14,373.6380920410156,291.1119079589844,168.84901428222656,61.75127410888672,85.82046508789062,89.84127044677734,176.8300018310547,71.24219512939453,20.326595306396484
2023-03-15,371.30120849609375,292.63916015625,166.06549072265625,59.838592529296875,87.0605239868164,91.57614135742188,178.2100067138672,71.19046020507812,19.853885650634766
2023-03-16,377.8157958984375,300.35333251953125,168.33245849609375,60.76811599731445,86.27780151367188,90.8597640991211,178.57000732421875,71.03532409667969,19.915163040161133
2023-03-17,373.3981018066406,298.9337463378906,163.78887939453125,60.044158935546875,87.29801177978516,92.22347259521484,183.77000427246094,69.42363739013672,19.853885650634766
2023-03-20,376.9886169433594,299.99462890625,165.9124298095703,60.98262405395508,86.94620513916016,91.41214752197266,183.83999633789062,70.21654510498047,19.93267059326172
2023-03-21,381.93865966796875,304.2793273925781,168.9733428955078,61.903221130371094,86.18983459472656,90.62672424316406,180.3699951171875,69.90628814697266,20.002700805664062
2023-03-22,375.42791748046875,300.1417236328125,164.1810760498047,61.68870544433594,87.32435607910156,91.8350830078125,183.44000244140625,67.29483032226562,20.055225372314453
2023-03-23,376.4428405761719,303.70086669921875,163.45237731933594,61.69765090942383,87.8256607055664,91.8350830078125,185.74000549316406,66.87248992919922,20.002700805664062
2023-03-24,378.9131164550781,304.81854248046875,164.93089294433594,61.50996017456055,87.85209655761719,92.22347259521484,183.64999389648438,68.58738708496094,20.0989933013916
2023-03-27,379.62158203125,302.7301940917969,166.7646484375,62.09091567993164,86.77030181884766,90.05707550048828,181.9499969482422,68.50904846191406,20.475414276123047
2023-03-28,378.7695007324219,301.1221923828125,166.52464294433594,62.11772537231445,86.71755981445312,90.22107696533203,183.44000244140625,68.34366607666016,20.571706771850586
2023-03-29,384.2747802734375,306.6128234863281,168.4159393310547,62.86851119995117,86.56803131103516,90.039794921875,182.52999877929688,69.85833740234375,20.440397262573242
2023-03-30,386.52484130859375,309.5149841308594,168.18553161621094,63.60140609741211,86.699951171875,90.45410919189453,184.17999267578125,70.77238464355469,20.589214324951172
2023-03-31,391.9727478027344,314.66253662109375,171.2769775390625,63.92316818237305,87.17483520507812,91.8092041015625,183.22000122070312,72.2870864868164,20.781801223754883
2023-04-03,393.4664611816406,313.8977355957031,171.35377502441406,64.4326171875,87.58551025390625,92.24098205566406,184.5399932861328,71.71253204345703,21.123201370239258
2023-04-04,391.2834167480469,312.83880615234375,168.34873962402344,64.44156646728516,88.14950561523438,92.69953918457031,187.97999572753906,71.61676788330078,21.096940994262695
2023-04-05,390.2588806152344,309.7503356933594,166.69741821289062,63.994667053222656,88.5196304321289,93.66868591308594,187.8300018310547,71.2337417602539,21.17572784423828
2023-04-06,391.7812805175781,311.8387451171875,166.94703674316406,64.29855346679688,88.54606628417969,93.91101837158203,186.49000549316406,71.72122192382812,21.114450454711914
2023-04-10,392.18341064453125,311.6622314453125,168.7327423095703,64.25386810302734,87.67363739013672,92.396728515625,185.11000061035156,72.05200958251953,21.114450454711914
2023-04-11,392.28875732421875,309.6621398925781,170.06729125976562,64.4683609008789,87.63839721679688,92.58710479736328,186.27999877929688,72.35670471191406,21.22825050354004
2023-04-12,390.6898193359375,306.92657470703125,168.81919860839844,64.87950134277344,87.89395904541016,92.49189758300781,187.19000244140625,72.00850677490234,21.394577026367188
2023-04-13,395.879150390625,312.9369201660156,171.05616760253906,65.71073150634766,87.6031265258789,91.76505279541016,189.72000122070312,71.7908706665039,21.394577026367188
2023-04-14,394.912109375,312.34857177734375,169.46243286132812,65.44258880615234,87.17133331298828,90.92570495605469,186.36000061035156,70.67662048339844,21.42083740234375
2023-04-17,396.32916259765625,312.61334228515625,171.64178466796875,65.32638549804688,86.61614990234375,89.8440933227539,185.52999877929688,72.14777374267578,21.33329963684082
2023-04-18,396.587646484375,312.6329040527344,170.91213989257812,65.68390655517578,86.75715637207031,90.16427612304688,186.25,71.98239135742188,21.37706756591797
2023-04-19,396.5207214355469,312.48577880859375,171.13294982910156,65.47834014892578,86.57209777832031,90.07771301269531,185.36000061035156,72.408935546875,21.07943344116211
2023-04-20,394.3568115234375,310.10333251953125,170.24969482421875,65.47834014892578,87.07438659667969,90.84784698486328,186.08999633789062,71.69511413574219,20.895601272583008
2023-04-21,394.6632080078125,310.4268798828125,170.47048950195312,65.80903625488281,86.86290740966797,90.33731842041016,184.25,71.70382690429688,20.851831436157227
2023-04-24,395.074951171875,309.7797546386719,170.35528564453125,65.9788589477539,87.28589630126953,91.21124267578125,184.80999755859375,71.4339599609375,21.018156051635742
2023-04-25,388.8035583496094,303.9361267089844,166.1501922607422,65.05827331542969,88.14950561523438,92.5524673461914,185.75,70.72883605957031,20.720523834228516
2023-04-26,387.1567077636719,305.7794189453125,164.54685974121094,65.0135726928711,87.80582427978516,91.56604766845703,184.74000549316406,70.04987335205078,20.405380249023438
2023-04-27,394.86431884765625,314.09381103515625,166.7454376220703,65.82691955566406,87.23302459716797,90.65746307373047,184.75,71.63419342041016,20.431642532348633
2023-04-28,398.2345275878906,316.2606201171875,168.20472717285156,65.80010986328125,87.88513946533203,92.11982727050781,184.8000030517578,72.51341247558594,20.624231338500977
2023-05-01,397.83233642578125,315.89788818359375,168.30076599121094,65.7017822265625,86.8507308959961,89.46359252929688,183.97000122070312,71.97369384765625,20.44915199279785
2023-05-02,393.3610534667969,313.14276123046875,164.844482421875,65.0403823852539,87.98141479492188,91.69304656982422,187.52000427246094,70.75495910644531,19.985193252563477
2023-05-03,390.6610107421875,311.0936279296875,165.44932556152344,65.210205078125,88.55558776855469,92.20481872558594,189.11000061035156,70.47640228271484,19.73133087158203
2023-05-04,387.89404296875,309.9955139160156,163.5963897705078,65.07613372802734,88.53791046142578,91.29399108886719,190.44000244140625,71.05963134765625,19.810115814208984
2023-05-05,395.074951171875,316.5842590332031,167.4846954345703,66.03247833251953,88.06094360351562,90.99036407470703,187.4600067138672,72.24354553222656,20.25656509399414
2023-05-08,395.18023681640625,317.3686218261719,167.1006622314453,66.05036163330078,87.5220718383789,89.71514892578125,187.69000244140625,71.82569122314453,20.35285758972168
2023-05-09,393.447265625,315.35870361328125,166.60142517089844,65.7822265625,87.41608428955078,89.39418029785156,189.02000427246094,71.5210189819336,20.414134979248047
2023-05-10,395.2855224609375,318.790283203125,167.44625854492188,65.64816284179688,88.06974792480469,90.26168823242188,188.75,72.20872497558594,20.35285758972168
2023-05-11,394.5961608886719,319.82958984375,166.1597900390625,65.4872817993164,88.39659118652344,91.21590423583984,187.1300048828125,71.41656494140625,20.002700805664062
2023-05-12,394.0791931152344,318.68243408203125,165.82376098632812,65.37109375,87.86659240722656,90.45252990722656,186.80999755859375,71.40784454345703,19.84513282775879
2023-05-15,395.43878173828125,320.4080505371094,167.84950256347656,65.87159729003906,87.67225646972656,89.51564025878906,187.2100067138672,71.28598022460938,20.07273292541504
2023-05-16,392.7961730957031,320.7708435058594,165.40135192871094,65.2459716796875,87.38957214355469,89.24671936035156,184.8699951171875,69.50141906738281,19.853885650634766
2023-05-17,397.5643310546875,324.6534729003906,169.08799743652344,65.54984283447266,87.10688781738281,88.98648071289062,184.22999572753906,70.44158935546875,20.090242385864258
2023-05-18,401.3941650390625,330.683349609375,170.11529541015625,65.45153045654297,86.56805419921875,88.32721710205078,181.83999633789062,70.10209655761719,19.906410217285156
2023-05-19,400.8100891113281,329.93829345703125,169.07838439941406,65.83585357666016,86.24122619628906,87.70260620117188,183.63999938964844,69.98890686035156,19.880146026611328
2023-05-22,400.97283935546875,331.0462341308594,171.142578125,65.8537368774414,86.08221435546875,87.39029693603516,183.2100067138672,70.41546630859375,19.897655487060547
2023-05-23,396.47283935546875,326.8497619628906,170.33612060546875,64.88844299316406,86.22354888916016,87.64189147949219,183.42999267578125,69.75386810302734,19.976438522338867
2023-05-24,393.6004333496094,325.1731872558594,168.53115844726562,63.941036224365234,86.00272369384766,87.2081069946289,181.9499969482422,68.25659942626953,19.985193252563477
2023-05-25,397.00897216796875,333.08563232421875,167.21585083007812,63.85166549682617,85.4638671875,86.99126434326172,180.1999969482422,68.24790954589844,19.67005157470703
2023-05-26,402.1505126953125,341.5960693359375,169.11680603027344,64.47730255126953,85.62287902832031,87.69393920898438,180.9199981689453,69.03137969970703,19.985193252563477
2023-05-30,402.3036804199219,343.1451416015625,168.49273681640625,63.82484817504883,86.29422760009766,88.57007598876953,182.0399932861328,69.29251098632812,19.521236419677734
2023-05-31,400.0728759765625,341.1940612792969,166.8318634033203,63.16343688964844,86.6210708618164,89.3421630859375,182.32000732421875,69.64071655273438,19.302387237548828
2023-06-01,403.8739929199219,345.1356506347656,168.6367645263672,64.10192108154297,86.86190032958984,89.69267272949219,183.75999450683594,69.64942169189453,19.617528915405273
2023-06-02,409.7144775390625,347.7239990234375,174.7524871826172,64.93314361572266,86.17125701904297,88.7098159790039,181.0500030517578,71.3469009399414,19.871395111083984
2023-06-05,408.9293212890625,347.9691162109375,172.4098663330078,64.55775451660156,86.14469146728516,88.5445327758789,182.13999938964844,70.85071563720703,19.81886863708496
2023-06-06,409.8197326660156,347.9103088378906,176.95101928710938,65.09402465820312,86.19783782958984,89.06640625,182.33999633789062,71.52970886230469,19.84513282775879
2023-06-07,408.4026794433594,342.00787353515625,180.2618408203125,64.52153015136719,85.56916046142578,87.74433135986328,180.14999389648438,72.84419250488281,19.923917770385742
2023-06-08,410.8730163574219,346.2533264160156,179.5879364013672,65.20414733886719,86.14469146728516,88.77069854736328,182.52999877929688,72.39152526855469,19.95893096923828
2023-06-09,411.6101989746094,347.5768737792969,178.1342010498047,65.09492492675781,85.83478546142578,88.64892578125,182.0399932861328,71.97369384765625,19.83637809753418
2023-06-12,415.3442077636719,353.449951171875,178.87550354003906,65.37708282470703,85.97645568847656,88.90985870361328,181.8800048828125,71.9910888671875,19.565006256103516
2023-06-13,418.0825500488281,356.1658630371094,180.9261016845703,65.99598693847656,85.36549377441406,88.0313720703125,180.5399932861328,72.45246124267578,19.82762336730957
2023-06-14,418.58050537109375,358.7543029785156,178.9813995361328,66.24172973632812,85.48063659667969,88.73590850830078,180.63999938964844,72.72230529785156,19.871395111083984
2023-06-15,423.7698974609375,363.0291748046875,180.45437622070312,66.94256591796875,86.14469146728516,89.5882797241211,181.91000366210938,73.10533905029297,20.291582107543945
2023-06-16,422.3263854980469,360.7447204589844,179.01026916503906,66.79693603515625,85.7728042602539,89.24036407470703,181.6300048828125,73.05310821533203,20.54544448852539
2023-06-20,420.13531494140625,360.2281799316406,178.23046875,65.91407012939453,86.02955627441406,89.85791015625,179.75,72.1913070678711,20.36161231994629
2023-06-21,417.9826354980469,355.319091796875,177.81651306152344,66.01419067382812,86.1092758178711,90.07537078857422,179.49000549316406,71.75604248046875,20.65924835205078
2023-06-22,419.49151611328125,359.5115051269531,176.49754333496094,65.60462188720703,85.62229919433594,88.98815155029297,177.7100067138672,70.72883605957031,20.27407455444336
2023-06-23,416.32012939453125,355.94744873046875,173.8404541015625,64.5852279663086,85.97645568847656,89.87532806396484,178.1999969482422,69.75386810302734,20.055225372314453
2023-06-26,414.619140625,351.1759033203125,174.01373291015625,64.66715240478516,86.18896484375,89.97097778320312,178.50999450683594,71.36431121826172,20.08148765563965
2023-06-27,419.16473388671875,357.2139587402344,176.52645874023438,65.23146057128906,85.88790130615234,89.73613739013672,177.69000244140625,72.24354553222656,19.757591247558594
2023-06-28,419.37615966796875,357.9111633300781,177.3928985595703,65.2769546508789,86.2332534790039,90.11885833740234,177.27999877929688,72.34801483154297,19.696313858032227
2023-06-29,421.029052734375,357.19439697265625,179.43389892578125,65.18595123291016,85.34778594970703,88.4923324584961,177.08999633789062,73.1561508178711,19.705068588256836
2023-06-30,425.99749755859375,362.7024230957031,180.29071044921875,65.98688507080078,85.53372955322266,89.53611755371094,178.27000427246094,73.56110382080078,19.871395111083984
2023-07-03,426.4876403808594,363.5565185546875,180.6565704345703,65.91407012939453,85.16275024414062,89.02852630615234,178.47000122070312,74.28297424316406,19.871395111083984
2023-07-05,425.8533630371094,363.5467834472656,178.8562469482422,65.1768569946289,84.75444030761719,88.18253326416016,177.83999633789062,74.45024871826172,19.993947982788086
2023-07-06,422.5186767578125,360.7779846191406,175.96804809570312,64.0482406616211,84.06214904785156,86.93538665771484,177.30999755859375,73.8780288696289,19.950178146362305
2023-07-07,421.4519348144531,359.58013916015625,177.8260955810547,64.53062438964844,83.95561981201172,86.4120864868164,178.63999938964844,73.71077728271484,20.11650276184082
2023-07-10,422.5186767578125,359.6980285644531,180.86834716796875,64.71265411376953,84.39054870605469,86.5254898071289,178.77999877929688,74.0276870727539,20.1602725982666
2023-07-11,425.2095031738281,361.4751281738281,182.72642517089844,65.295166015625,84.56805419921875,86.97026824951172,179.4499969482422,75.08409118652344,20.39662742614746
2023-07-12,428.6306457519531,366.0405578613281,184.71929931640625,66.5420913696289,85.39349365234375,87.9383544921875,181.8800048828125,75.48905944824219,20.54544448852539
2023-07-13,432.0326232910156,372.2554931640625,186.2115020751953,67.60697937011719,86.10357666015625,88.86280822753906,182.00999450683594,75.9732437133789,20.834321975708008
2023-07-14,431.76361083984375,372.1769104003906,184.39198303222656,67.22471618652344,85.67752838134766,88.33953094482422,181.42999267578125,75.82356262207031,20.69426155090332
2023-07-17,433.2627258300781,375.65252685546875,186.3655242919922,67.14279174804688,85.81953430175781,88.38314819335938,181.55999755859375,75.33058166503906,20.527936935424805
2023-07-18,436.4821472167969,378.7256164550781,188.66648864746094,67.57967376708984,85.91715240478516,88.7843246459961,183.63999938964844,74.91682434082031,20.799306869506836
2023-07-19,437.4527893066406,378.63726806640625,189.46556091308594,67.54327392578125,86.21009063720703,89.78727722167969,183.6699981689453,75.76194763183594,20.913108825683594
2023-07-20,434.550537109375,369.9089050292969,187.80967712402344,67.1974105834961,85.52664184570312,88.69713592529297,182.74000549316406,75.51546478271484,20.97438621520996
2023-07-21,434.550537109375,368.7994689941406,187.21275329589844,67.33393859863281,85.59764099121094,88.72325134277344,182.17999267578125,75.86758422851562,21.08818817138672
2023-07-24,436.4917907714844,369.3885192871094,187.67486572265625,67.17009735107422,85.39349365234375,88.40057373046875,181.39999389648438,76.49263000488281,21.4646053314209
2023-07-25,437.6834716796875,371.8921813964844,187.65562438964844,67.24291229248047,85.23371887207031,88.23484802246094,182.41000366210938,75.94681549072266,21.543392181396484
2023-07-26,437.75067138671875,370.65509033203125,189.1382293701172,67.42494201660156,85.52664184570312,88.32206726074219,183.3000030517578,76.29015350341797,21.438344955444336
2023-07-27,434.848388671875,369.7715148925781,186.69287109375,67.27023315429688,84.59468841552734,86.6039810180664,180.4199981689453,74.63512420654297,21.385820388793945
2023-07-28,439.1056823730469,376.5067138671875,189.10934448242188,67.75260925292969,84.86982727050781,87.04876708984375,181.86000061035156,74.573486328125,21.51712989807129
2023-07-31,439.9418029785156,376.7030944824219,191.30435180664062,67.77080535888672,84.97635650634766,87.258056640625,182.35000610351562,75.05768585205078,21.60466957092285
2023-08-01,438.6828308105469,375.82928466796875,190.42828369140625,66.92435455322266,84.47982025146484,85.82817840576172,180.4600067138672,74.93444061279297,21.49086570739746
2023-08-02,432.5804443359375,367.58209228515625,187.83851623535156,65.67743682861328,84.31075286865234,84.90990447998047,179.60000610351562,74.5030517578125,21.16697120666504
2023-08-03,431.3406677246094,366.992919921875,187.30902099609375,65.49539184570312,83.68789672851562,82.95091247558594,179.5399932861328,73.69315338134766,21.36831283569336
2023-08-04,429.3898620605469,365.2747802734375,186.93357849121094,65.67743682861328,84.57772064208984,84.42015075683594,180.19000244140625,73.09452056884766,21.403329849243164
2023-08-07,433.1378173828125,368.3674621582031,187.0587158203125,66.23263549804688,84.37303924560547,83.58932495117188,179.77999877929688,74.01007080078125,21.41208267211914
2023-08-08,431.2542419433594,365.2355041503906,185.88418579101562,65.83216094970703,84.80017852783203,84.56010437011719,178.63999938964844,73.53468322753906,21.385820388793945
2023-08-09,428.3712158203125,361.2198486328125,184.43045043945312,65.81395721435547,84.85354614257812,84.99735260009766,177.7899932861328,73.52587890625,21.534637451171875
2023-08-10,428.5249938964844,361.88751220703125,183.61215209960938,66.09610748291016,84.2039794921875,83.59809112548828,177.60000610351562,73.24417114257812,21.42083740234375
2023-08-11,428.2751159667969,359.58013916015625,183.87208557128906,65.6501235961914,83.75906372070312,83.40567779541016,177.60000610351562,73.35862731933594,21.385820388793945
2023-08-14,430.6391906738281,363.6154479980469,183.5543670654297,65.35887908935547,83.62559509277344,83.22203063964844,177.05999755859375,72.87444305419922,21.280773162841797
2023-08-15,425.6226806640625,359.7569580078125,181.12828063964844,64.548828125,83.46540832519531,82.71477508544922,176.58999633789062,72.05572509765625,21.026912689208984
2023-08-16,422.4994812011719,355.94744873046875,178.91403198242188,64.02093505859375,83.14508819580078,82.06759643554688,175.57000732421875,71.16657257080078,20.93937110900879
2023-08-17,419.280029296875,352.0594787597656,176.80563354492188,63.56584548950195,83.03829193115234,81.71780395507812,175.3000030517578,70.5943603515625,20.99189567565918
2023-08-18,419.4818420410156,351.6177062988281,177.76837158203125,63.56584548950195,83.2874526977539,82.00640106201172,175.3300018310547,70.81446075439453,21.140708923339844
2023-08-21,422.2110595703125,357.28277587890625,177.50843811035156,63.802490234375,82.77136993408203,80.91321563720703,175.80999755859375,70.1629867553711,21.08818817138672
2023-08-22,421.0675048828125,356.77227783203125,176.97889709472656,63.684181213378906,82.80694580078125,81.53414916992188,176.10000610351562,70.365478515625,21.096940994262695
2023-08-23,425.7572326660156,362.3980407714844,178.8658905029297,64.37590026855469,83.70567321777344,83.55435180664062,177.88999938964844,71.47470092773438,21.140708923339844
2023-08-24,419.8565979003906,354.6514892578125,176.39166259765625,63.493038177490234,83.39424896240234,83.00341033935547,177.85000610351562,71.2017822265625,21.158218383789062
2023-08-25,422.8165588378906,357.4006042480469,177.14259338378906,63.92081832885742,83.36756134033203,83.27449035644531,177.6199951171875,71.25460815429688,21.36831283569336
2023-08-28,425.4977722167969,360.0907897949219,178.72146606445312,64.59434509277344,83.59888458251953,83.36196899414062,178.1300048828125,71.92366790771484,21.33329963684082
2023-08-29,431.648193359375,367.9551086425781,181.21493530273438,65.3952865600586,84.19506072998047,84.22774505615234,179.8699951171875,72.79521942138672,21.41208267211914
2023-08-30,433.4261169433594,370.007080078125,181.8984832763672,65.35887908935547,84.1861572265625,84.14030456542969,180.32000732421875,73.05931854248047,21.438344955444336
2023-08-31,432.7918701171875,371.1165466308594,181.58079528808594,65.10403442382812,84.355224609375,84.51637268066406,180.02000427246094,72.52230834960938,21.525882720947266
2023-09-01,433.59912109375,370.72381591796875,183.7373046875,65.06761932373047,83.83961486816406,83.19972229003906,180.11000061035156,72.64556121826172,21.779747009277344
2023-09-05,431.72509765625,371.195068359375,179.8671417236328,64.5033187866211,83.33110809326172,82.03308868408203,178.63999938964844,71.8004379272461,21.884794235229492
2023-09-06,428.8228454589844,367.9256286621094,179.19320678710938,64.36679077148438,83.11698913574219,82.23482513427734,177.8300018310547,71.65076446533203,21.93731689453125
2023-09-07,427.5063171386719,365.29437255859375,177.46029663085938,64.15745544433594,83.4024658203125,82.4629135131836,178.02000427246094,72.09974670410156,21.89354705810547
2023-09-08,428.150146484375,365.8049011230469,177.0655517578125,64.06645202636719,83.42031860351562,82.77870178222656,178.0800018310547,71.81803131103516,21.93731689453125
2023-09-11,430.9659118652344,370.1151428222656,177.4891815185547,64.73086547851562,83.27755737304688,82.18220520019531,178.41000366210938,71.82685089111328,22.068626403808594
2023-09-12,428.6018371582031,366.0111083984375,177.31588745117188,64.4669189453125,83.39356994628906,82.6558837890625,177.49000549316406,71.7916259765625,22.147411346435547
2023-09-13,429.1015930175781,367.4052734375,176.15098571777344,64.26668548583984,83.49169158935547,82.63833618164062,177.0800018310547,71.00814056396484,22.217443466186523
2023-09-14,432.80145263671875,370.4096374511719,178.63482666015625,65.11312866210938,83.30436706542969,82.04185485839844,177.1699981689453,72.29341888427734,22.401275634765625
2023-09-15,427.58697509765625,364.067138671875,176.7671356201172,64.96749877929688,83.04562377929688,81.54187774658203,178.33999633789062,72.02051544189453,22.348752975463867
2023-09-18,427.83770751953125,364.4466552734375,175.5926055908203,64.7399673461914,83.12592315673828,82.00677490234375,179.38999938964844,71.37785339355469,22.339998245239258
2023-09-19,426.9503479003906,363.6698913574219,174.9090576171875,64.7945785522461,82.8226318359375,81.40148162841797,179.22000122070312,71.05213165283203,22.357505798339844
2023-09-20,423.0252990722656,358.42919921875,173.15687561035156,64.63983917236328,82.76017761230469,81.6558837890625,179.35000610351562,71.11375427246094,22.173673629760742
2023-09-21,416.0333557128906,351.8612365722656,170.47084045410156,63.56584548950195,82.14461517333984,79.55945587158203,178.0500030517578,68.69283294677734,22.1036434173584
2023-09-22,415.09796142578125,351.910400390625,170.08578491210938,63.62045669555664,82.46577453613281,80.19977569580078,178.6199951171875,68.1734390258789,22.121150970458984
2023-09-25,416.843505859375,353.5818176269531,170.84632873535156,63.33831024169922,81.85916137695312,78.2261734008789,177.6999969482422,68.11181640625,22.016101837158203
2023-09-26,410.7195739746094,348.2724304199219,168.64971923828125,62.519168853759766,81.8323745727539,77.95425415039062,176.27999877929688,66.87052154541016,21.98984146118164
2023-09-27,410.88348388671875,349.0885314941406,170.22633361816406,62.400840759277344,81.46662902832031,77.55075073242188,174.10000610351562,66.42156219482422,22.112396240234375
2023-09-28,413.2655944824219,352.0086975097656,171.76425170898438,62.91053771972656,81.68964385986328,77.7875747680664,173.22999572753906,67.05890655517578,22.08613395690918
2023-09-29,412.2626037597656,352.2643127441406,170.95175170898438,62.72849655151367,81.70747375488281,77.79635620117188,171.4499969482422,67.25447845458984,21.849777221679688
2023-10-02,412.0986328125,355.2042541503906,168.3692169189453,61.80924606323242,81.04469299316406,76.49402618408203,169.64999389648438,66.01888275146484,21.683454513549805
2023-10-03,406.58221435546875,348.97052001953125,165.53514099121094,61.03559875488281,80.37389373779297,74.8485107421875,169.16000366210938,64.72997283935547,21.587160110473633
2023-10-04,409.54296875,353.7194519042969,165.61251831054688,61.144813537597656,80.88370513916016,75.90444946289062,169.13999938964844,65.5210952758789,20.983139038085938
2023-10-05,409.3886413574219,352.6772766113281,165.73825073242188,61.68180847167969,81.0357666015625,75.52607727050781,168.8300018310547,65.88555145263672,20.860584259033203
2023-10-06,414.2492370605469,358.5865783691406,167.33424377441406,62.36442947387695,80.56172180175781,74.61092376708984,169.6999969482422,66.06333923339844,20.93937110900879
2023-10-09,416.9013366699219,360.41534423828125,168.30149841308594,62.27342224121094,81.59030151367188,76.3620376586914,172.82000732421875,66.78333282470703,21.37706756591797
2023-10-10,419.0712890625,362.411376953125,170.2069854736328,63.12897491455078,81.42931365966797,76.2564468383789,172.52999877929688,67.10334777832031,21.324542999267578
2023-10-11,420.7878723144531,364.9972229003906,169.91677856445312,63.392921447753906,81.87654113769531,77.8491439819336,173.7899932861328,68.267822265625,21.20198631286621
2023-10-12,418.2225646972656,363.7289123535156,166.07681274414062,62.86502456665039,81.08942413330078,75.73726654052734,173.25999450683594,67.2722396850586,21.193233489990234
2023-10-13,416.13946533203125,359.1568298339844,164.6936492919922,62.28252029418945,81.60819244384766,77.0924072265625,178.8300018310547,67.10334777832031,21.75348663330078
2023-10-16,420.51788330078125,363.2175598144531,167.3535919189453,62.73760223388672,81.12520599365234,75.85167694091797,177.9600067138672,67.90335083007812,21.683454513549805
2023-10-17,420.4985656738281,362.02789306640625,169.2204132080078,62.77402114868164,80.32915496826172,75.01570129394531,178.2899932861328,67.80558013916016,21.744731903076172
2023-10-18,414.8953552246094,357.27874755859375,165.73825073242188,61.68180847167969,79.95350646972656,74.35576629638672,180.8699951171875,66.36556243896484,21.93731689453125
2023-10-19,411.2499694824219,353.93585205078125,163.09767150878906,61.135711669921875,79.55992889404297,72.83342742919922,183.08999633789062,64.79219818115234,22.164920806884766
2023-10-20,406.1965026855469,348.6558532714844,160.98910522460938,60.58961486816406,80.02507019042969,73.24701690673828,183.58999633789062,64.35665130615234,21.998594284057617
2023-10-23,405.492431640625,349.70794677734375,159.625244140625,60.63512420654297,80.40071105957031,74.12696838378906,182.97000122070312,63.725521087646484,21.858531951904297
2023-10-24,408.5495910644531,353.10986328125,161.0181121826172,60.980987548828125,80.54383087158203,75.10369110107422,182.9499969482422,64.54330444335938,21.622177124023438
2023-10-25,402.68603515625,344.4672546386719,158.35816955566406,60.54410171508789,79.83722686767578,73.43179321289062,183.72000122070312,63.15660095214844,21.779747009277344
2023-10-26,397.8639831542969,337.8992004394531,158.76441955566406,60.10723114013672,80.44544982910156,74.55814361572266,184.00999450683594,64.36552429199219,21.595914840698242
2023-10-27,396.0606994628906,339.5215759277344,156.89761352539062,59.92518997192383,80.5706787109375,74.2413330078125,186.14999389648438,63.33438491821289,21.884794235229492
2023-10-30,400.79583740234375,343.346435546875,157.7681427001953,60.689735412597656,80.30233764648438,73.90699005126953,185.10000610351562,63.73440170288086,21.534637451171875
2023-10-31,403.31298828125,344.9884033203125,159.1319580078125,60.908172607421875,80.13236999511719,73.54620361328125,184.08999633789062,64.81886291503906,21.455852508544922
2023-11-01,407.6141357421875,350.9762878417969,160.04116821289062,61.48158264160156,81.05532836914062,75.14083099365234,183.50999450683594,65.21888732910156,21.49086570739746
2023-11-02,415.4258117675781,357.34771728515625,164.30673217773438,62.73760223388672,81.55760192871094,76.85380554199219,184.1199951171875,67.36112976074219,21.718469619750977
2023-11-03,419.2159729003906,361.5460510253906,168.77545166015625,63.40202713012695,82.18547821044922,77.37474822998047,184.7899932861328,68.97003936767578,21.60466957092285
2023-11-06,420.1803283691406,363.02093505859375,166.6668243408203,63.08346939086914,81.71006774902344,76.62422180175781,183.35000610351562,67.97447204589844,21.692209243774414
2023-11-07,421.37615966796875,366.45245361328125,166.07681274414062,62.70120620727539,82.17648315429688,77.75444030761719,182.58999633789062,67.41445922851562,21.22825050354004
2023-11-08,421.684814453125,366.68841552734375,164.30673217773438,62.61928176879883,82.50833892822266,79.07887268066406,180.77000427246094,67.63668823242188,20.99189567565918
2023-11-09,418.39617919921875,363.8665771484375,161.7628631591797,62.61017990112305,81.69214630126953,77.25992584228516,181.49000549316406,66.57000732421875,20.93937110900879
2023-11-10,424.9251403808594,372.04705810546875,163.57162475585938,62.892330169677734,81.78182220458984,77.69261932373047,179.50999450683594,67.19222259521484,21.044418334960938
2023-11-13,424.5201416015625,370.8868713378906,163.62965393066406,63.056156158447266,81.73699951171875,77.5160140991211,180.50999450683594,66.63221740722656,21.350805282592773
2023-11-14,432.7561340332031,378.8707275390625,172.61544799804688,64.66715240478516,82.96578216552734,79.27313995361328,182.1199951171875,70.33007049560547,21.3157901763916
2023-11-15,433.6722717285156,379.1558837890625,172.91526794433594,64.56703186035156,82.32001495361328,78.16061401367188,181.63999938964844,70.5345230102539,21.17572784423828
2023-11-16,434.2027893066406,379.48028564453125,170.11993408203125,64.52153015136719,82.93888092041016,79.13187408447266,183.69000244140625,70.3833999633789,20.668001174926758
2023-11-17,434.7428283691406,379.5688781738281,172.4509735107422,65.3952865600586,82.99267578125,79.50272369384766,183.6699981689453,70.33007049560547,20.965635299682617
2023-11-20,438.0892639160156,384.19000244140625,173.45693969726562,65.64102172851562,83.10929107666016,79.98831176757812,183.3699951171875,70.84561920166016,21.22825050354004
2023-11-21,437.13446044921875,381.9580993652344,171.22254943847656,65.38616943359375,83.2168960571289,79.95304107666016,185.35000610351562,70.34783935546875,21.350805282592773
2023-11-22,438.82220458984375,383.5214538574219,172.2962188720703,65.54090881347656,83.19002532958984,80.2355728149414,184.55999755859375,70.69451141357422,21.16697120666504
2023-11-24,439.09222412109375,382.980712890625,173.45693969726562,66.04148864746094,82.7594985961914,79.29081726074219,185.52000427246094,70.89895629882812,21.026912689208984
2023-11-27,438.30145263671875,382.6463623046875,172.87655639648438,65.81395721435547,83.3873291015625,80.61524200439453,186.77000427246094,71.15675354003906,20.88684844970703
2023-11-28,438.7353820800781,383.6492614746094,172.2091522216797,65.83216094970703,83.75508880615234,80.77416229248047,189.25999450683594,71.62786865234375,21.140708923339844
2023-11-29,438.4267883300781,383.275634765625,173.1183624267578,65.96868133544922,84.19457244873047,81.78958892822266,189.5399932861328,72.12564849853516,21.289527893066406
2023-11-30,440.153076171875,382.31207275390625,173.776123046875,65.91407012939453,83.78199005126953,80.84483337402344,188.75,72.65010833740234,20.930618286132812
2023-12-01,442.7569885253906,383.4034729003906,178.8541717529297,66.60580444335938,84.57249450683594,82.36746978759766,192.00999450683594,74.43679809570312,20.834321975708008
2023-12-04,440.4327392578125,379.8441162109375,180.76931762695312,66.08700561523438,84.22174072265625,82.03972625732422,187.86000061035156,74.97903442382812,20.69426155090332
2023-12-05,440.345947265625,380.79779052734375,178.3511962890625,65.8503646850586,84.8153076171875,83.80239868164062,187.14999389648438,74.48124694824219,20.51042938232422
2023-12-06,438.5714416503906,378.5954284667969,178.03201293945312,66.05059051513672,85.16605377197266,84.91848754882812,187.83999633789062,74.25901794433594,20.011455535888672
2023-12-07,441.91790771484375,383.88519287109375,179.3184356689453,66.36915588378906,85.0401382446289,84.4312973022461,188.14999389648438,74.47236633300781,20.046470642089844
2023-12-08,443.81787109375,385.5960998535156,180.6822967529297,66.56939697265625,84.49154663085938,83.74041748046875,185.63999938964844,74.34791564941406,20.134010314941406
2023-12-11,445.5440368652344,388.8899230957031,181.05950927734375,66.73322296142578,84.50054168701172,83.563232421875,183.58999633789062,74.55235290527344,20.06397819519043
2023-12-12,447.5790100097656,391.98712158203125,180.87571716308594,66.8515396118164,84.680419921875,83.8112564086914,183.49000549316406,74.5079116821289,19.757591247558594
2023-12-13,453.75115966796875,396.9721374511719,186.9984130859375,67.8254165649414,85.93946075439453,85.77764892578125,187.6300048828125,77.36127471923828,19.985193252563477
2023-12-14,455.20745849609375,396.62799072265625,192.20220947265625,68.32601928710938,86.65385437011719,88.00900268554688,188.72999572753906,79.59245300292969,20.317842483520508
2023-12-15,454.4579162597656,398.54522705078125,190.58692932128906,67.66158294677734,86.58170318603516,88.10672760009766,187.0,78.4724349975586,20.35285758972168
2023-12-18,457.0142517089844,401.0555725097656,190.65464782714844,67.8254165649414,86.39226531982422,87.40472412109375,187.85000610351562,78.29463958740234,20.498884201049805
2023-12-19,459.7933044433594,403.1048278808594,194.34951782226562,68.39883422851562,86.55462646484375,87.87568664550781,189.1300048828125,78.89020538330078,20.655014038085938
2023-12-20,453.4219055175781,397.1147766113281,190.54786682128906,67.70855712890625,86.97855377197266,88.47108459472656,188.10000610351562,77.93019104003906,20.416229248046875
2023-12-21,457.7211608886719,401.7353515625,193.7903289794922,68.80524444580078,86.84326934814453,87.91123962402344,189.42999267578125,78.62129211425781,20.452964782714844
2023-12-22,458.64105224609375,402.3363952636719,195.5960235595703,68.86975860595703,86.7620620727539,87.5113525390625,190.27000427246094,78.92724609375,20.416229248046875
2023-12-26,460.57763671875,404.7994384765625,198.13949584960938,69.18309783935547,86.81619262695312,87.76020050048828,191.72000122070312,79.51215362548828,20.61827850341797
2023-12-27,461.4103698730469,405.62347412109375,198.8385009765625,69.55171966552734,87.4926986694336,89.31526947021484,192.58999633789062,79.89910125732422,20.526437759399414
2023-12-28,461.5846862792969,405.4262390136719,198.08126831054688,69.36739349365234,87.15892791748047,88.66657257080078,191.47000122070312,80.46603393554688,20.351940155029297
2023-12-29,460.24847412109375,403.6717224121094,194.84852600097656,69.44112396240234,86.94249725341797,87.86680603027344,191.1699981689453,79.51215362548828,20.241731643676758
2024-01-02,457.6726989746094,396.8406677246094,193.69326782226562,68.66699981689453,86.61776733398438,87.36030578613281,190.72000122070312,80.1960678100586,20.076417922973633
2024-01-03,453.93505859375,392.6415100097656,188.52862548828125,68.15091705322266,86.8252182006836,87.72461700439453,189.1300048828125,78.27934265136719,20.33357048034668
2024-01-04,452.4728698730469,390.62078857421875,188.1597137451172,68.30758666992188,86.30206298828125,86.3917007446289,189.32000732421875,78.1353759765625,20.223363876342773
2024-01-05,453.09259033203125,391.0841064453125,187.6063690185547,68.3536605834961,85.98637390136719,85.5653076171875,189.35000610351562,77.93739318847656,20.324386596679688
2024-01-08,459.5609130859375,399.1669616699219,190.9847412109375,69.08171081542969,86.27499389648438,86.40946960449219,187.8699951171875,79.05322265625,20.03049659729004
2024-01-09,458.86370849609375,399.9555358886719,189.2761688232422,68.4642562866211,86.2389144897461,85.85851287841797,187.92999267578125,78.52230834960938,20.177440643310547
2024-01-10,461.458740234375,402.6662902832031,189.38291931152344,68.90660858154297,86.10359954833984,85.45864868164062,187.5,78.6122817993164,20.03968048095703
2024-01-11,461.2555236816406,403.5041809082031,187.8975830078125,68.89739990234375,86.56364440917969,85.93848419189453,187.8699951171875,77.88340759277344,20.18662452697754
2024-01-12,461.57501220703125,403.7111511230469,187.58692932128906,69.18309783935547,86.79818725585938,85.76966094970703,189.7100067138672,78.35132598876953,20.260099411010742
2024-01-16,459.88043212890625,403.6717224121094,185.2667694091797,68.02188873291016,86.09458923339844,84.25901794433594,187.91000366210938,77.77542877197266,20.085601806640625
2024-01-17,457.3241271972656,401.39471435546875,183.94647216796875,67.37678527832031,85.81497192382812,84.125732421875,185.83999633789062,76.35363006591797,20.058048248291016
2024-01-18,461.3910217285156,407.0921630859375,185.03375244140625,67.97582244873047,85.62557220458984,83.3437271118164,187.3699951171875,75.93968200683594,20.18662452697754
2024-01-19,467.1427307128906,415.1651611328125,186.81031799316406,68.13247680664062,85.63458251953125,83.61032104492188,187.92999267578125,76.84855651855469,20.149890899658203
2024-01-22,468.1304931640625,415.7073974609375,190.80030822753906,68.34445190429688,85.89617919921875,84.10795593261719,187.22000122070312,77.3074951171875,20.232547760009766
2024-01-23,469.4958190917969,417.43231201171875,190.24691772460938,68.15091705322266,85.67970275878906,83.44145965576172,187.9499969482422,76.77656555175781,20.342754364013672
2024-01-24,470.0090026855469,419.7488098144531,188.68394470214844,68.66699981689453,85.43611907958984,82.95275115966797,186.39999389648438,75.67872619628906,20.517253875732422
2024-01-25,472.56536865234375,420.2613525390625,190.24691772460938,68.86053466796875,85.80596923828125,83.49481964111328,187.13999938964844,76.65058898925781,20.673383712768555
2024-01-26,471.96502685546875,417.7575988769531,190.2566375732422,69.1646499633789,85.65261840820312,83.33482360839844,187.00999450683594,76.43461608886719,20.76522445678711
2024-01-29,475.7026672363281,422.0356140136719,193.58648681640625,69.57015228271484,86.1667709350586,84.29456329345703,188.3300018310547,76.93854522705078,20.59072494506836
2024-01-30,475.33477783203125,419.22637939453125,191.93614196777344,69.47798919677734,86.2840347290039,85.05876159667969,188.58999633789062,76.21863555908203,20.728487014770508
2024-01-31,467.57855224609375,411.01531982421875,187.24720764160156,69.12779235839844,87.00560760498047,85.89407348632812,188.4499969482422,75.48976135253906,20.50806999206543
2024-02-01,473.6982727050781,415.855224609375,189.73243713378906,69.80976104736328,87.54450988769531,87.57898712158203,190.41000366210938,76.85755157470703,20.260099411010742
2024-02-02,478.68511962890625,422.88336181640625,188.73251342773438,69.25682067871094,86.40520477294922,85.64445495605469,188.61000061035156,75.90369415283203,20.03049659729004
2024-02-05,476.9421081542969,422.3313903808594,186.33460998535156,68.88816833496094,85.56431579589844,83.91498565673828,187.57000732421875,74.3109359741211,20.1131534576416
2024-02-06,478.3268127441406,421.4836730957031,188.01409912109375,69.3121109008789,86.02545928955078,84.73515319824219,188.5500030517578,75.30977630615234,20.18662452697754
2024-02-07,482.3162536621094,425.82080078125,187.57723999023438,69.27523040771484,85.87173461914062,84.32508850097656,188.5,75.20179748535156,20.278467178344727
2024-02-08,482.5292663574219,426.60943603515625,190.4216766357422,69.15543365478516,85.59146118164062,83.83476257324219,188.3300018310547,75.813720703125,20.3886775970459
2024-02-09,485.3180236816406,430.8085021972656,193.5185089111328,69.39505004882812,85.437744140625,83.66539764404297,187.60000610351562,75.93070220947266,20.44378089904785
2024-02-12,485.10498046875,429.1229248046875,197.03280639648438,69.51486206054688,85.51909637451172,83.76342010498047,187.11000061035156,75.94868469238281,20.452964782714844
2024-02-13,478.423583984375,422.429931640625,188.92662048339844,68.44581604003906,84.5787353515625,82.3281478881836,184.52999877929688,74.38291931152344,20.33357048034668
2024-02-14,482.7713623046875,427.03326416015625,193.31466674804688,69.21073150634766,84.89520263671875,82.74715423583984,184.4199981689453,74.96783447265625,20.14070701599121
2024-02-15,486.1023864746094,428.3048400878906,198.46958923339844,69.99407196044922,85.13031005859375,83.1750717163086,185.66000366210938,76.71357727050781,20.18662452697754
2024-02-16,483.6816101074219,424.42108154296875,195.770751953125,70.10466766357422,84.75958251953125,82.69365692138672,186.33999633789062,75.92169952392578,20.232547760009766
2024-02-20,481.01873779296875,421.2175598144531,193.07192993164062,70.39035034179688,84.90425872802734,82.76498413085938,187.47000122070312,75.78669738769531,20.122337341308594
2024-02-21,481.4544677734375,419.5319519042969,192.15940856933594,70.4456558227539,84.63300323486328,82.17662048339844,187.47999572753906,76.20964050292969,20.204994201660156
2024-02-22,491.41839599609375,431.8139953613281,193.61561584472656,71.23821258544922,84.64202117919922,82.5777587890625,187.55999755859375,76.35363006591797,20.260099411010742
2024-02-23,491.7572937011719,430.5423889160156,194.0524444580078,71.33036041259766,85.03084564208984,83.68319702148438,188.6199951171875,76.3176498413086,19.966209411621094
2024-02-26,489.95623779296875,430.3157043457031,195.27565002441406,71.22899627685547,84.90425872802734,83.43357849121094,188.1999969482422,75.48075866699219,20.149890899658203
2024-02-27,490.8664245605469,431.3506774902344,198.04241943359375,71.42253112792969,84.71435546875,82.84523010253906,188.0,75.57073974609375,20.306018829345703
2024-02-28,490.2176818847656,429.053955078125,196.4114990234375,71.00782012939453,85.02180480957031,83.37118530273438,188.33999633789062,76.33562469482422,20.223363876342773
2024-02-29,491.97998046875,432.7307434082031,197.78030395507812,71.192138671875,85.193603515625,83.95957946777344,189.30999755859375,76.98352813720703,20.195810317993164
2024-03-01,496.5988464355469,439.246337890625,199.8772430419922,71.88331604003906,85.58255004882812,84.48272705078125,192.88999938964844,77.90139770507812,20.29683494567871
2024-03-04,496.0663146972656,437.6789855957031,199.69276428222656,71.69901275634766,85.39215850830078,84.14288330078125,196.00999450683594,78.63029479980469,20.36112403869629
2024-03-05,491.1085205078125,429.82281494140625,197.78030395507812,71.56998443603516,85.91795349121094,85.3412094116211,197.19000244140625,77.67642211914062,20.204994201660156
2024-03-06,493.59710693359375,432.5237121582031,199.25592041015625,72.41783905029297,86.12646484375,85.8420181274414,198.80999755859375,78.0633773803711,20.37030792236328
2024-03-07,498.4967346191406,439.0885925292969,200.91600036621094,73.27490234375,86.27154541015625,85.76154327392578,199.94000244140625,78.04537963867188,20.425413131713867
2024-03-08,495.5047302246094,432.75042724609375,200.789794921875,73.0353012084961,86.33499145507812,85.6095199584961,201.6300048828125,78.94525146484375,20.36112403869629
2024-03-11,495.0785827636719,431.1437072753906,199.1976776123047,72.6205825805664,86.22621154785156,85.56478881835938,202.0,78.56729125976562,20.53562355041504
2024-03-12,500.40435791015625,437.32415771484375,198.9258575439453,73.20117950439453,85.87263488769531,84.8493881225586,199.7899932861328,78.39631652832031,20.48051643371582
2024-03-13,499.61993408203125,433.9628601074219,199.70248413085938,73.21040344238281,85.68224334716797,84.4380111694336,201.19000244140625,78.0003890991211,20.76522445678711
2024-03-14,498.6323547363281,432.86871337890625,196.1299591064453,72.67587280273438,85.0476303100586,83.14128875732422,200.35000610351562,76.83056640625,20.829513549804688
2024-03-15,495.2083740234375,427.7232971191406,196.49887084960938,72.70352935791016,84.902587890625,83.11447143554688,199.7100067138672,76.65959167480469,20.902984619140625
2024-03-18,498.15155029296875,431.80267333984375,195.3727264404297,72.68508911132812,84.80284118652344,82.86407470703125,200.02999877929688,76.6955795288086,21.095849990844727
2024-03-19,500.9197998046875,432.8785095214844,196.1979522705078,72.8141098022461,85.0476303100586,83.09657287597656,199.8000030517578,76.66858673095703,21.086666107177734
2024-03-20,505.5529479980469,438.0109558105469,200.0811004638672,73.5882339477539,85.2470703125,83.06974792480469,202.17999267578125,77.17251586914062,21.03156089782715
2024-03-21,507.2236633300781,440.083740234375,202.37997436523438,73.55138397216797,85.25614929199219,83.24861145019531,201.97000122070312,77.73042297363281,21.004011154174805
2024-03-22,506.2620544433594,440.58709716796875,199.58668518066406,73.39470672607422,85.67317962646484,84.04451751708984,200.35000610351562,76.75208282470703,20.857065200805664
2024-03-25,504.86328125,438.98822021484375,200.04408264160156,73.23804473876953,85.446533203125,83.62421417236328,200.99000549316406,76.2801513671875,21.03156089782715
2024-03-26,503.9308776855469,437.56683349609375,199.68402099609375,73.32098388671875,85.57347106933594,83.85671997070312,201.63999938964844,75.9715805053711,20.866249084472656
2024-03-27,508.165771484375,439.0572204589844,204.0345001220703,73.76335144042969,85.89982604980469,84.68839263916016,203.10000610351562,77.93191528320312,20.847881317138672
2024-03-28,508.0686340332031,438.2478942871094,204.6768341064453,73.59746551513672,85.81824493408203,84.61685943603516,205.72000122070312,78.48551940917969,21.095849990844727
2024-04-01,507.1848449707031,439.17572021484375,202.74978637695312,73.28412628173828,85.04174041748047,83.03952026367188,207.82000732421875,77.16954803466797,21.196874618530273
2024-04-02,503.9600524902344,435.385498046875,199.02220153808594,72.7680435180664,84.85989379882812,82.58191680908203,210.88999938964844,76.1984634399414,21.38974380493164
2024-04-03,504.5135803222656,436.3626708984375,200.3263397216797,73.17353820800781,84.95991516113281,82.56398010253906,212.74000549316406,76.2801513671875,21.646896362304688
2024-04-04,498.35546875,429.6904602050781,198.32147216796875,72.5468521118164,85.25086975097656,83.15615844726562,211.52000427246094,75.7900619506836,21.70199966430664
2024-04-05,503.5617980957031,434.7537841796875,198.9832763671875,72.77725219726562,84.6871337890625,81.99871063232422,215.13999938964844,76.1803207397461,21.812210083007812
2024-04-08,503.8433837890625,434.8821716308594,200.07334899902344,73.13666534423828,84.4961929321289,81.98973846435547,216.47999572753906,76.99711608886719,21.80302619934082
2024-04-09,504.42626953125,436.4909973144531,200.86167907714844,73.12744140625,84.83261108398438,82.75238800048828,217.6699981689453,78.02265930175781,21.68363380432129
2024-04-10,499.3753967285156,432.6810302734375,195.557373046875,72.1597900390625,83.70514678955078,80.94895935058594,215.61000061035156,74.79175567626953,21.793840408325195
2024-04-11,503.1441650390625,439.5902404785156,196.88101196289062,72.35331726074219,83.58695220947266,80.58106994628906,219.8000030517578,75.04586029052734,21.757104873657227
2024-04-12,496.1992492675781,432.5823669433594,193.37728881835938,71.18291473388672,83.9324722290039,81.01176452636719,216.88999938964844,74.15646362304688,21.784656524658203
2024-04-15,489.98272705078125,425.4659729003906,190.5451202392578,70.97095489501953,83.39600372314453,79.75562286376953,220.9499969482422,72.89495849609375,21.812210083007812
2024-04-16,489.0890808105469,425.50543212890625,189.84434509277344,70.27054595947266,83.06869506835938,79.22625732421875,221.22000122070312,71.86943054199219,21.77547264099121
2024-04-17,486.194580078125,420.3136901855469,187.8394317626953,70.31663513183594,83.59603881835938,80.10555267333984,219.58999633789062,71.3430404663086,21.4356632232666
2024-04-18,485.194091796875,417.915283203125,187.68368530273438,70.12309265136719,83.30509185791016,79.70179748535156,220.33999633789062,71.35211181640625,21.42647933959961
2024-04-19,480.95916748046875,409.2689208984375,187.97569274902344,70.1507568359375,83.4141845703125,79.9889144897461,221.02999877929688,71.69698333740234,21.527503967285156
2024-04-22,485.3883972167969,413.3847961425781,190.0779571533203,70.97095489501953,83.42330932617188,79.85430908203125,215.57000732421875,72.33226776123047,21.527503967285156
2024-04-23,491.1482849121094,419.5536804199219,193.26048278808594,71.74507904052734,83.53239440917969,79.88123321533203,215.0399932861328,72.99478912353516,21.61934471130371
2024-04-24,490.9151611328125,420.97503662109375,192.394287109375,71.60684204101562,83.27780151367188,79.31597137451172,214.63999938964844,73.13092803955078,21.591793060302734
2024-04-25,489.0502014160156,418.9417419433594,191.22634887695312,71.27507019042969,82.95956420898438,78.75968170166016,215.9199981689453,72.71346282958984,21.711185455322266
2024-04-26,493.6835021972656,425.4067077636719,193.05613708496094,71.84645080566406,83.18688201904297,79.17239379882812,216.6199951171875,72.749755859375,21.72955322265625
2024-04-29,495.4318542480469,427.1340026855469,194.6133270263672,72.1229248046875,83.52332305908203,79.83638000488281,216.17999267578125,73.49395751953125,21.711185455322266
2024-04-30,487.5836181640625,419.07989501953125,190.661865234375,71.21055603027344,83.13233947753906,79.15445709228516,211.8699951171875,72.25059509277344,21.4356632232666
2024-05-01,486.0003662109375,416.0497131347656,191.06089782714844,71.05389404296875,83.46153259277344,79.73793029785156,213.7899932861328,72.27781677246094,21.123403549194336
2024-05-02,490.54608154296875,421.35992431640625,194.57443237304688,72.01233673095703,83.85367584228516,80.08006286621094,213.1300048828125,73.29429626464844,21.196874618530273
2024-05-03,496.6265563964844,429.82861328125,196.50144958496094,72.73117065429688,84.31876373291016,80.8904037475586,212.9600067138672,73.78436279296875,21.224428176879883
2024-05-06,501.75506591796875,434.53668212890625,199.04165649414062,73.22882843017578,84.3917236328125,81.20553588867188,215.1999969482422,73.84789276123047,21.463214874267578
2024-05-07,502.3088073730469,434.60577392578125,199.48936462402344,73.42237091064453,84.61060333251953,81.70074462890625,214.2100067138672,74.54672241210938,21.444847106933594
2024-05-08,502.3572998046875,434.34912109375,198.3311767578125,73.33941650390625,84.37347412109375,81.20553588867188,213.5800018310547,73.92050170898438,21.334636688232422
2024-05-09,505.2518005371094,435.29669189453125,200.35557556152344,73.90158081054688,84.62884521484375,81.60172271728516,216.9499969482422,75.43611907958984,21.417293548583984
2024-05-10,505.9026794433594,436.3232116699219,198.8470001220703,74.0398178100586,84.3552474975586,81.14252471923828,218.7100067138672,75.22737884521484,21.380558013916016
2024-05-13,505.9706115722656,437.3299560546875,199.2655029296875,74.0398178100586,84.45555877685547,81.3495864868164,216.25999450683594,75.472412109375,21.518320083618164
2024-05-14,508.2919921875,440.1429748535156,201.32882690429688,74.59276580810547,84.7017822265625,81.80880737304688,218.08999633789062,76.05326080322266,21.42647933959961
2024-05-15,514.5863037109375,447.0225524902344,203.83985900878906,75.38533782958984,85.34017181396484,82.92528533935547,220.88999938964844,77.10602569580078,21.499950408935547
2024-05-16,513.5275268554688,446.11444091796875,202.3701934814453,74.97982788085938,85.17601013183594,82.84423065185547,220.02999877929688,77.05156707763672,21.555055618286133
2024-05-17,514.2657470703125,445.8973388671875,202.51622009277344,75.23787689208984,84.9115219116211,82.2860107421875,223.66000366210938,77.04249572753906,21.77547264099121
2024-05-20,514.8582763671875,449.00640869140625,202.96388244628906,75.29315948486328,84.78385925292969,82.04290771484375,224.55999755859375,76.5887222290039,21.968339920043945
2024-05-21,516.1210327148438,449.8848876953125,202.76925659179688,75.1733627319336,85.00271606445312,82.46607971191406,224.22999572753906,76.56147766113281,21.87649917602539
2024-05-22,514.6348876953125,449.7960510253906,201.0563201904297,74.4637451171875,84.8932876586914,82.56510162353516,220.11000061035156,75.87174224853516,21.564239501953125
2024-05-23,510.8758850097656,447.7726745605469,197.75697326660156,74.08589172363281,84.59236145019531,82.03390502929688,215.72000122070312,74.2381591796875,21.454030990600586
2024-05-24,514.256103515625,452.0069885253906,199.9468231201172,74.69414520263672,84.7017822265625,82.2770004272461,215.9199981689453,74.29259490966797,21.600975036621094
2024-05-28,514.615478515625,453.71453857421875,199.6742706298828,74.66649627685547,84.22757720947266,81.09750366210938,218.19000244140625,73.80252838134766,21.98670768737793
2024-05-29,511.0118713378906,450.51654052734375,196.72531127929688,73.48686981201172,83.81721496582031,80.11607360839844,216.16000366210938,73.08554077148438,21.757104873657227
2024-05-30,507.621826171875,445.6900329589844,198.59396362304688,74.10433959960938,84.2367172241211,80.8904037475586,216.57000732421875,74.15646362304688,21.472396850585938
2024-05-31,512.245361328125,444.8609313964844,200.26797485351562,74.8139419555664,84.62884521484375,81.43962860107422,215.3000030517578,75.5450210571289,21.371374130249023
2024-06-03,512.6630249023438,447.24951171875,199.1389923095703,75.02591705322266,85.1831283569336,82.75688171386719,217.22000122070312,75.37258911132812,21.06829833984375
2024-06-04,513.2362060546875,448.473388671875,196.569580078125,74.93375396728516,85.64962768554688,83.72357940673828,215.27000427246094,75.95343017578125,20.857065200805664
2024-06-05,519.3359985351562,457.51458740234375,199.5769805908203,75.45906066894531,85.96058654785156,84.33792114257812,217.82000732421875,75.8626708984375,20.930538177490234
2024-06-06,519.3262939453125,457.3566589355469,198.146240234375,75.71710205078125,85.92401123046875,84.2114486694336,219.42999267578125,76.00787353515625,21.2060604095459
2024-06-07,518.6949462890625,456.9519348144531,195.82015991210938,74.89688873291016,85.01848602294922,82.6665267944336,211.60000610351562,75.2909164428711,20.902984619140625
2024-06-10,520.2975463867188,458.7977294921875,196.49171447753906,74.84159851074219,84.83555603027344,82.11542510986328,213.5399932861328,75.5450210571289,21.2060604095459
2024-06-11,521.5506591796875,461.9462890625,195.82025146484375,73.99114227294922,85.28374481201172,82.96469116210938,214.14999389648438,75.27276611328125,21.17850685119629
2024-06-12,525.8342895507812,467.9967346191406,198.8262481689453,74.86315155029297,85.75936889648438,83.58804321289062,214.72000122070312,75.94435119628906,21.25197982788086
2024-06-13,526.8927612304688,470.5334167480469,197.0890350341797,73.79422760009766,86.32646179199219,84.81675720214844,212.97000122070312,76.25292205810547,21.270349502563477
2024-06-14,527.2135009765625,472.9713439941406,193.95611572265625,72.97845458984375,86.5276870727539,85.5304946899414,215.72999572753906,76.23477935791016,21.18769073486328
2024-06-17,531.4095458984375,478.7651672363281,195.5860137939453,73.26913452148438,86.12523651123047,84.68122863769531,214.61000061035156,75.9352798461914,21.261165618896484
2024-06-18,532.759765625,478.9131774902344,195.92759704589844,73.55980682373047,86.50023651123047,85.458251953125,215.47000122070312,76.23477935791016,21.4356632232666
2024-06-20,531.3123779296875,475.22174072265625,195.09803771972656,73.606689453125,86.28071594238281,84.88906860351562,218.16000366210938,76.01696014404297,21.481582641601562
2024-06-21,530.6001586914062,473.948486328125,195.53721618652344,73.0909652709961,86.29902648925781,84.88906860351562,214.77999877929688,76.20753479003906,21.307085037231445
2024-06-24,528.8753662109375,468.55279541015625,196.38632202148438,73.67233276367188,86.3721923828125,85.23235321044922,215.6300048828125,76.7974624633789,21.481582641601562
2024-06-25,530.9119262695312,473.9109191894531,195.74217224121094,73.8504867553711,86.44535827636719,85.37691497802734,214.55999755859375,75.85359191894531,21.27953338623047
2024-06-26,531.5745239257812,474.8896179199219,195.2248992919922,73.30663299560547,85.92401123046875,84.15725708007812,212.5800018310547,75.61763000488281,21.316267013549805
2024-06-27,532.41259765625,476.1155090332031,197.20616149902344,73.3628921508789,86.1160888671875,84.49151611328125,214.99000549316406,76.35275268554688,21.42647933959961
2024-06-28,530.3175048828125,473.64398193359375,198.01620483398438,73.4472885131836,85.65878295898438,82.91950225830078,215.00999450683594,76.9619369506836,21.334636688232422
2024-07-01,531.4088745117188,476.4219665527344,196.35704040527344,73.57855987548828,85.02108764648438,81.48841857910156,215.57000732421875,76.2360610961914,21.61016082763672
2024-07-02,534.9852294921875,481.4242248535156,197.0304718017578,73.75672149658203,85.34221649169922,82.12284088134766,215.55999755859375,76.59440612792969,21.637710571289062
2024-07-03,537.3726196289062,485.43792724609375,196.98165893554688,74.6006088256836,85.91107177734375,83.2013931274414,217.99000549316406,76.52090454101562,21.757104873657227
2024-07-05,540.4713134765625,490.49951171875,196.04470825195312,75.09757995605469,86.38813018798828,83.89019775390625,220.92999267578125,76.73223876953125,21.839763641357422
2024-07-08,541.0950317382812,491.6659851074219,197.4208526611328,74.72250366210938,86.41566467285156,84.07144165039062,218.19000244140625,76.98030853271484,21.54587173461914
2024-07-09,541.6211547851562,492.09112548828125,196.5619659423828,74.4224624633789,86.29638671875,83.69985961914062,218.55999755859375,76.9619369506836,21.39892578125
2024-07-10,546.9806518554688,497.221923828125,198.4846649169922,75.47264862060547,86.37896728515625,83.96268463134766,219.36000061035156,77.53163146972656,21.39892578125
2024-07-11,542.2643432617188,486.3177185058594,205.61904907226562,75.68831634521484,86.929443359375,84.77840423583984,223.25,79.7552261352539,21.472396850585938
2024-07-12,545.6846313476562,489.1747741699219,208.01995849609375,76.49469757080078,87.11293029785156,85.14092254638672,223.11000061035156,80.36162567138672,21.38974380493164
2024-07-15,547.1853637695312,490.48956298828125,211.9727020263672,75.819580078125,86.83767700195312,84.1620864868164,223.8300018310547,80.90377044677734,21.233613967895508
2024-07-16,550.43017578125,490.6774597167969,219.20469665527344,76.18527221679688,87.22300720214844,85.34938049316406,228.2899932861328,81.89610290527344,21.17850685119629
2024-07-17,542.712646484375,476.2735900878906,216.9111328125,75.78206634521484,87.2964096069336,85.36752319335938,227.22999572753906,82.45659637451172,21.17850685119629
2024-07-18,538.5419311523438,474.0196533203125,212.71441650390625,75.03194427490234,87.0487289428711,84.71495056152344,225.77999877929688,81.730712890625,21.022377014160156
2024-07-19,534.9656372070312,469.8181457519531,211.63108825683594,74.5724868774414,86.7734603881836,84.21646881103516,221.72999572753906,81.58369445800781,20.7376708984375
2024-07-22,540.481201171875,476.81732177734375,214.99819946289062,75.3601303100586,86.6908950805664,83.9717788696289,221.8000030517578,82.42902374267578,20.792776107788086
2024-07-23,539.6333618164062,475.13677978515625,217.28201293945312,74.93817138671875,86.7551040649414,83.85392761230469,222.5800018310547,82.36471557617188,20.599910736083984
2024-07-24,527.4038696289062,458.09344482421875,212.61683654785156,73.99114227294922,86.56244659423828,82.9476089477539,221.8000030517578,81.15184783935547,20.59072494506836
2024-07-25,524.6558227539062,453.0417785644531,215.27151489257812,73.52230834960938,86.7551040649414,83.62734985351562,218.3300018310547,80.8853759765625,20.636646270751953
2024-07-26,530.5319213867188,457.6881103515625,218.8338165283203,74.45996856689453,87.16798400878906,84.27989196777344,220.6300048828125,82.3003921508789,20.425413131713867
2024-07-29,530.84375,458.6075439453125,216.4036102294922,74.13177490234375,87.31475830078125,84.73307800292969,220.32000732421875,82.72306060791016,20.33357048034668
2024-07-30,528.1542358398438,452.3101806640625,217.2234649658203,74.3005599975586,87.49827575683594,85.05937194824219,222.52000427246094,83.36624908447266,20.269283294677734
2024-07-31,536.7392578125,465.6957092285156,218.48245239257812,75.35074615478516,88.14048767089844,85.929443359375,226.5500030517578,83.07222747802734,20.7376708984375
2024-08-01,529.1385498046875,454.4159240722656,211.37733459472656,73.35352325439453,88.5168685913086,86.67056274414062,225.77000427246094,83.90836334228516,20.489700317382812
2024-08-02,519.2867431640625,443.63037109375,203.90133666992188,72.2001953125,89.88800048828125,89.37132263183594,225.33999633789062,83.8624267578125,20.1131534576416
2024-08-05,504.1631164550781,430.4029846191406,197.34278869628906,70.62491607666016,89.98002624511719,89.8442153930664,222.47999572753906,81.4642562866211,20.076417922973633
2024-08-06,508.81134033203125,434.5155944824219,199.48992919921875,70.7468032836914,89.1794204711914,87.83454132080078,220.6999969482422,83.07222747802734,19.911104202270508
2024-08-07,505.4103698730469,429.8098449707031,197.1280517578125,71.0843734741211,88.85731506347656,87.21617126464844,220.5500030517578,82.50254821777344,20.094785690307617
2024-08-08,517.0941772460938,442.95819091796875,201.92010498046875,72.27520751953125,88.5904769897461,86.67964172363281,224.00999450683594,83.31111907958984,20.278467178344727
2024-08-09,519.3743286132812,445.271484375,201.50042724609375,72.55650329589844,88.94935607910156,87.53445434570312,224.55999755859375,83.69703674316406,20.397859573364258
2024-08-12,519.6473388671875,446.23040771484375,199.6851348876953,72.4908676147461,89.19783020019531,87.85272979736328,228.41000366210938,83.08141326904297,20.682567596435547
2024-08-13,528.1932373046875,457.3025817871094,202.97418212890625,73.73796081542969,89.5935287475586,88.46199798583984,228.05999755859375,83.80728149414062,20.489700317382812
2024-08-14,529.8595581054688,457.4508972167969,201.7151641845703,74.00988006591797,89.71316528320312,89.01668548583984,226.1999969482422,84.0278091430664,20.36112403869629
2024-08-15,538.94140625,469.007568359375,206.9464111328125,74.91004943847656,89.15181732177734,88.29829406738281,226.91000366210938,83.96349334716797,20.526437759399414
2024-08-16,540.1497802734375,469.6105651855469,207.49295043945312,75.32261657714844,89.32665252685547,88.60749053955078,231.99000549316406,83.91755676269531,20.397859573364258
2024-08-19,545.3143310546875,475.77935791015625,210.03048706054688,76.24152374267578,89.44630432128906,89.01668548583984,231.61000061035156,84.61585998535156,20.28765296936035
2024-08-20,544.4275512695312,474.7808837890625,207.58079528808594,76.0071029663086,89.80517578125,89.72599792480469,232.4600067138672,84.51480865478516,20.204994201660156
2024-08-21,546.2984008789062,476.995361328125,210.2842559814453,76.71035766601562,89.98922729492188,89.78054809570312,232.14999389648438,84.96502685546875,20.10396957397461
2024-08-22,542.0109252929688,469.4326171875,208.42987060546875,76.26029205322266,89.57511901855469,88.8893814086914,229.3699951171875,85.21310424804688,20.085601806640625
2024-08-23,547.7699584960938,474.52386474609375,215.08607482910156,77.65739440917969,89.98922729492188,89.47135925292969,232.02000427246094,87.08753204345703,20.44378089904785
2024-08-26,546.4642333984375,469.9170227050781,215.15435791015625,77.31046295166016,89.87879180908203,89.2440414428711,232.75999450683594,87.05078887939453,20.655014038085938
2024-08-27,547.2145385742188,471.32086181640625,213.48545837402344,77.66677856445312,89.84199523925781,89.0894546508789,233.38999938964844,87.17942810058594,20.55398941040039
2024-08-28,544.0379028320312,465.97259521484375,212.04103088378906,77.39485168457031,89.79598236083984,88.98031616210938,231.75,86.83946990966797,20.306018829345703
2024-08-29,544.0864868164062,465.2904357910156,213.55377197265625,77.68553924560547,89.6395492553711,88.68934631347656,232.9499969482422,86.57299041748047,20.53562355041504
2024-08-30,549.2803344726562,470.8364562988281,214.7932891845703,77.80742645263672,89.32665252685547,87.74358367919922,231.2899932861328,87.40913391113281,20.306018829345703
2024-09-03,537.9766845703125,456.5413818359375,208.22494506835938,76.57908630371094,89.91551208496094,89.17867279052734,230.2899932861328,87.36318969726562,19.901918411254883
2024-09-04,536.87548828125,455.35504150390625,207.8735809326172,76.24152374267578,90.44160461425781,90.32818603515625,230.42999267578125,87.61128997802734,19.754974365234375
2024-09-05,535.5698852539062,455.7801818847656,206.83905029296875,76.26029205322266,90.65387725830078,90.83906555175781,232.35000610351562,87.32645416259766,19.800893783569336
2024-09-06,526.5560913085938,443.5710754394531,202.90586853027344,74.8256607055664,90.78309631347656,90.8299560546875,230.6300048828125,87.24374389648438,19.534557342529297
2024-09-09,532.4515380859375,449.2752380371094,203.47190856933594,75.57579040527344,90.91232299804688,91.2222671508789,231.60000610351562,88.21772003173828,19.58966064453125
2024-09-10,534.770751953125,453.42730712890625,203.30601501464844,75.20072174072266,91.29996490478516,91.86087799072266,232.6199951171875,89.49490356445312,19.304954528808594
2024-09-11,540.2568969726562,463.2737121582031,203.90133666992188,75.65079498291016,91.23535919189453,91.78788757324219,232.25,89.3203353881836,19.479450225830078
2024-09-12,544.8076782226562,467.82122802734375,206.52674865722656,76.26966094970703,91.0876693725586,91.3591079711914,236.3300018310547,89.69705200195312,19.856000900268555
2024-09-13,547.653076171875,469.9170227050781,211.62135314941406,76.44781494140625,91.26305389404297,91.60543060302734,238.67999267578125,90.63426208496094,19.89273452758789
2024-09-16,548.4618530273438,467.84100341796875,212.3826141357422,77.06666564941406,91.50301361083984,92.44474792480469,238.66000366210938,90.93749237060547,20.03968048095703
2024-09-17,548.6859130859375,468.088134765625,214.13937377929688,76.63534545898438,91.33685302734375,91.99769592285156,237.33999633789062,90.30347442626953,20.177440643310547
2024-09-18,547.0586547851562,466.0615234375,214.1783905029297,76.39155578613281,90.94001770019531,90.85733795166016,235.50999450683594,90.19322967529297,20.048864364624023
2024-09-19,556.3938598632812,477.84552001953125,218.58981323242188,77.90119934082031,90.86618041992188,90.5562515258789,239.1699981689453,90.21160125732422,20.40704345703125
2024-09-20,555.4320678710938,476.93603515625,216.24749755859375,77.13230895996094,90.83849334716797,90.20958709716797,242.2100067138672,89.8532485961914,20.40704345703125
2024-09-23,556.8200073242188,478.2002258300781,215.4569091796875,77.42298889160156,90.78309631347656,90.01800537109375,242.67999267578125,90.74452209472656,20.416229248046875
2024-09-24,558.4132690429688,480.5068664550781,215.8180389404297,77.8824462890625,90.88463592529297,89.99974060058594,246.07000732421875,90.8731689453125,20.756040573120117
2024-09-25,557.1817016601562,480.9523620605469,213.1856689453125,77.46048736572266,90.51543426513672,89.25164794921875,245.72999572753906,90.26673126220703,20.58154296875
2024-09-26,559.3907470703125,484.5657958984375,214.32168579101562,79.16704559326172,90.45083618164062,89.46147155761719,246.97999572753906,89.4489517211914,20.397859573364258
2024-09-27,558.5794067382812,481.8730773925781,215.7710418701172,78.68883514404297,90.81079864501953,89.92676544189453,245.02000427246094,89.56295013427734,20.498884201049805
2024-09-30,560.8178100585938,483.1798400878906,216.31947326660156,78.41690826416016,90.56160736083984,89.49798583984375,243.05999755859375,90.26712036132812,20.452964782714844
2024-10-01,555.7938232421875,476.4479675292969,213.3815155029297,77.83556365966797,90.89114379882812,90.1441650390625,245.61000061035156,89.68338012695312,20.81114387512207
2024-10-02,556.0283203125,477.12115478515625,213.08773803710938,77.67615509033203,90.63192749023438,89.38449096679688,245.66000366210938,89.36835479736328,20.98564338684082
2024-10-03,555.0119018554688,476.7647399902344,211.65794372558594,76.95415496826172,90.16910552978516,88.54244232177734,245.49000549316406,88.55296325683594,21.28871726989746
2024-10-04,560.0554809570312,482.43731689453125,214.61546325683594,77.40423583984375,89.2989730834961,87.45328521728516,245.0,88.12673950195312,21.343820571899414
2024-10-07,554.9921875,477.2696228027344,212.93104553222656,76.97290802001953,88.97501373291016,86.79429626464844,244.1699981689453,87.3484115600586,21.637710571289062
2024-10-08,560.2411499023438,484.3974914550781,213.0779571533203,76.85101318359375,89.04904174804688,86.94074249267578,242.3699951171875,87.52446746826172,21.132587432861328
2024-10-09,564.1217041015625,488.20892333984375,213.54800415039062,76.86975860595703,88.71581268310547,86.44649505615234,241.0500030517578,87.61711883544922,20.94890594482422
2024-10-10,563.1343994140625,487.6545104980469,212.36306762695312,76.7760009765625,88.70655059814453,86.10784149169922,242.82000732421875,86.83879852294922,21.36219024658203
2024-10-11,566.5065307617188,488.41680908203125,216.6818084716797,77.1698226928711,88.73431396484375,85.76005554199219,245.47000122070312,87.82096862792969,21.380558013916016
2024-10-14,571.1396484375,492.5153503417969,218.27806091308594,77.39485168457031,88.57695770263672,85.8241195678711,245.07000732421875,88.34912109375,21.049930572509766
2024-10-15,566.7019653320312,485.9319763183594,218.45436096191406,76.1102523803711,89.03054809570312,86.86752319335938,245.9199981689453,89.41468811035156,20.645830154418945
2024-10-16,569.1652221679688,485.9913635253906,222.04840087890625,76.30715942382812,89.16940307617188,87.23362731933594,247.14999389648438,90.3968505859375,20.59072494506836
2024-10-17,569.2140502929688,486.3279724121094,221.4412384033203,76.31654357910156,88.70655059814453,85.85157775878906,248.6300048828125,89.68338012695312,20.61827850341797
2024-10-18,571.403564453125,489.5157165527344,220.98094177246094,76.83226013183594,88.80839538574219,85.91566467285156,251.27000427246094,90.35052490234375,20.50806999206543
2024-10-21,570.4652099609375,490.4562072753906,217.50442504882812,75.92272186279297,88.12338256835938,84.41461944580078,251.22000122070312,88.58074951171875,20.572359085083008
2024-10-22,570.1622314453125,490.99072265625,216.6818084716797,75.49140167236328,88.04005432128906,84.49697875976562,253.92999267578125,88.71047973632812,20.930538177490234
2024-10-23,564.9524536132812,483.46685791015625,214.70359802246094,74.73188781738281,87.83642578125,84.26817321777344,250.8699951171875,89.35909271240234,20.81114387512207
2024-10-24,566.1741943359375,487.3872375488281,215.17367553710938,75.15383911132812,88.03081512451172,84.80815124511719,252.8000030517578,89.55367279052734,20.801959991455078
2024-10-25,565.9786987304688,490.357177734375,214.36082458496094,74.90067291259766,87.83642578125,84.33222961425781,253.32000732421875,88.71047973632812,20.94890594482422
2024-10-28,567.7283935546875,490.4363708496094,217.85696411132812,75.50077056884766,87.63278198242188,84.10342407226562,253.3300018310547,88.98844909667969,20.3886775970459
2024-10-29,568.647216796875,495.1487121582031,217.15188598632812,75.2288589477539,87.66980743408203,84.23155212402344,256.0899963378906,88.34912109375,20.351940155029297
2024-10-30,566.9268188476562,491.4065856933594,216.85809326171875,74.74126434326172,87.54020690917969,84.47866821289062,257.5,88.73828125,20.609094619750977
2024-10-31,555.8133544921875,479.0021057128906,213.2541961669922,74.28180694580078,87.49393463134766,84.61597442626953,253.50999450683594,87.23721313476562,20.746854782104492
2024-11-01,558.1591796875,482.54620361328125,214.44898986816406,74.43183898925781,86.97581481933594,83.42302703857422,252.47000122070312,86.2735824584961,20.526437759399414
2024-11-04,556.9568481445312,481.1405029296875,215.5360107421875,74.48810577392578,87.44007873535156,84.71788787841797,252.8300018310547,87.21869659423828,20.87543296813965
2024-11-05,563.6914672851562,487.2783508300781,219.59034729003906,75.2288589477539,87.48651885986328,85.16790771484375,253.39999389648438,88.37691497802734,21.004011154174805
2024-11-06,577.7080078125,500.514404296875,232.31158447265625,74.14115905761719,86.58583068847656,82.83526611328125,245.6999969482422,86.49595642089844,20.7744083404541
2024-11-07,582.1749267578125,508.3946228027344,231.48895263671875,75.26634979248047,87.2822265625,83.8730239868164,249.64999389648438,87.53373718261719,20.98564338684082
2024-11-08,584.69677734375,508.9886779785156,233.19293212890625,74.22555541992188,87.46792602539062,84.93830871582031,247.9600067138672,88.84019470214844,20.664199829101562
2024-11-11,585.2537841796875,508.691650390625,236.6988525390625,74.24430847167969,87.22652435302734,84.52505493164062,242.13999938964844,88.39545440673828,20.33357048034668
2024-11-12,583.4359130859375,507.7708435058594,232.54661560058594,72.86593627929688,86.6786880493164,83.25772857666016,240.0500030517578,87.17237091064453,20.223363876342773
2024-11-13,583.7193603515625,507.1175537109375,230.24522399902344,72.43461608886719,86.62297058105469,82.46796417236328,237.6300048828125,87.65418243408203,20.159074783325195
2024-11-14,579.9659423828125,503.5931701660156,227.14080810546875,72.58464050292969,86.61367797851562,82.94549560546875,237.00999450683594,86.86659240722656,20.14070701599121
2024-11-15,572.5372924804688,491.5946960449219,223.75238037109375,72.32208251953125,86.65081787109375,82.72511291503906,236.58999633789062,86.91292572021484,20.03968048095703
2024-11-18,574.8832397460938,495.0101318359375,224.1930694580078,72.71591186523438,86.84581756591797,82.87201690673828,241.08999633789062,87.5429916381836,20.498884201049805
2024-11-19,576.984619140625,498.4156494140625,225.85792541503906,72.62213897705078,87.03152465820312,83.29444122314453,243.25,87.96923065185547,20.563173294067383
2024-11-20,577.1801147460938,498.1285400390625,226.15170288085938,72.42523193359375,86.90153503417969,83.02814483642578,244.6199951171875,87.8580322265625,20.55398941040039
2024-11-21,580.2786865234375,499.9203796386719,229.58909606933594,72.4439926147461,86.85511016845703,82.96385955810547,246.66000366210938,88.50662231445312,20.700937271118164
2024-11-22,582.0772705078125,500.7223205566406,233.82948303222656,72.72528076171875,86.91082763671875,83.00979614257812,249.83999633789062,89.17378234863281,20.719303131103516
2024-11-25,584.0516357421875,501.5142822265625,237.38438415527344,73.10035705566406,87.84862518310547,85.15872955322266,242.47999572753906,90.4153823852539,20.425413131713867
2024-11-26,587.101318359375,504.2070007324219,235.64120483398438,72.67839813232422,87.6629409790039,84.8281021118164,242.9499969482422,90.77674865722656,20.425413131713867
2024-11-27,585.3223266601562,500.2371520996094,235.96438598632812,73.07222747802734,88.01576232910156,85.41585540771484,243.49000549316406,91.3604965209961,20.315204620361328
2024-11-29,588.9583740234375,504.6326904296875,236.8653564453125,74.04739379882812,88.38719177246094,86.29749298095703,245.58999633789062,90.95279693603516,20.33357048034668
2024-12-02,590.0140380859375,510.1271057128906,236.74783325195312,74.2536849975586,88.37972259521484,86.50482940673828,243.44000244140625,89.62779998779297,20.18662452697754
2024-12-03,590.2876586914062,511.69122314453125,235.06341552734375,74.67562866210938,88.12826538085938,85.75834655761719,243.92999267578125,89.17378234863281,20.416229248046875
2024-12-04,593.9530029296875,518.0172729492188,235.9056396484375,74.73188781738281,88.46355438232422,86.67991638183594,244.6699981689453,88.93285369873047,20.306018829345703
2024-12-05,592.9757080078125,516.581787109375,233.15374755859375,75.09757995605469,88.45426177978516,86.8550033569336,242.86000061035156,88.7197494506836,20.278467178344727
2024-12-06,594.0997314453125,521.2049560546875,233.9861602783203,75.08820343017578,88.73367309570312,86.9840087890625,242.9499969482422,88.59001922607422,20.122337341308594
2024-12-09,591.0404052734375,517.1460571289062,232.8109893798828,75.04132080078125,88.42630767822266,86.18226623535156,245.36000061035156,88.84019470214844,20.315204620361328
2024-12-10,589.2026977539062,515.3838500976562,231.80230712890625,74.36619567871094,88.26795959472656,85.77681732177734,248.58999633789062,87.55226135253906,20.36112403869629
2024-12-11,593.7576293945312,524.6104125976562,232.85020446777344,74.83502960205078,88.00716400146484,84.96582794189453,250.9600067138672,87.3484115600586,20.61827850341797
2024-12-12,590.6982421875,521.2247924804688,229.82411193847656,74.17866516113281,87.67185974121094,83.93372344970703,247.27999877929688,87.20943450927734,20.53562355041504
2024-12-13,590.5810546875,525.21435546875,228.24742126464844,73.97238159179688,87.26205444335938,83.07670593261719,244.2899932861328,86.9592514038086,20.526437759399414
2024-12-16,593.1026611328125,532.7778930664062,229.58909606933594,73.72859191894531,87.29003143310547,83.32551574707031,244.8800048828125,86.65348052978516,20.416229248046875
2024-12-17,590.6591186523438,530.4315185546875,226.96067810058594,73.61167907714844,87.29003143310547,83.52823638916016,243.94000244140625,86.23652648925781,20.278467178344727
2024-12-18,573.055419921875,511.2952575683594,216.91261291503906,71.80584716796875,86.61531829833984,82.4837875366211,239.25999450683594,82.67847442626953,20.094785690307617
2024-12-19,572.8794555664062,509.0182800292969,215.9500274658203,71.5777359008789,86.22286224365234,81.23487854003906,239.60000610351562,81.39978790283203,20.094785690307617
2024-12-20,579.7603149414062,513.4633178710938,217.973388671875,71.37814331054688,86.54058074951172,81.69744873046875,242.10000610351562,82.77113342285156,20.223363876342773
2024-12-23,583.2320556640625,518.4658813476562,217.47247314453125,71.84386444091797,86.15743255615234,80.94808959960938,240.9600067138672,83.0948257446289,20.238842010498047
2024-12-24,589.7146606445312,525.4961547851562,219.41726684570312,72.10047912597656,86.20415496826172,81.2903823852539,241.44000244140625,83.64680480957031,20.354934692382812
2024-12-26,589.75390625,525.1392211914062,221.66653442382812,72.44264221191406,86.26958465576172,81.2441177368164,243.07000732421875,83.87133026123047,20.296886444091797
2024-12-27,583.5458984375,518.1583862304688,218.43502807617188,72.33809661865234,86.04530334472656,80.5780258178711,241.39999389648438,83.02933502197266,20.393630981445312
2024-12-30,576.88671875,511.2669982910156,216.75546264648438,71.86287689208984,86.54991149902344,81.22563171386719,240.6300048828125,82.6176986694336,20.57744598388672
2024-12-31,574.7879638671875,506.92388916015625,217.03048706054688,71.86287689208984,86.39105224609375,80.79082489013672,242.1300048828125,83.33806610107422,20.683862686157227
2025-01-02,573.3756713867188,505.93231201171875,217.207275390625,71.61576080322266,86.43777465820312,81.0128402709961,245.4199981689453,82.59898376464844,20.887025833129883
2025-01-03,580.5448608398438,514.2120361328125,220.4387664794922,71.92940521240234,86.297607421875,80.75381469726562,243.49000549316406,83.68421173095703,20.780607223510742
2025-01-06,583.8890991210938,520.1217651367188,220.52716064453125,72.61372375488281,86.2135238647461,80.39300537109375,243.19000244140625,82.60833740234375,20.819305419921875
2025-01-07,577.2888793945312,510.840576171875,218.75917053222656,72.55668640136719,85.82101440429688,79.48638916015625,244.55999755859375,81.8224868774414,20.91604995727539
2025-01-08,578.1322021484375,510.92987060546875,217.76715087890625,72.44264221191406,85.97054290771484,79.5881576538086,245.86000061035156,82.03766632080078,20.877351760864258
2025-01-10,569.3057250976562,502.91790771484375,212.97393798828125,71.34012603759766,85.34445190429688,79.06084442138672,248.2100067138672,80.03559875488281,21.438467025756836
2025-01-13,570.1883544921875,501.3016662597656,213.38645935058594,71.14053344726562,85.19493865966797,79.03309631347656,245.74000549316406,81.01790618896484,21.5932559967041
2025-01-14,570.972900390625,500.82568359375,215.8125457763672,71.39715576171875,85.22296905517578,78.90359497070312,247.02999877929688,81.75698852539062,21.583581924438477
2025-01-15,581.3589477539062,512.3477783203125,220.05567932128906,72.30957794189453,86.12004852294922,80.26350402832031,248.8800048828125,82.22476959228516,21.931861877441406
2025-01-16,580.2407836914062,508.7583312988281,220.49769592285156,72.68025207519531,86.32563781738281,80.52253723144531,250.60000610351562,83.92745208740234,21.83511734008789
2025-01-17,586.06640625,517.3453369140625,221.45045471191406,72.97488403320312,86.39105224609375,80.66130828857422,249.27000427246094,83.87133026123047,21.738372802734375
2025-01-21,591.4309692382812,520.379638671875,225.70343017578125,74.44806671142578,86.68074035644531,81.38289642333984,253.1300048828125,85.44303894042969,21.631956100463867
2025-01-22,594.7556762695312,527.0330200195312,224.23011779785156,74.2770004272461,86.45645141601562,80.95732879638672,254.42999267578125,83.95551300048828,21.612606048583984
2025-01-23,598.001953125,528.1536254882812,225.25164794921875,74.8852767944336,86.23219299316406,80.32825469970703,254.07000732421875,84.5729751586914,21.53521156311035
2025-01-24,596.2562255859375,525.1688842773438,224.6230010986328,75.30347442626953,86.40974426269531,80.68904113769531,255.64999389648438,84.86299133300781,21.544885635375977
2025-01-27,587.8218994140625,509.87872314453125,222.4719696044922,75.30347442626953,86.97042083740234,81.64191436767578,252.99000549316406,85.9949951171875,21.21595573425293
2025-01-28,592.8727416992188,517.414794921875,222.717529296875,75.20841979980469,86.97976684570312,81.58642578125,255.17999267578125,84.95655059814453,21.235305786132812
2025-01-29,590.21484375,516.4429931640625,222.20672607421875,75.19892120361328,86.8769760131836,81.41990661621094,254.1999969482422,83.83390045166016,21.274002075195312
2025-01-30,593.3826904296875,518.644287109375,224.46585083007812,76.02580261230469,87.06385803222656,81.72517395019531,258.04998779296875,84.90042114257812,21.293350219726562
2025-01-31,590.2246704101562,517.8906860351562,222.45230102539062,75.31297302246094,86.92369079589844,81.1886215209961,258.55999755859375,84.71330261230469,21.25465202331543
2025-02-03,586.2527465820312,513.745849609375,219.84942626953125,74.42906188964844,86.98558044433594,81.84966278076172,259.94000244140625,84.53555297851562,21.419116973876953
2025-02-04,590.185546875,520.0523071289062,222.89430236816406,75.29396057128906,87.20117950439453,82.10033416748047,262.5,84.60104370117188,21.47716522216797
2025-02-05,592.5784301757812,522.4122924804688,225.3203582763672,76.02580261230469,87.70738983154297,83.45581817626953,264.1300048828125,85.78917694091797,21.34172248840332
2025-02-06,594.637939453125,525.1392211914062,224.5836944580078,76.38697814941406,87.6042709350586,83.41869354248047,263.42999267578125,86.00435638427734,21.351396560668945
2025-02-07,589.1949462890625,518.5154418945312,221.98086547851562,75.66463470458984,87.31365966796875,82.88021087646484,263.8999938964844,85.72368621826172,21.36107063293457
2025-02-10,593.1963500976562,524.7920532226562,222.98269653320312,76.1778793334961,87.29493713378906,82.62953186035156,268.3699951171875,85.6862564086914,21.670652389526367
2025-02-11,593.6473999023438,523.5426635742188,221.68617248535156,76.5390396118164,87.06995391845703,82.10033416748047,267.3900146484375,86.06048583984375,21.83511734008789
2025-02-12,591.7349243164062,523.85009765625,219.64315795898438,76.82417297363281,86.469970703125,80.98624420166016,267.6700134277344,85.26527404785156,21.5932559967041
2025-02-13,597.9823608398438,531.3860473632812,222.11834716796875,77.75560760498047,87.1167984008789,82.33244323730469,270.30999755859375,86.11662292480469,21.699676513671875
2025-02-14,597.9528198242188,533.6171264648438,221.9513702392578,77.86965942382812,87.48241424560547,82.768798828125,266.2900085449219,85.72368621826172,21.7093505859375
2025-02-18,599.7083129882812,534.8267822265625,223.16932678222656,78.430419921875,87.01368713378906,81.7939453125,270.70001220703125,86.10726928710938,22.02860450744629
2025-02-19,601.12060546875,534.9756469726562,222.4031982421875,77.62254333496094,87.154296875,81.89608764648438,270.8500061035156,86.1727523803711,22.20274543762207
2025-02-20,598.619873046875,532.704833984375,220.2718048095703,77.98371124267578,87.33242797851562,82.20245361328125,270.989990234375,86.58439636230469,22.231767654418945
2025-02-21,588.3809204101562,521.6488647460938,213.92666625976562,77.49899291992188,87.84803009033203,83.19587707519531,270.739990234375,85.73304748535156,21.92218589782715
2025-02-24,585.7035522460938,515.4910888671875,212.3845977783203,77.45146179199219,88.03549194335938,83.43726348876953,272.2099914550781,86.06983947753906,21.844791412353516
2025-02-25,582.790771484375,508.99627685546875,211.5791778564453,78.15479278564453,88.72920227050781,84.87629699707031,268.6199951171875,87.12699890136719,21.60293197631836
2025-02-26,583.0849609375,510.225830078125,211.8443603515625,78.25933837890625,88.97293853759766,85.37765502929688,269.0299987792969,86.76213836669922,21.419116973876953
2025-02-27,573.7777709960938,496.05621337890625,208.6128692626953,77.37542724609375,88.86984252929688,84.77418518066406,264.92999267578125,87.10829162597656,21.44814109802246
2025-02-28,582.7318725585938,503.88970947265625,210.8326873779297,77.5370101928711,89.35731506347656,85.81402587890625,263.2699890136719,87.84737396240234,21.283676147460938
2025-03-03,572.5225219726562,492.8633117675781,205.0670623779297,78.39240264892578,89.681640625,86.21449279785156,266.739990234375,88.2590103149414,21.148235321044922
2025-03-04,565.74560546875,491.37591552734375,202.74903869628906,78.3733901977539,89.39962005615234,85.15276336669922,269.05999755859375,87.23926544189453,21.21595573425293
2025-03-05,571.826171875,497.7815856933594,204.76258850097656,80.24576568603516,88.90132141113281,84.47286987304688,269.6199951171875,88.21223449707031,21.157909393310547
2025-03-06,561.675537109375,484.087890625,201.6293182373047,79.41887664794922,88.85433959960938,84.19347381591797,268.25,85.94822692871094,21.051490783691406
2025-03-07,564.8236694335938,487.6476135253906,202.2873992919922,80.24576568603516,88.74151611328125,83.92340850830078,268.3900146484375,86.46277618408203,21.235305786132812
2025-03-10,549.779296875,468.7481994628906,197.1995391845703,78.35438537597656,89.36202239990234,84.79887390136719,266.0400085449219,85.63013458251953,21.099863052368164
2025-03-11,545.2090454101562,467.6277160644531,197.17990112304688,78.08826446533203,89.04236602783203,84.19347381591797,269.1600036621094,84.62911224365234,21.21595573425293
2025-03-12,548.1021728515625,472.9029235839844,197.52366638183594,78.6490249633789,88.77910614013672,83.69054412841797,270.3299865722656,84.36715698242188,21.21595573425293
2025-03-13,540.7957153320312,464.3951416015625,194.5770263671875,78.12627410888672,89.13636016845703,84.42631530761719,275.1300048828125,82.70189666748047,21.138561248779297
2025-03-14,551.96630859375,475.6197814941406,199.28182983398438,79.56143951416016,88.82612609863281,83.97927856445312,275.239990234375,84.35780334472656,21.25465202331543
2025-03-17,556.22265625,478.70361328125,201.7963104248047,80.45486450195312,88.90132141113281,84.39839172363281,276.7300109863281,85.79853057861328,21.399770736694336
2025-03-18,550.2109375,470.5429382324219,200.0440216064453,80.44535827636719,89.0047378540039,84.482177734375,279.9599914550781,85.3494873046875,21.351396560668945
2025-03-19,556.2030639648438,476.8394470214844,203.15481567382812,80.68296813964844,89.27739715576172,84.91993713378906,281.1099853515625,85.45238494873047,21.48683738708496
2025-03-20,554.5946044921875,475.2231750488281,201.86520385742188,80.00814819335938,89.40901947021484,84.97581481933594,280.75,85.39624786376953,21.525535583496094
2025-03-21,554.7776489257812,476.7898254394531,200.61497497558594,79.51392364501953,89.33377838134766,84.47286987304688,278.489990234375,84.45134735107422,21.399770736694336
2025-03-24,564.7129516601562,487.252685546875,205.60601806640625,79.5044174194336,88.81672668457031,83.60674285888672,277.25,85.75176239013672,21.47716522216797
2025-03-25,566.0703125,490.0332336425781,204.46408081054688,79.94161987304688,88.96715545654297,83.59741973876953,278.4700012207031,84.78959655761719,21.506187438964844
2025-03-26,559.3124389648438,481.0163269042969,202.38693237304688,78.9056396484375,88.76030731201172,83.04791259765625,278.239990234375,85.12039947509766,21.47716522216797
2025-03-27,557.8271484375,478.27545166015625,201.42221069335938,79.07672119140625,88.6850814819336,82.80577087402344,281.9700012207031,84.90301513671875,21.53521156311035
2025-03-28,546.5933227539062,465.6835632324219,197.3270263671875,78.3733901977539,89.39962005615234,83.95134735107422,284.05999755859375,84.78959655761719,21.467491149902344
2025-03-31,550.262451171875,465.66363525390625,196.38198852539062,77.67957305908203,89.66285705566406,84.78022766113281,288.1400146484375,85.57406616210938,21.767396926879883
2025-04-01,551.8167724609375,469.4173889160156,196.4016571044922,77.79362487792969,89.97787475585938,85.514892578125,287.57000732421875,85.61188507080078,21.777070999145508
2025-04-02,555.308837890625,472.8434753417969,199.5026092529297,77.97420501708984,89.89298248291016,85.45880889892578,288.1600036621094,86.13170623779297,21.912511825561523
2025-04-03,527.9428100585938,447.53045654296875,186.6952667236328,76.33944702148438,90.81729125976562,85.85138702392578,286.4200134277344,83.1922836303711,21.032142639160156
2025-04-04,497.0354309082031,419.73480224609375,178.36708068847656,71.30210876464844,91.07193756103516,86.78607940673828,279.7200012207031,79.5818099975586,20.267866134643555
2025-04-07,496.1501159667969,420.74774169921875,176.75265502929688,69.5818099975586,89.98729705810547,84.16895294189453,273.7099914550781,77.49301147460938,19.948610305786133
2025-04-08,488.3790588378906,413.1707458496094,172.09634399414062,69.34420013427734,89.53459167480469,82.57994079589844,275.20001220703125,75.4136734008789,19.50358772277832
2025-04-09,539.6683349609375,462.7639465332031,186.72482299804688,74.69517517089844,89.25164794921875,83.0660171508789,285.3800048828125,79.91261291503906,20.20981788635254
2025-04-10,516.0205688476562,443.08154296875,178.87901306152344,73.22200775146484,88.69518280029297,80.77600860595703,292.3500061035156,78.0884780883789,19.958282470703125
2025-04-11,525.2278442382812,451.2444763183594,181.48773193359375,75.05635833740234,88.19530487060547,81.21530151367188,297.92999267578125,79.0430679321289,20.248516082763672
2025-04-14,530.3233032226562,454.3031005859375,183.6239013671875,75.8642349243164,88.90266418457031,81.79483795166016,296.2300109863281,80.67819213867188,20.258190155029297
2025-04-15,528.8378295898438,454.8095397949219,183.85031127929688,76.54854583740234,89.16675567626953,82.08457946777344,297.7799987792969,80.9239273071289,20.20981788635254
2025-04-16,517.0828857421875,441.095458984375,182.0882110595703,76.25390625,89.55343627929688,82.5425796508789,307.4700012207031,80.86721801757812,20.46135139465332
2025-04-17,517.8206176757812,441.0160217285156,183.57467651367188,77.0807876586914,89.29879760742188,81.81351470947266,306.1199951171875,82.07699584960938,20.674190521240234
2025-04-21,505.4951171875,430.102294921875,179.8929443359375,76.66261291503906,88.8177719116211,80.38345336914062,315.5899963378906,80.36628723144531,20.500049591064453
2025-04-22,518.6469116210938,441.3933410644531,184.54925537109375,78.24983978271484,88.88380432128906,80.83209228515625,311.1099853515625,81.92577362060547,20.59679412841797
2025-04-23,526.6836547851562,451.40338134765625,187.2859649658203,78.56349182128906,88.97811889648438,81.61723327636719,303.6499938964844,82.07699584960938,20.44200325012207
2025-04-24,537.769775390625,464.1045837402344,191.0365753173828,79.60896301269531,89.45912170410156,82.47714233398438,308.07000732421875,82.37947082519531,20.625816345214844
2025-04-25,541.6553344726562,469.27838134765625,191.09564208984375,79.95113372802734,89.79866790771484,83.08470153808594,304.7300109863281,82.23768615722656,20.65484046936035
2025-04-28,541.86181640625,469.1294250488281,191.9028778076172,80.4833755493164,90.1570816040039,83.6081314086914,309.07000732421875,82.7480697631836,20.538747787475586
2025-04-29,545.2752685546875,472.22772216796875,193.0349578857422,80.64494323730469,90.46831512451172,84.30914306640625,306.05999755859375,83.1922836303711,20.277538299560547
2025-04-30,545.49169921875,472.1681823730469,191.82412719726562,80.5499038696289,90.60980224609375,83.62681579589844,303.7699890136719,83.48528289794922,19.900236129760742
2025-05-01,549.357421875,478.33502197265625,193.01528930664062,80.29328918457031,90.21521759033203,83.20279693603516,297.4599914550781,83.75938415527344,19.996980667114258
2025-05-02,557.5122680664062,485.43536376953125,197.3565673828125,81.83300018310547,89.60961151123047,82.30216979980469,297.9800109863281,84.78959655761719,20.08405113220215
2025-05-05,554.3152465820312,482.5555114746094,195.84056091308594,81.9755630493164,89.44874572753906,81.84249114990234,306.8800048828125,84.60057830810547,19.967958450317383
2025-05-06,549.6821899414062,478.06689453125,193.70437622070312,81.87101745605469,89.67584228515625,82.11457061767578,315.4800109863281,83.94841003417969,20.267866134643555
2025-05-07,551.993896484375,479.94378662109375,194.34425354003906,81.59538269042969,89.91239929199219,82.461669921875,310.75,84.04292297363281,20.01633071899414
2025-05-08,555.8399658203125,484.899169921875,198.045654296875,81.31026458740234,89.2121810913086,81.54228973388672,304.6300048828125,83.71212768554688,20.277538299560547
2025-05-09,555.1317749023438,484.5813903808594,197.6814422607422,81.70944213867188,89.27842712402344,81.66425323486328,306.8399963378906,84.26976013183594,20.432329177856445
2025-05-12,573.4774780273438,504.3233337402344,204.63140869140625,82.12763977050781,88.71067810058594,80.90435791015625,298.19000244140625,84.68562316894531,20.567771911621094
2025-05-13,577.2646484375,512.009521484375,205.3795928955078,82.232177734375,88.64443969726562,80.5760269165039,299.4599914550781,83.608154296875,20.887025833129883
2025-05-14,578.00244140625,515.0780639648438,203.5584259033203,81.83300018310547,88.3132553100586,80.04129028320312,293.1600036621094,82.7858657836914,20.780607223510742
2025-05-15,580.8256225585938,515.6441040039062,204.88739013671875,82.7264175415039,88.89047241210938,80.74488067626953,297.8399963378906,84.2981185913086,20.57744598388672
2025-05-16,584.5045776367188,517.8884887695312,206.58059692382812,82.91650390625,88.91886901855469,80.96064758300781,294.239990234375,85.34724426269531,20.500049591064453
2025-05-19,585.1439819335938,518.3849487304688,205.7142791748047,83.70537567138672,88.87153625488281,80.72611236572266,298.0299987792969,85.36613464355469,20.471027374267578
2025-05-20,583.1765747070312,516.6571655273438,205.82257080078125,84.10455322265625,88.75800323486328,80.14448547363281,303.5799865722656,84.8652114868164,20.732234954833984
2025-05-21,573.3495483398438,509.47723388671875,200.0440216064453,83.6103286743164,88.1429214477539,78.77481842041016,305.82000732421875,82.6063003540039,20.70321273803711
2025-05-22,573.5758056640625,510.4306335449219,200.0341796875,83.56280517578125,88.47410583496094,79.1875991821289,303.1099853515625,82.22821807861328,20.59679412841797
2025-05-23,569.6607666015625,505.7036437988281,199.4041748046875,83.67686462402344,88.72958374023438,79.31891632080078,309.75,82.31329345703125,20.712886810302734
2025-05-27,581.5043334960938,517.6004638671875,204.46408081054688,84.89341735839844,89.0986328125,80.42591857910156,304.5,83.74993133544922,20.529071807861328
2025-05-28,578.1401977539062,515.3065185546875,202.30819702148438,83.91445922851562,88.85262298583984,80.07881927490234,303.80999755859375,83.66486358642578,20.46135139465332
2025-05-29,580.4221801757812,516.3194580078125,202.90867614746094,84.28514099121094,89.22166442871094,80.8199234008789,305.6099853515625,84.42098999023438,20.354934692382812
2025-05-30,579.7731323242188,515.5050659179688,201.87506103515625,84.40869140625,89.48658752441406,80.94189453125,303.6000061035156,84.42098999023438,20.20014190673828
2025-06-02,583.0388793945312,519.57666015625,202.50506591796875,85.3116226196289,89.18281555175781,80.18858337402344,311.6700134277344,84.5344009399414,20.625816345214844
2025-06-03,586.36376953125,523.6382446289062,205.77334594726562,84.66531372070312,89.09737396240234,80.04734802246094,308.9100036621094,84.3642807006836,20.76125717163086
2025-06-04,586.206298828125,525.0980224609375,205.1925506591797,85.04550170898438,89.75242614746094,81.34676361083984,310.8999938964844,84.60057830810547,20.683862686157227
2025-06-05,583.3732299804688,521.1456909179688,205.28115844726562,84.98845672607422,89.48660278320312,81.40328216552734,309.3299865722656,84.5344009399414,20.780607223510742
2025-06-06,589.364013671875,526.2400512695312,208.59864807128906,85.29261016845703,88.77458190917969,80.36749267578125,305.17999267578125,84.9408187866211,20.945072174072266
2025-06-09,589.8951416015625,527.0146484375,210.035888671875,85.28311157226562,88.93595886230469,80.45225524902344,306.6199951171875,85.05424499511719,20.964420318603516
2025-06-10,593.2396850585938,530.500244140625,211.16798400878906,85.39715576171875,89.0878677368164,80.86654663085938,306.7099914550781,85.7820053100586,20.91604995727539
2025-06-11,591.5476684570312,528.7127075195312,210.3016815185547,85.25457763671875,89.45811462402344,81.11136627197266,308.3699951171875,85.31887817382812,21.25465202331543
2025-06-12,593.8987426757812,529.9541015625,209.4649200439453,85.91039276123047,89.84735107421875,82.08126068115234,312.20001220703125,85.73474884033203,21.25465202331543
2025-06-13,587.2588500976562,523.3006591796875,205.6355438232422,84.8078842163086,89.51510620117188,81.29029083251953,316.2900085449219,84.90301513671875,21.912511825561523
2025-06-16,592.8462524414062,530.5797119140625,208.05996704101562,85.1259994506836,89.25873565673828,80.47107696533203,311.7799987792969,84.96917724609375,21.8641414642334
2025-06-17,587.7802124023438,525.4059448242188,205.86849975585938,84.08174133300781,89.6954574584961,81.45035552978516,311.94000244140625,84.6667251586914,22.328510284423828
2025-06-18,587.691650390625,525.3164672851562,206.95436096191406,84.22677612304688,89.75242614746094,81.59160614013672,310.260009765625,84.959716796875,22.38655662536621
2025-06-20,586.3114624023438,523.1715087890625,206.52001953125,83.47259521484375,89.80938720703125,81.44095611572266,310.1300048828125,84.90301513671875,22.50265121459961
2025-06-23,592.1027221679688,528.551025390625,209.047119140625,84.10108184814453,90.12266540527344,81.70460510253906,311.0799865722656,86.1789779663086,21.670652389526367
2025-06-24,598.6439208984375,536.6336059570312,211.71238708496094,85.1259994506836,90.43596649169922,82.29782104492188,306.19000244140625,86.40579986572266,21.148235321044922
2025-06-25,598.979248046875,538.0054931640625,209.24453735351562,84.66188049316406,90.47393035888672,82.40140533447266,307.1199951171875,84.32647705078125,21.119211196899414
2025-06-26,603.66552734375,543.0360107421875,212.6403045654297,85.60944366455078,90.79670715332031,82.81571960449219,306.7799987792969,84.24820709228516,21.196605682373047
2025-06-27,606.6647338867188,544.8951416015625,212.7093963623047,86.3829574584961,90.55936431884766,82.28841400146484,301.2200012207031,84.45818328857422,21.090187072753906
2025-06-30,609.5653686523438,548.4244995117188,213.01541137695312,86.43130493164062,90.92013549804688,83.09821319580078,304.8299865722656,85.0022201538086,21.099863052368164
2025-07-01,609.3681030273438,543.8015747070312,215.2068634033203,86.2862777709961,90.75157165527344,83.30423736572266,307.54998779296875,85.62259674072266,21.21595573425293
2025-07-02,612.130615234375,547.58935546875,218.1880340576172,86.53767395019531,90.56108093261719,82.77496337890625,309.25,85.82302856445312,21.564233779907227
2025-07-03,616.9549560546875,552.977783203125,220.21168518066406,86.5570068359375,90.24681091308594,82.19842529296875,307.1400146484375,85.91847229003906,21.5545597076416
2025-07-07,612.357421875,548.812255859375,216.90475463867188,85.61911010742188,89.96109008789062,81.4139633178711,307.3699951171875,85.1835708618164,21.53521156311035
2025-07-08,612.0220336914062,549.1204223632812,218.4051971435547,86.24759674072266,89.82777404785156,81.31001281738281,304.1600036621094,85.05948638916016,21.60293197631836
2025-07-09,615.692138671875,553.007568359375,220.7743682861328,86.89542388916016,90.29441833496094,82.16063690185547,305.5199890136719,85.12629699707031,21.564233779907227
2025-07-10,617.428466796875,552.2122192382812,221.90956115722656,86.83740997314453,90.24681091308594,82.21733856201172,306.20001220703125,85.6607666015625,21.496511459350586
2025-07-11,615.258056640625,550.9695434570312,218.84942626953125,86.00587463378906,89.82777404785156,81.08316802978516,309.1400146484375,85.67031860351562,21.777070999145508
2025-07-14,616.43212890625,552.9678955078125,220.3202667236328,86.00587463378906,89.7896728515625,80.91304779052734,308.010009765625,86.22389221191406,21.5932559967041
2025-07-15,613.7979125976562,553.4747924804688,216.00645446777344,85.10665893554688,89.43729400634766,80.34597778320312,306.7300109863281,84.9544906616211,21.5545597076416
2025-07-16,615.8499755859375,554.04150390625,218.1781768798828,85.45474243164062,89.68489837646484,80.45939636230469,308.260009765625,85.75621795654297,21.583581924438477
2025-07-17,619.6187133789062,558.5252685546875,221.04087829589844,85.67713165283203,89.65633392333984,80.44048309326172,307.5899963378906,85.6607666015625,21.757720947265625
2025-07-18,619.1648559570312,557.9884033203125,219.47132873535156,85.4354019165039,89.90396881103516,80.5633544921875,308.3900146484375,85.84212493896484,21.796419143676758
2025-07-21,620.3389892578125,560.88134765625,218.5828857421875,85.88984680175781,90.21822357177734,81.28165435791016,313.1300048828125,86.19526672363281,21.748046875
2025-07-22,620.427734375,557.9784545898438,220.3992462158203,86.3636245727539,90.47537994384766,81.77311706542969,316.1000061035156,87.67463684082031,21.7093505859375
2025-07-23,625.7060546875,560.5234985351562,223.765380859375,88.51014709472656,90.15155792236328,81.3194580078125,312.17999267578125,87.84644317626953,21.651302337646484
2025-07-24,625.9132080078125,561.7164916992188,220.67562866210938,87.8526611328125,90.01821899414062,81.17768859863281,310.2699890136719,87.541015625,21.670652389526367
2025-07-25,628.5573120117188,563.068603515625,221.4949951171875,87.74629211425781,90.22775268554688,81.68807983398438,307.3999938964844,87.55056762695312,21.44814109802246
2025-07-28,628.3994140625,564.8283081054688,221.23831176757812,86.3346176147461,90.02776336669922,81.15878295898438,305.4100036621094,86.14753723144531,21.670652389526367
2025-07-29,626.741943359375,563.9534301757812,219.8267059326172,86.16057586669922,90.61821746826172,82.52924346923828,306.25,87.53147888183594,21.951210021972656
2025-07-30,625.9526977539062,564.708984375,218.7112274169922,85.54176330566406,90.303955078125,82.10391998291016,300.9599914550781,86.29071044921875,21.9028377532959
2025-07-31,623.6046752929688,561.7164916992188,216.5691375732422,84.62320709228516,90.38013458251953,82.15118408203125,302.9599914550781,85.07856750488281,21.719024658203125
2025-08-01,613.383544921875,550.6514282226562,212.15660095214844,84.40081787109375,91.4206771850586,83.31908416748047,309.1099853515625,84.86859130859375,21.370746612548828
2025-08-04,622.706787109375,560.811767578125,216.90475463867188,85.52242279052734,91.54486846923828,83.54679107666016,310.9100036621094,85.73713684082031,21.293350219726562
2025-08-05,619.5496215820312,557.0042114257812,218.0103759765625,85.51275634765625,91.47798156738281,83.80294799804688,311.1600036621094,86.12844848632812,21.10953712463379
2025-08-06,624.295166015625,564.0131225585938,217.7240753173828,86.07355499267578,91.4111099243164,83.31908416748047,310.5,85.46034240722656,21.06116485595703
2025-08-07,623.7722778320312,565.921875,217.01333618164062,86.84707641601562,91.34422302246094,83.17677307128906,313.1199951171875,85.70850372314453,21.12888526916504
2025-08-08,628.6361083984375,571.2008666992188,217.48716735839844,87.37887573242188,91.13400268554688,82.81626892089844,313.04998779296875,85.0022201538086,21.12888526916504
2025-08-11,627.39306640625,569.5108032226562,217.43783569335938,87.01144409179688,91.16267395019531,82.91112518310547,308.54998779296875,84.43910217285156,21.157909393310547
2025-08-12,634.072265625,576.6687622070312,223.89370727539062,88.07503509521484,91.1435775756836,82.49368286132812,308.2699890136719,84.91632080078125,21.07084083557129
2025-08-13,636.2428588867188,576.9570922851562,228.2469940185547,88.6068344116211,91.46844482421875,83.17677307128906,309.2099914550781,85.70850372314453,21.04181671142578
2025-08-14,636.302001953125,576.5098266601562,225.3053436279297,88.61650848388672,91.17222595214844,82.56008911132812,307.25,85.09765625,21.12888526916504
2025-08-15,634.8123779296875,573.9746704101562,224.20960998535156,89.13863372802734,90.99069213867188,81.97186279296875,307.42999267578125,85.58441162109375,21.06116485595703
2025-08-18,634.674072265625,573.7459716796875,225.02896118164062,89.04193878173828,90.90469360351562,81.73469543457031,306.95001220703125,84.85905456542969,21.080514907836914
2025-08-19,631.2308959960938,565.9616088867188,223.30145263671875,89.0516128540039,91.13400268554688,82.20905303955078,305.2699890136719,86.31934356689453,20.91604995727539
2025-08-20,629.5537719726562,562.601318359375,222.51171875,89.37068939208984,91.2677993774414,82.38931274414062,308.3599853515625,86.56748962402344,21.148235321044922
2025-08-21,627.0280151367188,559.99658203125,223.06454467773438,88.80988311767578,91.000244140625,81.9813461303711,307.2900085449219,86.3097915649414,21.274002075195312
2025-08-22,636.6571655273438,568.6359252929688,231.81060791015625,90.14421844482422,91.50665283203125,82.58855438232422,310.5799865722656,87.98006439208984,21.36107063293457
2025-08-25,633.855224609375,566.9955444335938,229.3723602294922,88.95492553710938,91.32512664794922,82.35136413574219,309.8299865722656,87.47421264648438,21.467491149902344
2025-08-26,636.5091552734375,569.272216796875,231.26766967773438,88.85823059082031,91.56399536132812,82.3039321899414,312.0799865722656,87.2451400756836,21.30302619934082
2025-08-27,637.9595336914062,570.1470336914062,232.9063262939453,88.6455078125,91.73596954345703,82.20905303955078,312.7099914550781,87.78917694091797,21.32237434387207
2025-08-28,640.2186889648438,573.7161865234375,233.1827392578125,88.97425842285156,91.9461898803711,82.74984741210938,315.0299987792969,87.56011199951172,21.457815170288086
2025-08-29,636.400634765625,567.0750732421875,232.146240234375,88.45214080810547,91.8697509765625,82.16161346435547,318.07000732421875,88.0373306274414,21.48683738708496
2025-09-02,631.684814453125,562.322998046875,230.89256286621094,87.58192443847656,91.5955810546875,81.55020141601562,325.5899963378906,86.57703399658203,21.83511734008789
2025-09-03,635.1082153320312,566.7470703125,230.66551208496094,87.71729278564453,91.91192626953125,82.44539642333984,328.1400146484375,86.624755859375,21.641630172729492
2025-09-04,640.416015625,571.876953125,233.5479736328125,88.35543823242188,92.32412719726562,83.07396697998047,326.69000244140625,87.2737808227539,21.48683738708496
2025-09-05,638.561279296875,572.7020263671875,234.7128143310547,88.75187683105469,92.77467346191406,84.34060668945312,331.04998779296875,88.25685119628906,21.312700271606445
2025-09-08,640.1299438476562,575.4957275390625,235.18661499023438,89.64141845703125,93.062255859375,85.46437072753906,334.82000732421875,87.741455078125,21.457815170288086
2025-09-09,641.6099243164062,577.126220703125,233.8046417236328,89.34168243408203,92.8417739868164,84.97867584228516,334.05999755859375,87.541015625,21.51586151123047
2025-09-10,643.4646606445312,577.3150634765625,233.39002990722656,89.32234191894531,93.09101104736328,85.46437072753906,335.260009765625,87.3978500366211,21.66097640991211
2025-09-11,648.8120727539062,580.6754150390625,237.703857421875,90.26990509033203,93.23481750488281,86.03578186035156,334.760009765625,88.99176788330078,21.496511459350586
2025-09-12,648.5949096679688,583.2402954101562,235.2754669189453,89.91215515136719,92.96639251708984,85.66437530517578,335.4200134277344,88.58135223388672,21.62228012084961
2025-09-15,652.0479736328125,588.2310791015625,236.27247619628906,90.51163482666016,93.11975860595703,85.86437225341797,338.9100036621094,88.43819427490234,21.815767288208008
2025-09-16,651.1502075195312,587.7340087890625,235.8834228515625,90.26023864746094,93.17728424072266,86.04531860351562,339.5899963378906,87.97051239013672,22.038280487060547
2025-09-17,650.3411865234375,586.5608520507812,236.4873046875,89.92182159423828,92.97598266601562,85.8262710571289,336.9700012207031,87.85599517822266,21.806095123291016
2025-09-18,653.3798828125,591.849853515625,242.37744140625,90.26990509033203,92.66921997070312,84.94058990478516,335.6199951171875,88.046875,21.7093505859375
2025-09-19,656.6160278320312,595.8563842773438,240.53616333007812,89.92182159423828,92.6308822631836,84.77869415283203,339.17999267578125,87.47421264648438,21.53521156311035
2025-09-22,659.7225341796875,599.3838500976562,241.93197631835938,90.21189880371094,92.47750854492188,84.47393035888672,345.04998779296875,87.49330139160156,21.53521156311035
2025-09-23,656.13134765625,595.4025268554688,241.3875274658203,90.03785705566406,92.73632049560547,85.06438446044922,346.4599914550781,87.97051239013672,21.757720947265625
2025-09-24,654.0437622070312,593.3123168945312,239.1700439453125,89.51573181152344,92.48709106445312,84.74060821533203,343.32000732421875,87.1052474975586,21.9028377532959
2025-09-25,651.0263061523438,590.75439453125,236.88328552246094,88.8775634765625,92.28577423095703,84.74060821533203,344.75,86.8450927734375,22.057626724243164
2025-09-26,654.756103515625,593.1829223632812,238.91265869140625,89.56407165527344,92.23784637451172,84.66439819335938,346.739990234375,87.70264434814453,22.067302703857422
2025-09-29,656.5962524414062,595.9299926757812,239.18984985351562,89.91215515136719,92.5062484741211,85.359619140625,352.4599914550781,87.73155975341797,21.88348960876465
2025-09-30,659.0695190429688,597.5623779296875,239.5264129638672,90.27957916259766,92.46791076660156,85.11201477050781,355.4700012207031,88.08806610107422,21.796419143676758
2025-10-01,661.3153686523438,600.4288940429688,240.05108642578125,91.02409362792969,92.7794418334961,85.3318099975586,356.0299987792969,88.22296905517578,21.757720947265625
2025-10-02,662.0770263671875,602.897216796875,241.56570434570312,91.16912841796875,92.87561798095703,85.5802993774414,354.7900085449219,87.76046752929688,21.612606048583984
2025-10-03,662.0671997070312,600.3591918945312,243.3574981689453,91.93297576904297,92.69291687011719,85.41783142089844,357.6400146484375,88.08806610107422,21.680326461791992
2025-10-06,664.4415283203125,604.8680419921875,244.32765197753906,92.14569854736328,92.4236831665039,84.73930358886719,364.3800048828125,87.25941467285156,21.9028377532959
2025-10-07,661.9781494140625,601.6829833984375,241.7042999267578,91.34317016601562,92.65447235107422,85.2266845703125,366.260009765625,86.94144439697266,21.989906311035156
2025-10-08,665.925537109375,608.5805053710938,244.23854064941406,91.61389923095703,92.6736831665039,85.29359436035156,372.29998779296875,86.48857116699219,22.018930435180664
2025-10-09,663.9963989257812,607.8441162109375,242.66455078125,90.85972595214844,92.60636901855469,85.2266845703125,365.42999267578125,86.01642608642578,21.815767288208008
2025-10-10,646.0499877929688,586.7432250976562,235.3983612060547,89.18697357177734,93.18330383300781,86.60287475585938,369.1199951171875,84.91797637939453,21.351396560668945
2025-10-13,655.9630126953125,599.1947021484375,241.95179748535156,89.9024887084961,93.23136138916016,86.55506896972656,378.0899963378906,85.45757293701172,21.62228012084961
2025-10-14,655.1616821289062,595.203369140625,245.40667724609375,90.30859375,93.47176361083984,86.83222198486328,380.7900085449219,86.33440399169922,21.380420684814453
2025-10-15,658.0702514648438,599.4036254882812,247.812255859375,90.74369049072266,93.3659896850586,86.64107513427734,387.3900146484375,87.58702850341797,21.457815170288086
2025-10-16,653.588623046875,597.18408203125,242.59524536132812,91.21746826171875,93.7986831665039,87.29093933105469,396.45001220703125,87.2786865234375,21.419116973876953
2025-10-17,657.2986450195312,601.1056518554688,240.9618377685547,91.38184356689453,93.64483642578125,87.15713500976562,388.989990234375,87.84718322753906,21.399770736694336
2025-10-20,664.1348876953125,608.6800537109375,245.6640625,92.13602447509766,93.76983642578125,87.49163818359375,403.1499938964844,88.73365020751953,21.612606048583984
2025-10-21,664.1249389648438,608.5208740234375,244.50582885742188,91.45919799804688,93.94290924072266,87.92167663574219,377.239990234375,88.4831314086914,21.390094757080078
2025-10-22,660.6722412109375,602.6583862304688,240.8925323486328,91.3238296508789,93.962158203125,87.97901916503906,377.2799987792969,88.85891723632812,21.728696823120117
2025-10-23,664.5899658203125,607.724609375,243.94155883789062,91.749267578125,93.65446472167969,87.37694549560547,378.7900085449219,88.80110168457031,22.096324920654297
2025-10-24,670.0213623046875,614.214111328125,246.92127990722656,91.89430236816406,93.74099731445312,87.41517639160156,377.5199890136719,89.06126403808594,22.106000900268555
2025-10-27,677.9260864257812,625.1527099609375,247.78253173828125,92.53245544433594,93.74099731445312,87.71142578125,367.010009765625,89.3117904663086,22.057626724243164
2025-10-28,679.7266235351562,629.9600830078125,246.45602416992188,92.49378204345703,93.82754516601562,87.94078826904297,364.3800048828125,87.55812072753906,21.85446548461914
2025-10-29,680.0531005859375,632.7967529296875,244.35733032226562,91.97166442871094,93.22176361083984,87.0520248413086,363.0,85.30340576171875,21.970558166503906
2025-10-30,672.5739135742188,623.1222534179688,242.3873748779297,91.5655517578125,93.08715057373047,86.5455093383789,370.1300048828125,85.70809173583984,21.98023223876953
2025-10-31,674.780029296875,626.1280517578125,243.7534637451172,91.36250305175781,93.1256103515625,86.28748321533203,368.1199951171875,85.92971801757812,22.13502311706543
2025-11-03,676.0463256835938,629.1240844726562,242.97142028808594,91.40118408203125,93.08123016357422,86.0716781616211,368.7799987792969,85.80445098876953,22.299488067626953
2025-11-04,668.0327758789062,616.35400390625,238.77406311035156,90.46328735351562,93.19699096679688,86.26351165771484,362.32000732421875,85.94898223876953,22.144697189331055
2025-11-05,670.3477783203125,620.3651733398438,242.2190704345703,91.0434341430664,92.75328826904297,85.32357788085938,366.510009765625,86.02606964111328,22.076976776123047
2025-11-06,663.1554565429688,608.8094482421875,237.9326171875,90.84037780761719,93.22593688964844,86.09088134765625,366.07000732421875,85.61174011230469,22.106000900268555
2025-11-07,663.808349609375,606.8884887695312,239.17994689941406,91.17880249023438,93.26451873779297,85.90863800048828,368.30999755859375,86.94144439697266,22.15437126159668
2025-11-10,674.1666259765625,620.3153686523438,241.5756072998047,92.13602447509766,93.13910675048828,85.88947296142578,378.3800048828125,86.89326477050781,22.39623260498047
2025-11-11,675.7100219726562,618.6632080078125,241.7834930419922,92.81285858154297,93.42847442626953,86.28267669677734,379.8699951171875,87.86646270751953,22.54134750366211
2025-11-12,676.0859985351562,618.175537109375,241.1895294189453,93.3639907836914,93.4477767944336,86.43614959716797,385.989990234375,87.21124267578125,22.289813995361328
2025-11-13,664.8670043945312,605.5548095703125,234.40841674804688,92.36808013916016,93.17770385742188,85.72639465332031,382.8699951171875,86.1417007446289,22.173721313476562
2025-11-14,664.7581176757812,606.0126953125,235.0914764404297,92.10702514648438,93.02336883544922,85.23725128173828,375.9599914550781,86.32476043701172,22.222091674804688
2025-11-17,658.56494140625,600.8369750976562,230.4189453125,90.90806579589844,93.12947845458984,85.44825744628906,371.6499938964844,85.61174011230469,22.193069458007812
2025-11-18,653.03466796875,593.5213012695312,231.12181091308594,89.72844696044922,93.28380584716797,85.41948699951172,374.3500061035156,85.95862579345703,22.376882553100586
2025-11-19,655.557373046875,597.064697265625,231.08221435546875,89.45770263671875,93.2162857055664,85.24683380126953,374.9599914550781,85.28412628173828,22.15437126159668
2025-11-20,645.5652465820312,582.9310913085938,226.8056640625,88.22007751464844,93.4381332397461,85.58253479003906,374.8500061035156,84.9276123046875,21.94153594970703
2025-11-21,651.995849609375,587.310546875,233.2303924560547,89.58341217041016,93.7468032836914,85.84148406982422,374.2699890136719,86.30548858642578,21.796419143676758
2025-11-24,661.59228515625,602.3298950195312,237.4871368408203,89.6607666015625,93.8914794921875,86.33065032958984,380.20001220703125,86.5367431640625,21.9028377532959
2025-11-25,667.8152465820312,606.0425415039062,242.66455078125,90.73401641845703,94.13262939453125,86.55123901367188,380.0799865722656,87.33650207519531,21.786745071411133
2025-11-26,672.4254760742188,611.3973999023438,244.81271362304688,91.72993469238281,94.20977783203125,86.93489074707031,383.1199951171875,87.721923828125,22.018930435180664
2025-11-28,676.0958251953125,616.35400390625,246.24813842773438,92.03934478759766,94.04582977294922,86.52246856689453,387.8800048828125,88.010986328125,22.309162139892578
2025-12-01,673.0091552734375,614.2837524414062,243.1496124267578,91.58489227294922,93.54080963134766,85.44537353515625,389.75,86.99925994873047,22.367210388183594
2025-12-02,674.2556762695312,619.0911865234375,242.70413208007812,91.89430236816406,93.61820983886719,85.48387145996094,387.239990234375,86.69091033935547,22.270465850830078
2025-12-03,676.5905151367188,620.6040649414062,247.11927795410156,92.3874282836914,93.81169128417969,85.72451782226562,386.8800048828125,86.91253662109375,22.376882553100586
2025-12-04,677.0851440429688,620.0267333984375,249.28726196289062,92.6388168334961,93.52146911621094,85.26249694824219,387.1300048828125,86.70055389404297,22.4349308013916
2025-12-05,678.3712768554688,622.554931640625,248.24783325195312,92.6388168334961,93.3279800415039,84.86785888671875,386.44000244140625,86.60419464111328,22.570371627807617
2025-12-08,676.333251953125,621.3605346679688,248.3468017578125,92.34874725341797,93.1344985961914,84.58870697021484,385.4200134277344,85.9393539428711,22.289813995361328
2025-12-09,675.7495727539062,622.126953125,248.861572265625,92.22305297851562,92.9990463256836,84.67535400390625,387.3999938964844,85.61174011230469,22.24144172668457
2025-12-10,680.2312622070312,624.6749267578125,252.24717712402344,93.24796295166016,93.29896545410156,85.00260925292969,389.04998779296875,85.92008209228516,22.376882553100586
2025-12-11,681.8141479492188,622.6544799804688,255.2070770263672,93.7990951538086,93.30863189697266,84.8871078491211,393.239990234375,86.29586029052734,22.357534408569336
2025-12-12,674.4832763671875,610.7503051757812,251.29684448242188,93.30597686767578,93.0571060180664,84.06893920898438,395.44000244140625,86.18986511230469,22.173721313476562
2025-12-15,673.4641723632812,607.6847534179688,249.39613342285156,93.87644958496094,93.1344985961914,84.12667846679688,395.79998779296875,86.45967102050781,22.067302703857422
2025-12-16,671.6240844726562,608.88916015625,248.2161407470703,93.44133758544922,93.39570617675781,84.58870697021484,395.8900146484375,85.82372283935547,21.844791412353516
2025-12-17,664.2338256835938,597.6021118164062,245.57406616210938,92.68333435058594,93.37635040283203,84.51170349121094,399.2900085449219,86.1417007446289,22.106000900268555
2025-12-18,669.2496948242188,606.2614135742188,247.0341796875,93.3428955078125,93.61820983886719,84.91596221923828,398.57000732421875,85.6888198852539,21.951210021972656
2025-12-19,675.3153686523438,614.164306640625,249.1001434326172,93.9729232788086,93.40760040283203,84.59904479980469,399.0199890136719,85.36122131347656,22.106000900268555
2025-12-22,679.5225219726562,617.1083374023438,251.87135314941406,94.20918273925781,93.31053924560547,84.41543579101562,408.2300109863281,85.79974365234375,22.389999389648438
2025-12-23,682.628173828125,619.9984130859375,250.3814697265625,94.79000091552734,93.2717056274414,84.55071258544922,413.6400146484375,85.74140930175781,22.639999389648438
2025-12-24,685.0294799804688,621.812255859375,251.00723266601562,94.90813446044922,93.51435852050781,85.06285095214844,411.92999267578125,86.30537414550781,22.6299991607666
2025-12-26,684.9600219726562,621.7724609375,249.7259063720703,95.06563568115234,93.6017074584961,84.78263854980469,416.739990234375,86.40259552001953,22.700000762939453
2025-12-29,682.51904296875,618.7626342773438,248.19630432128906,94.7801513671875,93.73759460449219,85.10150909423828,398.6000061035156,86.57762145996094,22.489999771118164
2025-12-30,681.6856079101562,617.3275756835938,246.3587646484375,94.93766021728516,93.64053344726562,84.89859771728516,398.8900146484375,86.75263977050781,22.639999389648438
2025-12-31,676.635009765625,612.2249145507812,244.50135803222656,94.53404235839844,93.3299560546875,84.22218322753906,396.30999755859375,86.04283142089844,22.360000610351562
2026-01-02,677.8753051757812,611.0389404296875,247.10369873046875,95.52831268310547,93.25231170654297,84.09656524658203,398.2799987792969,86.07200622558594,22.389999389648438
2026-01-05,682.3900146484375,615.8923950195312,251.02708435058594,96.62102508544922,93.53376007080078,84.5120620727539,408.760009765625,86.26647186279297,22.809999465942383
2026-01-06,686.4483642578125,621.303955078125,254.3544921875,96.76869201660156,93.46583557128906,84.33812713623047,413.17999267578125,86.89849090576172,22.799999237060547
2026-01-07,684.2356567382812,621.9020385742188,253.758544921875,96.40444946289062,93.64053344726562,84.83094787597656,409.2300109863281,86.05255126953125,22.59000015258789
2026-01-08,684.1661987304688,618.3639526367188,256.52972412109375,96.41429901123047,93.35906982421875,84.40577697753906,411.489990234375,86.82070922851562,22.8799991607666
2026-01-09,688.6908569335938,624.5230712890625,258.4765625,97.27073669433594,93.46583557128906,84.96622467041016,414.4700012207031,86.99573516845703,22.899999618530273
2026-01-12,689.7723999023438,625.041259765625,259.7380065917969,97.86139678955078,93.34935760498047,84.71499633789062,422.2300109863281,87.1124038696289,23.190000534057617
2026-01-13,688.3931884765625,624.1144409179688,259.5890197753906,97.3002700805664,93.46583557128906,84.85993194580078,421.6300048828125,87.59857940673828,23.3700008392334
2026-01-14,685.0096435546875,617.4471435546875,261.4165954589844,97.75311279296875,93.65994262695312,85.35273742675781,425.94000244140625,88.35701751708984,23.389999389648438
2026-01-15,686.8750610351562,619.6696166992188,263.7209777832031,97.71372985839844,93.46583557128906,85.33341217041016,423.3299865722656,88.96958923339844,23.200000762939453
2026-01-16,686.2994995117188,619.1513671875,263.96929931640625,97.97952270507812,93.10671997070312,84.84060668945312,421.2900085449219,90.05862426757812,23.15999984741211
2026-01-20,672.32861328125,605.9961547851562,260.8106994628906,96.4930419921875,92.73790740966797,83.72937774658203,437.2300109863281,88.38618469238281,23.479999542236328
2026-01-21,680.0880737304688,614.1882934570312,265.9856262207031,97.48731231689453,92.98055267333984,84.36712646484375,443.6000061035156,88.7362289428711,23.75
2026-01-22,683.6403198242188,618.6530151367188,267.9721374511719,97.8712387084961,92.97085571289062,84.73432159423828,451.7900085449219,87.86112213134766,23.739999771118164
2026-01-23,683.8883056640625,620.6063842773438,263.0256652832031,98.41267395019531,93.12612915039062,84.96622467041016,458.0,88.03614044189453,24.18000030517578
2026-01-26,687.3612060546875,623.3370971679688,262.2013244628906,98.9048843383789,93.26200103759766,85.37207794189453,464.70001220703125,87.91946411132812,24.290000915527344
2026-01-27,690.0997924804688,628.9878540039062,262.94622802734375,100.49964141845703,93.15524291992188,84.84060668945312,476.1000061035156,87.89028930664062,24.6200008392334
2026-01-28,690.0303344726562,631.0706787109375,261.5258483886719,99.43647003173828,93.07759857177734,84.6473388671875,494.55999755859375,86.98600769042969,24.940000534057617
2026-01-29,688.6610717773438,627.2936401367188,261.59539794921875,100.10588073730469,93.17465209960938,84.66667175292969,495.8999938964844,88.20143127441406,25.299999237060547
2026-01-30,686.6071166992188,619.7592163085938,257.9004211425781,99.17066955566406,93.11641693115234,84.19319152832031,444.95001220703125,88.28895568847656,24.43000030517578
2026-02-02,690.0205078125,624.0147705078125,260.41339111328125,99.82039642333984,92.93336486816406,83.95263671875,427.1300048828125,87.37494659423828,23.540000915527344
2026-02-03,684.18603515625,614.4274291992188,261.0093688964844,99.86961364746094,93.02100372314453,84.15633392333984,454.2900085449219,87.18048095703125,24.149999618530273
2026-02-04,680.8719482421875,603.6939697265625,258.76458740234375,100.19447326660156,93.00152587890625,83.94293212890625,453.9700012207031,88.43479919433594,24.190000534057617
2026-02-05,672.3683471679688,595.0036010742188,254.106201171875,98.7670669555664,93.54682159423828,84.85472106933594,441.8800048828125,88.30839538574219,23.760000228881836
2026-02-06,685.267578125,607.5807495117188,263.2342529296875,101.01154327392578,93.54682159423828,84.91292572021484,455.4599914550781,89.6988525390625,24.010000228881836
2026-02-09,688.5718383789062,612.2349243164062,265.0817565917969,102.37004089355469,93.5662841796875,84.89352416992188,467.0299987792969,90.07806396484375,24.25
2026-02-10,686.7559204101562,609.3945922851562,264.3666076660156,102.61614990234375,93.97526550292969,85.87320709228516,462.3999938964844,91.28376770019531,24.139999389648438
2026-02-11,686.5972290039062,611.0289916992188,263.16473388671875,103.30525207519531,93.71234893798828,85.41732025146484,467.6300048828125,90.77816009521484,24.3700008392334
2026-02-12,675.9901123046875,598.601318359375,257.7912292480469,102.52755737304688,94.286865234375,86.55220794677734,451.3900146484375,90.67118835449219,23.799999237060547
2026-02-13,676.46630859375,599.876953125,261.18817138671875,102.61614990234375,94.65687561035156,87.02750396728516,462.6199951171875,91.97412872314453,23.8799991607666
2026-02-17,677.5578002929688,599.259033203125,261.2676086425781,102.59646606445312,94.64712524414062,87.17301177978516,448.20001220703125,92.8492431640625,23.59000015258789
2026-02-18,680.9711303710938,603.7338256835938,262.2112121582031,102.71459197998047,94.452392578125,86.84321594238281,458.2799987792969,91.76021575927734,24.209999084472656
2026-02-19,679.1751098632812,601.4216918945312,262.817138671875,102.42911529541016,94.54003143310547,86.93050384521484,459.55999755859375,91.56575012207031,24.43000030517578
2026-02-20,684.0868530273438,606.74365234375,262.8270263671875,103.265869140625,94.54003143310547,86.72681427001953,468.6199951171875,92.25611114501953,24.600000381469727
2026-02-23,677.1013793945312,599.36865234375,258.73480224609375,102.84256744384766,94.88082885742188,87.04690551757812,481.2799987792969,92.2658462524414,24.75
2026-02-24,682.0228881835938,605.8067626953125,261.5556335449219,103.02960968017578,94.86135864257812,87.20210266113281,474.6099853515625,92.49919891357422,24.719999313354492
2026-02-25,687.7780151367188,614.5868530273438,262.7972412109375,104.0140380859375,94.78345489501953,87.21180725097656,473.4200134277344,92.24639892578125,24.75
2026-02-26,683.957763671875,607.1721801757812,264.1977233886719,103.92543029785156,95.03662872314453,87.56099700927734,477.4800109863281,92.87841033935547,24.760000228881836
2026-02-27,680.6734619140625,605.228759765625,259.6485900878906,103.73838806152344,95.41638946533203,88.09449005126953,483.75,93.0437240600586,25.100000381469727
2026-03-02,681.0604858398438,606.0260009765625,262.03240966796875,101.6907958984375,94.84314727783203,87.2098388671875,490.0,93.27708435058594,25.809999465942383
2026-03-03,675.057373046875,599.5381469726562,257.4931945800781,98.53079986572266,94.73573303222656,87.03466796875,468.1400146484375,92.78118133544922,25.90999984741211
2026-03-04,679.8201293945312,608.6770629882812,259.9962463378906,99.80070495605469,94.5404052734375,86.76215362548828,471.79998779296875,92.89785766601562,26.139999389648438
2026-03-05,676.02978515625,606.84326171875,255.02993774414062,97.61529541015625,94.24745178222656,86.41180419921875,466.1300048828125,91.96440887451172,26.520000457763672
2026-03-06,667.1689453125,597.7142944335938,249.19947814941406,96.74899291992188,94.18885040283203,86.09064483642578,473.510009765625,90.96289825439453,27.510000228881836
2026-03-09,673.0133666992188,605.6971435546875,251.9110870361328,97.44793701171875,94.48182678222656,86.84001922607422,472.5299987792969,91.1670913696289,27.139999389648438
2026-03-10,671.9317626953125,605.7071533203125,251.65284729003906,97.67435455322266,94.1791000366211,85.91547393798828,477.8599853515625,91.03096008300781,27.600000381469727
2026-03-11,671.08837890625,605.62744140625,251.1462860107422,97.4676284790039,93.74940490722656,84.8060073852539,476.239990234375,90.0877914428711,28.1299991607666
2026-03-12,660.89794921875,595.2328491210938,245.74293518066406,95.9417724609375,93.44667053222656,84.64054870605469,466.8800048828125,89.46548461914062,28.860000610351562
2026-03-13,657.1571655273438,591.7047729492188,244.92845153808594,94.79984283447266,93.34901428222656,84.2220687866211,460.8399963378906,89.61133575439453,28.709999084472656
2026-03-16,663.844970703125,598.3422241210938,247.24276733398438,96.5718002319336,93.76892852783203,84.87413024902344,460.42999267578125,90.36004638671875,28.309999465942383
2026-03-17,665.5912475585938,601.2622680664062,248.80694580078125,96.83760070800781,93.93495178222656,85.1076889038086,459.2699890136719,90.75869750976562,28.760000228881836
2026-03-18,656.3037719726562,592.8807983398438,244.79698181152344,95.18376922607422,93.50525665283203,84.63081359863281,444.739990234375,89.4168701171875,29.270000457763672
2026-03-19,654.6864624023438,591.0072021484375,246.39898681640625,95.01641082763672,93.49549865722656,85.14661407470703,426.4100036621094,89.05709075927734,28.84000015258789
2026-03-20,645.301025390625,580.0844116210938,241.01588439941406,92.1320571899414,92.6556625366211,83.53108978271484,413.3800048828125,86.29564666748047,28.940000534057617
2026-03-23,652.07666015625,586.7431640625,246.21987915039062,94.34700012207031,92.9486312866211,84.07608795166016,404.0400085449219,86.96656036376953,27.75
2026-03-24,649.8877563476562,582.731689453125,247.5432586669922,93.78588104248047,92.6361312866211,83.70626831054688,404.1300048828125,86.39263916015625,28.239999771118164
2026-03-25,653.5093994140625,586.5635375976562,250.5681610107422,95.15423583984375,93.1244125366211,84.51403045654297,416.2900085449219,86.32384490966797,28.170000076293945
2026-03-26,641.8385620117188,572.5634765625,246.2099151611328,93.18539428710938,92.37245178222656,83.8035888671875,400.6400146484375,86.20592498779297,28.440000534057617
2026-03-27,630.8939819335938,561.37744140625,241.89149475097656,92.33879089355469,92.38223266601562,83.34617614746094,414.70001220703125,85.49834442138672,29.100000381469727
2026-03-30,628.78466796875,557.0867309570312,238.41883850097656,92.60457611083984,93.0365219116211,84.45564270019531,414.5799865722656,85.82264709472656,29.260000228881836
2026-03-31,647.0620727539062,575.9462280273438,246.7671356201172,95.61690521240234,93.20252990722656,84.3680648803711,430.2900085449219,87.16899871826172,28.950000762939453
2026-04-01,651.9373779296875,583.06103515625,248.31936645507812,97.07386016845703,93.12120819091797,84.28500366210938,437.82000732421875,87.48347473144531,28.68000030517578
2026-04-02,652.5244140625,583.7295532226562,250.040771484375,96.47335815429688,93.3367691040039,84.80286407470703,429.4100036621094,88.67259216308594,29.329999923706055
2026-04-06,655.6088256835938,587.2420654296875,251.10545349121094,96.95572662353516,93.09181213378906,84.66606903076172,427.6499938964844,88.80034637451172,29.479999542236328
2026-04-07,655.8972778320312,587.3319091796875,251.65274047851562,96.81790161132812,93.32696533203125,84.65628814697266,431.80999755859375,88.9281005859375,29.3700008392334
2026-04-08,672.6027221679688,604.7944946289062,259.1751403808594,100.59809112548828,93.53273010253906,84.92988586425781,434.5299987792969,90.52997589111328,28.559999465942383
2026-04-09,676.4829711914062,608.8856811523438,260.65771484375,100.36182403564453,93.50334167480469,84.71492004394531,437.9100036621094,91.17858123779297,28.709999084472656
2026-04-10,676.0353393554688,609.7637939453125,260.0010070800781,100.58824157714844,93.34656524658203,84.50973510742188,437.1300048828125,91.37512969970703,28.5
2026-04-13,682.641845703125,616.0703735351562,263.7522888183594,101.20842742919922,93.55233001708984,84.7637710571289,435.3599853515625,91.71908569335938,28.959999084472656
2026-04-14,690.959716796875,627.2562866210938,267.3841247558594,102.02549743652344,93.8560562133789,85.21324157714844,445.0899963378906,92.5937271118164,28.84000015258789
2026-04-15,696.412109375,636.0375366210938,268.0508117675781,101.70063781738281,93.65030670166016,84.8419418334961,440.4599914550781,92.66252136230469,28.889999389648438
2026-04-16,698.1234130859375,639.1009521484375,268.6080322265625,101.40531158447266,93.4837417602539,84.30453491210938,440.0799865722656,93.51750183105469,29.110000610351562
2026-04-17,706.5607299804688,647.4630126953125,274.4090576171875,102.69490814208984,93.99323272705078,85.07645416259766,445.92999267578125,95.01126861572266,28.290000915527344
2026-04-20,705.1477661132812,645.4074096679688,275.97125244140625,102.29129791259766,93.9050521850586,85.05690002441406,442.0899963378906,95.355224609375,28.670000076293945
2026-04-21,700.53125,642.9527587890625,273.1453552246094,100.04680633544922,93.49353790283203,84.58790588378906,429.57000732421875,93.66490936279297,29.209999084472656
2026-04-22,707.6253051757812,653.7096557617188,275.1055603027344,100.38151550292969,93.59150695800781,84.7540054321289,435.260009765625,92.88854217529297,29.510000228881836
2026-04-23,704.8792114257812,650.0275268554688,274.15032958984375,99.66288757324219,93.44454956054688,84.568359375,431.0400085449219,93.84180450439453,29.889999389648438
2026-04-24,710.341552734375,662.4609375,275.2746887207031,100.18462371826172,93.63070678710938,84.72469329833984,433.25,93.65508270263672,29.860000610351562
2026-04-27,711.5653076171875,662.8101806640625,275.7622985839844,99.80070495605469,93.41514587402344,84.30453491210938,429.8900146484375,93.14405822753906,30.09000015258789
2026-04-28,708.1028442382812,656.1444702148438,272.54833984375,99.38724517822266,93.32696533203125,84.3924789428711,421.9100036621094,93.99903869628906,30.34000015258789
2026-04-29,707.993408203125,660.1558837890625,270.7274169921875,98.373291015625,92.88606262207031,83.73780822753906,417.4100036621094,93.2619857788086,31.079999923706055
2026-04-30,715.0377197265625,666.3126831054688,276.5881652832031,100.72605895996094,93.06242370605469,83.65965270996094,423.6600036621094,94.66731262207031,31.100000381469727
2026-05-01,717.0177001953125,672.7090454101562,277.8916320800781,100.50949096679688,93.1332015991211,83.95877075195312,423.17999267578125,94.40196228027344,30.809999465942383
2026-05-04,714.3909912109375,671.4417114257812,276.49859619140625,99.13129425048828,92.78913116455078,83.32129669189453,414.7099914550781,93.81232452392578,31.329999923706055
2026-05-05,720.1220092773438,680.1530151367188,281.15533447265625,100.45042419433594,92.9267578125,83.78223419189453,418.2699890136719,94.10713958740234,31.200000762939453
2026-05-06,730.1312866210938,694.2827758789062,285.3742370605469,103.1772689819336,93.3887939453125,84.41970825195312,430.9599914550781,95.4141845703125,30.209999084472656
2026-05-07,727.8926391601562,693.4545288085938,280.8568115234375,101.28718566894531,93.10371398925781,83.99800109863281,431.67999267578125,94.72627258300781,30.25
2026-05-08,733.9021606445312,709.709716796875,282.75732421875,102.34051513671875,93.3494644165039,84.41970825195312,433.7699890136719,94.95230102539062,30.299999237060547
2026-05-11,735.5736694335938,711.7653198242188,283.9115295410156,102.12393951416016,93.03489685058594,83.90972900390625,434.6499938964844,95.02108764648438,31.059999465942383
2026-05-12,734.4593505859375,705.7282104492188,281.165283203125,101.53328704833984,92.72032165527344,83.35072326660156,432.92999267578125,95.02108764648438,31.690000534057617
2026-05-13,738.5685424804688,713.1823120117188,281.2647705078125,102.21253967285156,92.72032165527344,83.16439056396484,430.5,94.23489379882812,31.3700008392334
2026-05-14,744.3989868164062,718.2514038085938,283.03594970703125,101.84830474853516,92.6613540649414,83.28207397460938,427.2099914550781,93.67473602294922,31.149999618530273
2026-05-15,735.4443969726562,707.4146118164062,276.2200012207031,100.13540649414062,91.924072265625,82.04637908935547,417.2900085449219,92.28907775878906,31.190000534057617
2026-05-18,734.927001953125,704.3711547851562,274.59808349609375,101.0607681274414,91.8847427368164,81.94830322265625,418.42999267578125,93.37008666992188,31.3799991607666
2026-05-19,730.0317993164062,700.030517578125,271.6428527832031,100.33229064941406,91.53085327148438,81.41871643066406,411.5,93.63542938232422,31.610000610351562
2026-05-20,737.5138549804688,711.6256103515625,278.47869873046875,102.00581359863281,92.15015411376953,82.29154968261719,417.3999938964844,94.82453918457031,30.8799991607666
2026-05-21,738.9764404296875,712.9827270507812,281.0856628417969,102.56693267822266,92.20914459228516,82.59557342529297,416.989990234375,95.00143432617188,30.700000762939453
2026-05-22,741.8817749023438,716.0062255859375,283.70257568359375,102.3602066040039,92.28778076171875,83.04670715332031,413.82000732421875,95.0997085571289,30.540000915527344
2026-05-26,746.8068237304688,728.718994140625,289.0658264160156,103.4922866821289,92.6810073852539,83.45860290527344,414.0,95.54193878173828,30.030000686645508
2026-05-27,746.677490234375,727.8907470703125,288.9264831542969,103.13789367675781,92.72032165527344,83.65475463867188,408.489990234375,95.24711608886719,29.489999771118164
2026-05-28,750.7965698242188,734.0276489257812,290.5782775878906,103.05914306640625,92.93659973144531,84.08625030517578,412.7699890136719,94.88351440429688,29.719999313354492
2026-05-29,752.6671142578125,736.7318115234375,288.9862060546875,103.16743469238281,93.04473114013672,84.10588073730469,417.1199951171875,94.04817199707031,29.479999542236328
2026-06-01,754.7167358398438,741.15234375,287.5434265136719,102.81304168701172,92.88395690917969,84.15116882324219,411.260009765625,92.4659652709961,29.989999771118164
2026-06-02,755.7415771484375,744.5650024414062,290.2100830078125,103.38399505615234,92.9530029296875,84.3283920288086,411.95001220703125,92.88854217529297,30.1200008392334
2026-06-03,750.4384155273438,742.6192626953125,286.2399597167969,102.4980239868164,92.71627807617188,83.9936294555664,407.8699951171875,92.78044891357422,30.290000915527344
2026-06-04,753.2740478515625,739.0269165039062,290.558349609375,103.3150863647461,92.83464050292969,84.18069458007812,411.2699890136719,94.44127655029297,29.8799991607666
2026-06-05,733.83251953125,703.5528564453125,280.2498474121094,100.66699981689453,92.34146881103516,83.74748992919922,396.239990234375,95.11936950683594,29.229999542236328
2026-06-08,735.4940795898438,714.5394287109375,282.6976318359375,101.27733612060547,92.24282836914062,83.31427764892578,397.2699890136719,93.8221435546875,29.469999313354492
2026-06-09,733.3350219726562,706.3170166015625,283.60308837890625,101.29702758789062,92.49927520751953,83.80656433105469,390.7799987792969,95.98417663574219,29.06999969482422
2026-06-10,721.7736206054688,692.2072143554688,280.6478271484375,99.98774719238281,92.41051483154297,83.57026672363281,374.5799865722656,95.99400329589844,29.170000076293945
2026-06-11,734.04150390625,715.587158203125,288.96630859375,103.09852600097656,93.05162811279297,84.65330505371094,386.32000732421875,95.92521667480469,28.850000381469727
2026-06-12,738.0113525390625,719.7981567382812,291.4936828613281,103.38399505615234,92.89381408691406,84.44652557373047,386.5400085449219,96.80967712402344,28.549999237060547
2026-06-15,751.0254516601562,742.40966796875,293.87249755859375,104.08000183105469,92.99244689941406,84.39730834960938,396.54998779296875,96.13158416748047,28.219999313354492
2026-06-16,746.5481567382812,728.2998657226562,291.3191223144531,104.30999755859375,93.22917175292969,84.86005401611328,397.6300048828125,96.36743927001953,27.899999618530273
2026-06-17,737.225341796875,720.9656372070312,289.1248779296875,103.77999877929688,92.73600006103516,84.99789428710938,388.6000061035156,93.95973205566406,27.709999084472656
2026-06-18,744.8902587890625,739.0369262695312,294.82000732421875,104.41000366210938,93.07135772705078,85.41141510009766,387.1199951171875,93.91059112548828,27.6299991607666
2026-06-22,742.546142578125,737.1818237304688,297.40325927734375,104.58000183105469,92.71627807617188,84.76158905029297,384.5899963378906,94.92281341552734,27.40999984741211
2026-06-23,731.7628784179688,712.9071655273438,294.55072021484375,102.45999908447266,92.83464050292969,84.8698959350586,377.32000732421875,96.17089080810547,27.1200008392334
2026-06-24,731.4237060546875,709.8803100585938,295.9171447753906,102.26000213623047,93.43630981445312,86.03168487548828,365.9200134277344,96.17585754394531,26.450000762939453
2026-06-25,732.4810791015625,715.63427734375,298.13134765625,103.1500015258789,93.49549102783203,86.00215911865234,369.4599914550781,96.35430908203125,26.93000030517578
2026-06-26,727.1842651367188,705.7846069335938,299.0489501953125,102.54000091552734,93.73220825195312,86.01200103759766,373.6300048828125,97.82157897949219,26.56999969482422
2026-06-29,739.1644897460938,723.3262939453125,298.1911926269531,103.44999694824219,93.76179504394531,86.1006088256836,368.5799865722656,97.3060531616211,26.559999465942383
2026-06-30,744.9202270507812,735.6334838867188,299.6673583984375,103.87999725341797,93.27848815917969,85.08650207519531,368.3800048828125,95.60083770751953,26.65999984741211
2026-07-01,743.9127197265625,724.4151000976562,298.540283203125,103.0199966430664,93.05186462402344,84.51136779785156,370.6000061035156,95.98748779296875,26.450000762939453
2026-07-02,742.9351806640625,711.8582153320312,296.8048095703125,104.37000274658203,93.14093780517578,84.5014877319336,378.1300048828125,97.17716217041016,26.56999969482422
2026-07-06,749.4190673828125,722.067626953125,298.1213684082031,105.45999908447266,93.20030975341797,84.44219207763672,382.1300048828125,96.40386962890625,27.0
2026-07-07,745.85791015625,708.6915283203125,295.4184265136719,104.16000366210938,92.72530364990234,83.55281066894531,377.489990234375,97.55390167236328,27.350000381469727
2026-07-08,743.5536499023438,710.699462890625,292.71551513671875,103.36000061035156,92.53728485107422,83.36505126953125,374.45001220703125,95.96765899658203,27.799999237060547
2026-07-09,749.8480224609375,722.5271606445312,296.4656982421875,103.91999816894531,92.7352066040039,83.4935073852539,378.17999267578125,96.25516510009766,27.579999923706055
2026-07-10,753.0799560546875,724.7548217773438,295.21893310546875,104.33000183105469,92.6560287475586,83.4737548828125,377.010009765625,96.48318481445312,27.520000457763672
2026-07-13,747.3142700195312,710.9990844726562,292.71551513671875,103.23999786376953,92.31957244873047,82.97965240478516,367.1300048828125,96.98880767822266,28.329999923706055
2026-07-14,749.9677124023438,718.9408569335938,293.7428283691406,103.95999908447266,92.57687377929688,83.0883560180664,372.1499938964844,96.73104095458984,28.6299991607666
2026-07-15,752.9403076171875,716.9928588867188,294.99951171875,104.6500015258789,92.80447387695312,83.24646759033203,372.3500061035156,97.01854705810547,28.790000915527344
2026-07-16,748.8604125976562,705.2051391601562,294.82000732421875,103.80999755859375,92.7450942993164,83.2168197631836,364.9599914550781,99.20954132080078,28.459999084472656
2026-07-17,741.4487915039062,694.606201171875,293.2740478515625,103.33000183105469,92.86384582519531,83.52316284179688,368.4100036621094,99.15996551513672,28.979999542236328
2026-07-20,740.2518310546875,695.33544921875,291.5485534667969,102.56999969482422,92.56696319580078,82.90058898925781,367.6000061035156,98.62461853027344,29.139999389648438
2026-07-21,746.426513671875,708.2319946289062,295.7675476074219,104.05999755859375,92.33936309814453,82.67330932617188,374.80999755859375,98.66426849365234,29.56999969482422
2026-07-22,745.55859375,704.61572265625,293.0246887207031,104.25,92.13153839111328,82.45589447021484,379.1199951171875,98.16856384277344,29.860000610351562
2026-07-23,736.3515014648438,691.23974609375,291.3291015625,102.9000015258789,91.88414764404297,82.18907928466797,371.5199890136719,97.8414077758789,30.309999465942383
2026-07-24,737.099609375,683.5177612304688,290.4115295410156,103.41000366210938,92.0622787475586,82.26813507080078,371.8999938964844,99.94317626953125,30.100000381469727
2026-07-27,737.25927734375,681.4099731445312,292.14697265625,103.91000366210938,92.3096694946289,82.76223754882812,374.6300048828125,99.67549896240234,29.010000228881836
2026-07-28,739.0248413085938,674.786865234375,292.60577392578125,103.88999938964844,92.58676147460938,83.24646759033203,369.3699951171875,100.08197021484375,28.600000381469727
2026-07-29,727.6531372070312,661.0411376953125,287.81829833984375,103.37000274658203,92.20081329345703,81.87285614013672,371.0799865722656,99.79447174072266,29.420000076293945
2026-07-30,739.852783203125,682.8384399414062,291.82781982421875,106.23999786376953,92.24040222167969,81.82344818115234,377.1600036621094,98.63452911376953,29.31999969482422
2026-07-31,745.1796264648438,687.2738647460938,290.4414367675781,105.58000183105469,91.98310089111328,81.2799301147461,371.5400085449219,98.09916687011719,29.450000762939453
2026-08-03,755.793212890625,699.34130859375,295.4483642578125,106.0199966430664,92.16979217529297,81.5478286743164,371.7099914550781,98.2181396484375,28.8799991607666
2026-08-04,769.4193725585938,723.0964965820312,300.9240417480469,107.31999969482422,92.5967788696289,82.17289733886719,374.1600036621094,98.06942749023438,28.309999465942383
2026-08-05,767.8831787109375,716.5533447265625,298.9891052246094,107.43000030517578,92.65635681152344,82.35150146484375,389.6400146484375,98.06942749023438,28.479999542236328
2026-08-06,766.65625,713.9061279296875,297.47308349609375,107.36000061035156,92.29887390136719,81.875244140625,389.6700134277344,97.1969985961914,28.860000610351562
2026-08-07,771.3446044921875,722.2774047851562,300.7744445800781,108.55000305175781,92.517333984375,82.11337280273438,398.4700012207031,97.5836410522461,28.90999984741211
2026-08-10,771.1151733398438,720.11962890625,299.1985778808594,108.01000213623047,92.11021423339844,81.41883850097656,402.5400085449219,96.27499389648438,29.93000030517578
2026-08-11,768.6513061523438,717.7021484375,300.2059326171875,108.08999633789062,92.21944427490234,81.5478286743164,400.9599914550781,95.55126953125,29.969999313354492
2026-08-12,770.5764770507812,722.9467163085938,301.92144775390625,108.5,92.30880737304688,81.46845245361328,404.9200134277344,96.47327423095703,30.110000610351562
2026-08-13,775.9531860351562,731.3079833984375,302.7093811035156,108.69000244140625,92.64643096923828,81.94469451904297,398.9599914550781,97.73235321044922,29.780000686645508
2026-08-14,774.4169921875,730.3090209960938,304.2952575683594,108.63999938964844,92.38824462890625,81.39900207519531,401.4800109863281,97.9802017211914,30.0
2026-08-17,770.7560424804688,729.1102294921875,303.2679443359375,108.44999694824219,92.18965148925781,80.71438598632812,405.489990234375,97.13751220703125,30.559999465942383
2026-08-18,765.5490112304688,716.7631225585938,299.44793701171875,107.2699966430664,92.27902221679688,81.02196502685547,398.54998779296875,96.78060913085938,30.479999542236328
2026-08-19,767.1549682617188,715.3345947265625,300.93402099609375,107.66000366210938,92.72586059570312,82.371337890625,413.8399963378906,97.76209259033203,30.760000228881836
2026-08-20,760.7109985351562,710.18994140625,296.89459228515625,107.3499984741211,92.34852600097656,81.6966552734375,415.260009765625,97.75218200683594,31.110000610351562
2026-08-21,763.8232421875,712.6973876953125,299.1786193847656,108.23999786376953,92.16979217529297,81.40892028808594,423.3599853515625,97.65303802490234,31.260000228881836
2026-08-24,761.5787963867188,705.5847778320312,297.19378662109375,108.02999877929688,92.35845947265625,81.91493225097656,426.69000244140625,98.24787902832031,30.940000534057617
2026-08-25,764.0127563476562,709.9801635742188,298.4505310058594,108.80999755859375,92.8549575805664,82.81782531738281,428.07000732421875,98.39659118652344,30.43000030517578
2026-08-26,764.182373046875,710.6295166015625,298.15130615234375,108.2699966430664,92.6662826538086,82.64915466308594,421.32000732421875,97.76209259033203,30.5
2026-08-27,769.18994140625,720.359375,299.02899169921875,108.0199966430664,92.57691955566406,82.48047637939453,422.6000061035156,96.81034851074219,30.860000610351562
2026-08-28,767.4442749023438,715.6842651367188,294.9795837402344,107.72000122070312,92.19957733154297,82.23242950439453,408.8900146484375,96.40386962890625,30.790000915527344
2026-08-31,765.1499633789062,716.013916015625,293.164306640625,107.44999694824219,92.0903549194336,81.875244140625,408.4200134277344,95.61075592041016,31.299999237060547
2026-09-01,759.89306640625,706.9033813476562,289.8130798339844,106.48999786376953,91.78340911865234,81.54159545898438,396.75,95.47196197509766,31.93000030517578
2026-09-02,763.2646484375,708.501708984375,293.2441101074219,107.05999755859375,91.8631362915039,81.62126922607422,402.7799987792969,94.95642852783203,31.93000030517578
2026-09-03,771.2548217773438,716.9229125976562,294.4210510253906,108.20999908447266,91.9627914428711,81.74079132080078,410.2200012207031,95.82886505126953,31.959999084472656
2026-09-04,768.2822265625,718.2116088867188,295.2389221191406,108.3499984741211,91.93289184570312,81.8802261352539,406.7699890136719,95.1943588256836,31.899999618530273
2026-09-08,764.0626831054688,717.6122436523438,293.90240478515625,107.76000213623047,91.84320831298828,81.8702621459961,399.7200012207031,95.10514068603516,32.400001525878906
2026-09-09,760.5115356445312,715.5643920898438,289.8829040527344,106.55999755859375,91.58409881591797,81.40216064453125,403.3500061035156,94.1236572265625,32.849998474121094
2026-09-10,755.9528198242188,707.9523315429688,286.9505615234375,105.66000366210938,90.86656951904297,80.45596313476562,396.3599853515625,93.31070709228516,33.619998931884766
2026-09-11,762.3967895507812,714.1358642578125,288.1374816894531,106.69999694824219,90.69715881347656,80.54560852050781,398.7699890136719,93.98485565185547,33.15999984741211
2026-09-14,758.9952392578125,708.4417724609375,287.1600036621094,105.8499984741211,90.617431640625,80.60536193847656,392.8399963378906,93.5188980102539,33.150001525878906
2026-09-15,755.513916015625,703.8065795898438,285.1400146484375,105.4000015258789,90.5078125,80.38624572753906,394.1499938964844,93.2908706665039,33.68000030517578
2026-09-16,752.1821899414062,703.9863891601562,283.9200134277344,105.0199966430664,90.41812133789062,80.55555725097656,391.739990234375,92.67620849609375,33.15999984741211
2026-09-17,760.7109985351562,716.1737060546875,285.42999267578125,106.04000091552734,90.93633270263672,81.45195007324219,398.3599853515625,93.00336456298828,33.04999923706055
2026-09-18,761.6900024414062,720.6990356445312,284.1000061035156,104.97000122070312,90.48788452148438,80.92407989501953,401.1700134277344,92.11111450195312,32.93000030517578
2026-09-21,773.5,741.469970703125,285.5799865722656,106.12999725341797,90.83667755126953,81.47187805175781,398.3800048828125,93.00336456298828,32.58000183105469
2026-09-22,773.3800048828125,747.4600219726562,287.2099914550781,106.5,90.84664154052734,81.42207336425781,400.07000732421875,92.81500244140625,32.439998626708984
2026-09-23,767.8099975585938,741.2100219726562,281.9200134277344,104.80000305175781,89.87997436523438,80.13724517822266,392.8800048828125,91.44999694824219,32.880001068115234
2026-09-24,767.1799926757812,741.0999755859375,281.6600036621094,104.5,89.38169860839844,79.1014175415039,391.69000244140625,91.16999816894531,33.18000030517578
2026-09-25,771.3499755859375,744.5,281.9700012207031,105.55999755859375,89.69062805175781,79.00182342529297,393.4100036621094,90.98999786376953,32.619998931884766
2026-09-28,765.6099853515625,736.530029296875,280.0199890136719,105.04000091552734,89.22224426269531,78.30463409423828,377.9100036621094,90.58999633789062,32.4900016784668
2026-09-29,764.2000122070312,737.9299926757812,279.010009765625,104.54000091552734,89.14251708984375,77.91619873046875,382.8900146484375,90.52999877929688,32.0
2026-09-30,762.6300048828125,739.77001953125,277.8900146484375,103.88999938964844,89.00299835205078,77.4679946899414,380.8399963378906,89.62999725341797,32.31999969482422
2026-10-01,763.989990234375,742.030029296875,279.0199890136719,102.81999969482422,89.30000305175781,77.70999908447266,382.760009765625,89.16999816894531,32.75
2026-10-02,769.6400146484375,749.5800170898438,281.5199890136719,103.95999908447266,89.05000305175781,77.4800033569336,380.1400146484375,89.5,32.540000915527344
